timestamp [ms];ecg [uV]
0.0;-171
7.7;-267
15.4;-228
23.1;-255
30.8;-224
38.5;-255
46.2;-243
53.8;-276
61.5;-283
69.2;-287
76.9;-279
84.6;-309
92.3;-298
100.0;-306
107.7;-313
115.4;-311
123.1;-326
130.8;-297
138.5;-300
146.2;-263
153.8;-279
161.5;-255
169.2;-266
176.9;-239
184.6;-257
192.3;-251
200.0;-246
207.7;-249
215.4;-247
223.1;-279
230.8;-277
238.5;-292
246.2;-266
253.8;-281
261.5;-254
269.2;-242
276.9;-166
284.6;-76
292.3;194
300.0;569
307.7;950
315.4;1215
323.1;1061
330.8;493
338.5;42
346.2;-106
353.8;-173
361.5;-193
369.2;-265
376.9;-281
384.6;-320
392.3;-339
400.0;-363
407.7;-390
415.4;-406
423.1;-435
430.8;-434
438.5;-463
446.2;-427
453.8;-453
461.5;-421
469.2;-449
476.9;-429
484.6;-441
492.3;-423
500.0;-403
507.7;-391
515.4;-370
523.1;-368
530.8;-318
538.5;-270
546.2;-209
553.8;-209
561.5;-174
569.2;-208
576.9;-200
584.6;-231
592.3;-238
600.0;-261
607.7;-269
615.4;-275
623.1;-300
630.8;-290
638.5;-307
646.2;-290
653.8;-309
661.5;-282
669.2;-301
676.9;-283
684.6;-290
692.3;-259
700.0;-232
707.7;-208
715.4;-199
723.1;-217
730.8;-175
738.5;-193
746.2;-165
753.8;-181
761.5;-165
769.2;-182
776.9;-188
784.6;-213
792.3;-209
800.0;-222
807.7;-232
815.4;-218
823.1;-256
830.8;-244
838.5;-257
846.2;-230
853.8;-255
861.5;-255
869.2;-270
876.9;-268
884.6;-277
892.3;-262
900.0;-203
907.7;-138
915.4;-42
923.1;183
930.8;568
938.5;950
946.2;1306
953.8;1256
961.5;677
969.2;62
976.9;-193
984.6;-236
992.3;-261
1000.0;-321
1007.7;-337
1015.4;-346
1023.1;-379
1030.8;-368
1038.5;-407
1046.2;-399
1053.8;-419
1061.5;-383
1069.2;-385
1076.9;-378
1084.6;-385
1092.3;-356
1100.0;-365
1107.7;-376
1115.4;-366
1123.1;-388
1130.8;-377
1138.5;-399
1146.2;-374
1153.8;-382
1161.5;-334
1169.2;-315
1176.9;-266
1184.6;-251
1192.3;-234
1200.0;-251
1207.7;-249
1215.4;-267
1223.1;-286
1230.8;-272
1238.5;-288
1246.2;-275
1253.8;-303
1261.5;-272
1269.2;-288
1276.9;-269
1284.6;-286
1292.3;-263
1300.0;-269
1307.7;-269
1315.4;-269
1323.1;-276
1330.8;-245
1338.5;-266
1346.2;-239
1353.8;-272
1361.5;-253
1369.2;-268
1376.9;-270
1384.6;-303
1392.3;-291
1400.0;-279
1407.7;-277
1415.4;-280
1423.1;-286
1430.8;-265
1438.5;-281
1446.2;-273
1453.8;-290
1461.5;-271
1469.2;-268
1476.9;-216
1484.6;-238
1492.3;-216
1500.0;-206
1507.7;-210
1515.4;-214
1523.1;-221
1530.8;-202
1538.5;-241
1546.2;-222
1553.8;-260
1561.5;-221
1569.2;-232
1576.9;-197
1584.6;-213
1592.3;-218
1600.0;-210
1607.7;-213
1615.4;-183
1623.1;-136
1630.8;-3
1638.5;237
1646.2;669
1653.8;1053
1661.5;1384
1669.2;1302
1676.9;708
1684.6;88
1692.3;-198
1700.0;-224
1707.7;-262
1715.4;-296
1723.1;-350
1730.8;-355
1738.5;-400
1746.2;-394
1753.8;-435
1761.5;-421
1769.2;-429
1776.9;-427
1784.6;-443
1792.3;-448
1800.0;-444
1807.7;-445
1815.4;-434
1823.1;-444
1830.8;-419
1838.5;-454
1846.2;-441
1853.8;-457
1861.5;-402
1869.2;-366
1876.9;-324
1884.6;-308
1892.3;-272
1900.0;-264
1907.7;-265
1915.4;-274
1923.1;-290
1930.8;-290
1938.5;-311
1946.2;-293
1953.8;-333
1961.5;-318
1969.2;-329
1976.9;-316
1984.6;-322
1992.3;-300
2000.0;-301
2007.7;-313
2015.4;-295
2023.1;-292
2030.8;-258
2038.5;-274
2046.2;-255
2053.8;-288
2061.5;-269
2069.2;-292
2076.9;-285
2084.6;-308
2092.3;-317
2100.0;-326
2107.7;-342
2115.4;-343
2123.1;-358
2130.8;-343
2138.5;-365
2146.2;-342
2153.8;-363
2161.5;-342
2169.2;-363
2176.9;-297
2184.6;-291
2192.3;-278
2200.0;-278
2207.7;-291
2215.4;-272
2223.1;-276
2230.8;-256
2238.5;-256
2246.2;-162
2253.8;-71
2261.5;256
2269.2;641
2276.9;1018
2284.6;1185
2292.3;797
2300.0;168
2307.7;-134
2315.4;-250
2323.1;-302
2330.8;-361
2338.5;-427
2346.2;-433
2353.8;-443
2361.5;-422
2369.2;-444
2376.9;-432
2384.6;-443
2392.3;-423
2400.0;-420
2407.7;-413
2415.4;-409
2423.1;-409
2430.8;-391
2438.5;-418
2446.2;-417
2453.8;-433
2461.5;-415
2469.2;-443
2476.9;-416
2484.6;-416
2492.3;-392
2500.0;-395
2507.7;-384
2515.4;-366
2523.1;-370
2530.8;-348
2538.5;-379
2546.2;-367
2553.8;-396
2561.5;-373
2569.2;-403
2576.9;-382
2584.6;-400
2592.3;-395
2600.0;-398
2607.7;-401
2615.4;-380
2623.1;-396
2630.8;-375
2638.5;-416
2646.2;-391
2653.8;-401
2661.5;-381
2669.2;-372
2676.9;-346
2684.6;-361
2692.3;-357
2700.0;-362
2707.7;-372
2715.4;-359
2723.1;-378
2730.8;-367
2738.5;-394
2746.2;-376
2753.8;-397
2761.5;-376
2769.2;-404
2776.9;-377
2784.6;-383
2792.3;-373
2800.0;-402
2807.7;-381
2815.4;-329
2823.1;-284
2830.8;-192
2838.5;-35
2846.2;332
2853.8;722
2861.5;1123
2869.2;1179
2876.9;673
2884.6;62
2892.3;-197
2900.0;-276
2907.7;-327
2915.4;-396
2923.1;-436
2930.8;-439
2938.5;-471
2946.2;-460
2953.8;-496
2961.5;-483
2969.2;-498
2976.9;-471
2984.6;-482
2992.3;-465
3000.0;-478
3007.7;-483
3015.4;-466
3023.1;-490
3030.8;-448
3038.5;-457
3046.2;-430
3053.8;-442
3061.5;-401
3069.2;-403
3076.9;-376
3084.6;-358
3092.3;-350
3100.0;-341
3107.7;-346
3115.4;-349
3123.1;-381
3130.8;-381
3138.5;-400
3146.2;-384
3153.8;-413
3161.5;-394
3169.2;-409
3176.9;-395
3184.6;-401
3192.3;-385
3200.0;-396
3207.7;-394
3215.4;-378
3223.1;-374
3230.8;-356
3238.5;-367
3246.2;-333
3253.8;-342
3261.5;-314
3269.2;-348
3276.9;-315
3284.6;-338
3292.3;-315
3300.0;-315
3307.7;-329
3315.4;-321
3323.1;-338
3330.8;-323
3338.5;-347
3346.2;-317
3353.8;-345
3361.5;-311
3369.2;-323
3376.9;-294
3384.6;-303
3392.3;-287
3400.0;-293
3407.7;-301
3415.4;-305
3423.1;-321
3430.8;-282
3438.5;-289
3446.2;-274
3453.8;-324
3461.5;-327
3469.2;-359
3476.9;-346
3484.6;-357
3492.3;-344
3500.0;-348
3507.7;-345
3515.4;-320
3523.1;-317
3530.8;-281
3538.5;-305
3546.2;-277
3553.8;-288
3561.5;-271
3569.2;-284
3576.9;-263
3584.6;-248
3592.3;-213
3600.0;-166
3607.7;-115
3615.4;31
3623.1;398
3630.8;842
3638.5;1195
3646.2;1294
3653.8;712
3661.5;45
3669.2;-320
3676.9;-291
3684.6;-313
3692.3;-340
3700.0;-363
3707.7;-395
3715.4;-378
3723.1;-417
3730.8;-394
3738.5;-391
3746.2;-351
3753.8;-369
3761.5;-340
3769.2;-372
3776.9;-357
3784.6;-363
3792.3;-361
3800.0;-368
3807.7;-382
3815.4;-380
3823.1;-388
3830.8;-361
3838.5;-374
3846.2;-344
3853.8;-350
3861.5;-284
3869.2;-284
3876.9;-251
3884.6;-262
3892.3;-247
3900.0;-254
3907.7;-270
3915.4;-266
3923.1;-289
3930.8;-286
3938.5;-317
3946.2;-287
3953.8;-311
3961.5;-285
3969.2;-312
3976.9;-303
3984.6;-317
3992.3;-312
4000.0;-317
4007.7;-302
4015.4;-288
4023.1;-286
4030.8;-246
4038.5;-258
4046.2;-232
4053.8;-260
4061.5;-234
4069.2;-265
4076.9;-249
4084.6;-265
4092.3;-258
4100.0;-254
4107.7;-265
4115.4;-279
4123.1;-306
4130.8;-302
4138.5;-313
4146.2;-299
4153.8;-325
4161.5;-310
4169.2;-339
4176.9;-331
4184.6;-322
4192.3;-308
4200.0;-314
4207.7;-308
4215.4;-269
4223.1;-269
4230.8;-258
4238.5;-271
4246.2;-196
4253.8;-112
4261.5;169
4269.2;599
4276.9;1088
4284.6;1426
4292.3;1305
4300.0;552
4307.7;-73
4315.4;-261
4323.1;-290
4330.8;-324
4338.5;-395
4346.2;-395
4353.8;-420
4361.5;-396
4369.2;-418
4376.9;-394
4384.6;-406
4392.3;-401
4400.0;-403
4407.7;-405
4415.4;-413
4423.1;-426
4430.8;-390
4438.5;-392
4446.2;-356
4453.8;-387
4461.5;-362
4469.2;-375
4476.9;-345
4484.6;-359
4492.3;-329
4500.0;-300
4507.7;-296
4515.4;-298
4523.1;-319
4530.8;-310
4538.5;-353
4546.2;-344
4553.8;-380
4561.5;-368
4569.2;-400
4576.9;-375
4584.6;-390
4592.3;-374
4600.0;-364
4607.7;-344
4615.4;-329
4623.1;-337
4630.8;-318
4638.5;-319
4646.2;-295
4653.8;-311
4661.5;-302
4669.2;-313
4676.9;-298
4684.6;-323
4692.3;-327
4700.0;-340
4707.7;-347
4715.4;-327
4723.1;-335
4730.8;-321
4738.5;-354
4746.2;-330
4753.8;-349
4761.5;-269
4769.2;-208
4776.9;-56
4784.6;199
4792.3;599
4800.0;1018
4807.7;1209
4815.4;852
4823.1;225
4830.8;-110
4838.5;-269
4846.2;-294
4853.8;-397
4861.5;-393
4869.2;-437
4876.9;-438
4884.6;-459
4892.3;-453
4900.0;-463
4907.7;-469
4915.4;-463
4923.1;-462
4930.8;-451
4938.5;-450
4946.2;-378
4953.8;-370
4961.5;-342
4969.2;-336
4976.9;-287
4984.6;-309
4992.3;-290
5000.0;-292
5007.7;-280
5015.4;-264
5023.1;-269
5030.8;-253
5038.5;-303
5046.2;-296
5053.8;-347
5061.5;-355
5069.2;-394
5076.9;-385
5084.6;-402
5092.3;-408
5100.0;-414
5107.7;-409
5115.4;-406
5123.1;-426
5130.8;-387
5138.5;-393
5146.2;-370
5153.8;-380
5161.5;-371
5169.2;-394
5176.9;-386
5184.6;-397
5192.3;-385
5200.0;-405
5207.7;-401
5215.4;-402
5223.1;-403
5230.8;-385
5238.5;-403
5246.2;-372
5253.8;-392
5261.5;-353
5269.2;-383
5276.9;-366
5284.6;-370
5292.3;-350
5300.0;-362
5307.7;-368
5315.4;-372
5323.1;-396
5330.8;-351
5338.5;-325
5346.2;-294
5353.8;-328
5361.5;-310
5369.2;-342
5376.9;-343
5384.6;-354
5392.3;-335
5400.0;-349
5407.7;-353
5415.4;-325
5423.1;-329
5430.8;-305
5438.5;-335
5446.2;-295
5453.8;-340
5461.5;-317
5469.2;-350
5476.9;-342
5484.6;-364
5492.3;-357
5500.0;-351
5507.7;-367
5515.4;-352
5523.1;-372
5530.8;-359
5538.5;-390
5546.2;-354
5553.8;-347
5561.5;-284
5569.2;-272
5576.9;-221
5584.6;-154
5592.3;-28
5600.0;242
5607.7;623
5615.4;1014
5623.1;1286
5630.8;1107
5638.5;410
5646.2;-62
5653.8;-261
5661.5;-258
5669.2;-330
5676.9;-366
5684.6;-399
5692.3;-415
5700.0;-434
5707.7;-454
5715.4;-448
5723.1;-466
5730.8;-424
5738.5;-423
5746.2;-398
5753.8;-369
5761.5;-316
5769.2;-318
5776.9;-266
5784.6;-277
5792.3;-266
5800.0;-272
5807.7;-274
5815.4;-277
5823.1;-270
5830.8;-249
5838.5;-275
5846.2;-256
5853.8;-262
5861.5;-256
5869.2;-281
5876.9;-288
5884.6;-312
5892.3;-280
5900.0;-270
5907.7;-272
5915.4;-268
5923.1;-287
5930.8;-282
5938.5;-312
5946.2;-286
5953.8;-286
5961.5;-270
5969.2;-280
5976.9;-275
5984.6;-301
5992.3;-294
6000.0;-301
6007.7;-303
6015.4;-307
6023.1;-310
6030.8;-290
6038.5;-305
6046.2;-282
6053.8;-283
6061.5;-242
6069.2;-257
6076.9;-213
6084.6;-219
6092.3;-222
6100.0;-245
6107.7;-253
6115.4;-225
6123.1;-212
6130.8;-197
6138.5;-221
6146.2;-207
6153.8;-241
6161.5;-227
6169.2;-254
6176.9;-241
6184.6;-267
6192.3;-258
6200.0;-268
6207.7;-284
6215.4;-260
6223.1;-259
6230.8;-234
6238.5;-244
6246.2;-197
6253.8;-209
6261.5;-176
6269.2;-148
6276.9;-13
6284.6;247
6292.3;674
6300.0;1128
6307.7;1466
6315.4;1333
6323.1;623
6330.8;16
6338.5;-259
6346.2;-238
6353.8;-286
6361.5;-317
6369.2;-352
6376.9;-343
6384.6;-356
6392.3;-334
6400.0;-344
6407.7;-358
6415.4;-338
6423.1;-346
6430.8;-331
6438.5;-363
6446.2;-338
6453.8;-352
6461.5;-335
6469.2;-354
6476.9;-332
6484.6;-351
6492.3;-342
6500.0;-325
6507.7;-301
6515.4;-279
6523.1;-283
6530.8;-258
6538.5;-258
6546.2;-226
6553.8;-248
6561.5;-214
6569.2;-253
6576.9;-260
6584.6;-276
6592.3;-290
6600.0;-306
6607.7;-333
6615.4;-334
6623.1;-357
6630.8;-348
6638.5;-372
6646.2;-357
6653.8;-380
6661.5;-349
6669.2;-372
6676.9;-354
6684.6;-349
6692.3;-331
6700.0;-316
6707.7;-291
6715.4;-262
6723.1;-240
6730.8;-219
6738.5;-229
6746.2;-211
6753.8;-231
6761.5;-224
6769.2;-282
6776.9;-270
6784.6;-283
6792.3;-265
6800.0;-248
6807.7;-185
6815.4;-69
6823.1;192
6830.8;560
6838.5;933
6846.2;1233
6853.8;1132
6861.5;606
6869.2;98
6876.9;-114
6884.6;-190
6892.3;-205
6900.0;-264
6907.7;-286
6915.4;-304
6923.1;-335
6930.8;-342
6938.5;-398
6946.2;-393
6953.8;-421
6961.5;-409
6969.2;-436
6976.9;-424
6984.6;-433
6992.3;-416
7000.0;-421
7007.7;-415
7015.4;-384
7023.1;-382
7030.8;-355
7038.5;-347
7046.2;-263
7053.8;-252
7061.5;-189
7069.2;-179
7076.9;-140
7084.6;-154
7092.3;-163
7100.0;-190
7107.7;-227
7115.4;-264
7123.1;-305
7130.8;-307
7138.5;-353
7146.2;-355
7153.8;-372
7161.5;-356
7169.2;-387
7176.9;-380
7184.6;-412
7192.3;-397
7200.0;-406
7207.7;-394
7215.4;-384
7223.1;-355
7230.8;-301
7238.5;-296
7246.2;-266
7253.8;-279
7261.5;-239
7269.2;-272
7276.9;-253
7284.6;-283
7292.3;-282
7300.0;-299
7307.7;-314
7315.4;-317
7323.1;-330
7330.8;-318
7338.5;-337
7346.2;-318
7353.8;-351
7361.5;-316
7369.2;-330
7376.9;-304
7384.6;-325
7392.3;-320
7400.0;-337
7407.7;-333
7415.4;-322
7423.1;-308
7430.8;-258
7438.5;-269
7446.2;-219
7453.8;-262
7461.5;-255
7469.2;-277
7476.9;-274
7484.6;-305
7492.3;-311
7500.0;-324
7507.7;-326
7515.4;-321
7523.1;-343
7530.8;-329
7538.5;-349
7546.2;-322
7553.8;-327
7561.5;-291
7569.2;-306
7576.9;-290
7584.6;-292
7592.3;-282
7600.0;-295
7607.7;-289
7615.4;-265
7623.1;-265
7630.8;-245
7638.5;-264
7646.2;-254
7653.8;-291
7661.5;-278
7669.2;-304
7676.9;-309
7684.6;-342
7692.3;-325
7700.0;-348
7707.7;-349
7715.4;-334
7723.1;-342
7730.8;-320
7738.5;-342
7746.2;-307
7753.8;-322
7761.5;-274
7769.2;-294
7776.9;-270
7784.6;-289
7792.3;-278
7800.0;-279
7807.7;-269
7815.4;-235
7823.1;-248
7830.8;-245
7838.5;-263
7846.2;-241
7853.8;-264
7861.5;-242
7869.2;-251
7876.9;-200
7884.6;-152
7892.3;15
7900.0;336
7907.7;723
7915.4;1122
7923.1;1328
7930.8;940
7938.5;258
7946.2;-101
7953.8;-217
7961.5;-202
7969.2;-277
7976.9;-276
7984.6;-326
7992.3;-334
8000.0;-363
8007.7;-383
8015.4;-391
8023.1;-398
8030.8;-391
8038.5;-407
8046.2;-384
8053.8;-399
8061.5;-365
8069.2;-374
8076.9;-345
8084.6;-343
8092.3;-303
8100.0;-309
8107.7;-279
8115.4;-248
8123.1;-206
8130.8;-184
8138.5;-225
8146.2;-185
8153.8;-219
8161.5;-204
8169.2;-248
8176.9;-248
8184.6;-277
8192.3;-290
8200.0;-309
8207.7;-324
8215.4;-331
8223.1;-325
8230.8;-308
8238.5;-325
8246.2;-305
8253.8;-311
8261.5;-277
8269.2;-253
8276.9;-234
8284.6;-271
8292.3;-260
8300.0;-272
8307.7;-267
8315.4;-276
8323.1;-287
8330.8;-293
8338.5;-293
8346.2;-280
8353.8;-313
8361.5;-285
8369.2;-315
8376.9;-291
8384.6;-294
8392.3;-285
8400.0;-291
8407.7;-292
8415.4;-245
8423.1;-215
8430.8;-193
8438.5;-220
8446.2;-199
8453.8;-231
8461.5;-222
8469.2;-246
8476.9;-222
8484.6;-260
8492.3;-241
8500.0;-251
8507.7;-263
8515.4;-223
8523.1;-164
8530.8;-57
8538.5;44
8546.2;82
8553.8;-48
8561.5;-447
8569.2;-702
8576.9;-602
8584.6;-614
8592.3;-630
8600.0;-653
8607.7;-627
8615.4;-669
8623.1;-676
8630.8;-534
8638.5;-373
8646.2;-238
8653.8;-190
8661.5;-134
8669.2;-142
8676.9;-72
8684.6;-67
8692.3;-17
8700.0;21
8707.7;66
8715.4;131
8723.1;196
8730.8;286
8738.5;341
8746.2;425
8753.8;464
8761.5;489
8769.2;441
8776.9;421
8784.6;301
8792.3;231
8800.0;156
8807.7;69
8815.4;-9
8823.1;-95
8830.8;-133
8838.5;-204
8846.2;-219
8853.8;-280
8861.5;-293
8869.2;-335
8876.9;-313
8884.6;-325
8892.3;-316
8900.0;-305
8907.7;-287
8915.4;-267
8923.1;-291
8930.8;-263
8938.5;-283
8946.2;-291
8953.8;-314
8961.5;-299
8969.2;-333
8976.9;-324
8984.6;-353
8992.3;-348
9000.0;-366
9007.7;-379
9015.4;-380
9023.1;-390
9030.8;-364
9038.5;-389
9046.2;-370
9053.8;-388
9061.5;-357
9069.2;-371
9076.9;-347
9084.6;-359
9092.3;-356
9100.0;-362
9107.7;-356
9115.4;-345
9123.1;-347
9130.8;-347
9138.5;-362
9146.2;-361
9153.8;-372
9161.5;-356
9169.2;-388
9176.9;-361
9184.6;-381
9192.3;-353
9200.0;-372
9207.7;-366
9215.4;-359
9223.1;-368
9230.8;-355
9238.5;-375
9246.2;-353
9253.8;-390
9261.5;-377
9269.2;-407
9276.9;-400
9284.6;-408
9292.3;-346
9300.0;-346
9307.7;-351
9315.4;-338
9323.1;-359
9330.8;-335
9338.5;-370
9346.2;-360
9353.8;-368
9361.5;-325
9369.2;-354
9376.9;-335
9384.6;-359
9392.3;-349
9400.0;-366
9407.7;-371
9415.4;-374
9423.1;-381
9430.8;-388
9438.5;-386
9446.2;-352
9453.8;-343
9461.5;-270
9469.2;-219
9476.9;-90
9484.6;180
9492.3;646
9500.0;1061
9507.7;1346
9515.4;990
9523.1;247
9530.8;-208
9538.5;-343
9546.2;-297
9553.8;-383
9561.5;-401
9569.2;-452
9576.9;-457
9584.6;-493
9592.3;-476
9600.0;-484
9607.7;-480
9615.4;-451
9623.1;-423
9630.8;-402
9638.5;-406
9646.2;-364
9653.8;-396
9661.5;-382
9669.2;-420
9676.9;-386
9684.6;-399
9692.3;-382
9700.0;-396
9707.7;-390
9715.4;-378
9723.1;-381
9730.8;-360
9738.5;-396
9746.2;-383
9753.8;-403
9761.5;-393
9769.2;-411
9776.9;-392
9784.6;-404
9792.3;-403
9800.0;-411
9807.7;-406
9815.4;-384
9823.1;-370
9830.8;-350
9838.5;-359
9846.2;-354
9853.8;-390
9861.5;-367
9869.2;-387
9876.9;-366
9884.6;-383
9892.3;-355
9900.0;-360
9907.7;-351
9915.4;-354
9923.1;-337
9930.8;-309
9938.5;-335
9946.2;-328
9953.8;-375
9961.5;-355
9969.2;-397
9976.9;-388
9984.6;-426
9992.3;-396
10000.0;-344
10007.7;-320
10015.4;-334
10023.1;-336
10030.8;-330
10038.5;-359
10046.2;-356
10053.8;-390
10061.5;-360
10069.2;-391
10076.9;-355
10084.6;-373
10092.3;-350
10100.0;-356
10107.7;-365
10115.4;-369
10123.1;-373
10130.8;-348
10138.5;-363
10146.2;-326
10153.8;-334
10161.5;-300
10169.2;-306
10176.9;-210
10184.6;-130
10192.3;123
10200.0;523
10207.7;958
10215.4;1281
10223.1;1167
10230.8;549
10238.5;-5
10246.2;-212
10253.8;-289
10261.5;-328
10269.2;-410
10276.9;-405
10284.6;-418
10292.3;-408
10300.0;-423
10307.7;-427
10315.4;-425
10323.1;-436
10330.8;-437
10338.5;-455
10346.2;-412
10353.8;-400
10361.5;-351
10369.2;-350
10376.9;-322
10384.6;-337
10392.3;-314
10400.0;-319
10407.7;-298
10415.4;-294
10423.1;-271
10430.8;-248
10438.5;-266
10446.2;-267
10453.8;-322
10461.5;-345
10469.2;-384
10476.9;-369
10484.6;-406
10492.3;-385
10500.0;-388
10507.7;-353
10515.4;-365
10523.1;-381
10530.8;-367
10538.5;-392
10546.2;-368
10553.8;-394
10561.5;-361
10569.2;-376
10576.9;-352
10584.6;-370
10592.3;-367
10600.0;-372
10607.7;-379
10615.4;-375
10623.1;-375
10630.8;-364
10638.5;-383
10646.2;-353
10653.8;-371
10661.5;-352
10669.2;-374
10676.9;-362
10684.6;-363
10692.3;-337
10700.0;-304
10707.7;-202
10715.4;-90
10723.1;157
10730.8;550
10738.5;911
10746.2;1167
10753.8;885
10761.5;266
10769.2;-200
10776.9;-299
10784.6;-324
10792.3;-377
10800.0;-420
10807.7;-433
10815.4;-437
10823.1;-464
10830.8;-448
10838.5;-463
10846.2;-467
10853.8;-489
10861.5;-452
10869.2;-452
10876.9;-409
10884.6;-405
10892.3;-346
10900.0;-321
10907.7;-286
10915.4;-264
10923.1;-252
10930.8;-227
10938.5;-230
10946.2;-206
10953.8;-223
10961.5;-175
10969.2;-188
10976.9;-198
10984.6;-253
10992.3;-267
11000.0;-304
11007.7;-334
11015.4;-360
11023.1;-379
11030.8;-374
11038.5;-385
11046.2;-366
11053.8;-382
11061.5;-347
11069.2;-356
11076.9;-326
11084.6;-343
11092.3;-338
11100.0;-364
11107.7;-363
11115.4;-375
11123.1;-382
11130.8;-360
11138.5;-378
11146.2;-364
11153.8;-384
11161.5;-353
11169.2;-378
11176.9;-350
11184.6;-371
11192.3;-352
11200.0;-351
11207.7;-350
11215.4;-328
11223.1;-310
11230.8;-292
11238.5;-305
11246.2;-263
11253.8;-302
11261.5;-278
11269.2;-311
11276.9;-299
11284.6;-316
11292.3;-305
11300.0;-325
11307.7;-338
11315.4;-335
11323.1;-347
11330.8;-336
11338.5;-356
11346.2;-329
11353.8;-348
11361.5;-297
11369.2;-328
11376.9;-305
11384.6;-305
11392.3;-259
11400.0;-282
11407.7;-289
11415.4;-286
11423.1;-283
11430.8;-262
11438.5;-280
11446.2;-276
11453.8;-307
11461.5;-282
11469.2;-325
11476.9;-292
11484.6;-304
11492.3;-294
11500.0;-305
11507.7;-287
11515.4;-276
11523.1;-284
11530.8;-279
11538.5;-288
11546.2;-260
11553.8;-291
11561.5;-241
11569.2;-232
11576.9;-185
11584.6;-195
11592.3;-188
11600.0;-195
11607.7;-190
11615.4;-192
11623.1;-171
11630.8;-91
11638.5;16
11646.2;342
11653.8;742
11661.5;1159
11669.2;1465
11676.9;1346
11684.6;633
11692.3;58
11700.0;-267
11707.7;-268
11715.4;-285
11723.1;-351
11730.8;-368
11738.5;-380
11746.2;-335
11753.8;-350
11761.5;-331
11769.2;-355
11776.9;-344
11784.6;-372
11792.3;-358
11800.0;-373
11807.7;-360
11815.4;-363
11823.1;-361
11830.8;-341
11838.5;-355
11846.2;-322
11853.8;-338
11861.5;-322
11869.2;-341
11876.9;-326
11884.6;-346
11892.3;-328
11900.0;-304
11907.7;-271
11915.4;-257
11923.1;-236
11930.8;-230
11938.5;-250
11946.2;-248
11953.8;-275
11961.5;-263
11969.2;-305
11976.9;-302
11984.6;-339
11992.3;-319
12000.0;-355
12007.7;-343
12015.4;-349
12023.1;-356
12030.8;-346
12038.5;-372
12046.2;-344
12053.8;-367
12061.5;-321
12069.2;-332
12076.9;-297
12084.6;-292
12092.3;-273
12100.0;-271
12107.7;-265
12115.4;-238
12123.1;-234
12130.8;-231
12138.5;-243
12146.2;-236
12153.8;-258
12161.5;-242
12169.2;-268
12176.9;-266
12184.6;-290
12192.3;-281
12200.0;-303
12207.7;-291
12215.4;-318
12223.1;-338
12230.8;-339
12238.5;-336
12246.2;-291
12253.8;-307
12261.5;-270
12269.2;-296
12276.9;-284
12284.6;-290
12292.3;-266
12300.0;-275
12307.7;-269
12315.4;-264
12323.1;-270
12330.8;-257
12338.5;-295
12346.2;-289
12353.8;-310
12361.5;-288
12369.2;-318
12376.9;-289
12384.6;-291
12392.3;-230
12400.0;-145
12407.7;101
12415.4;486
12423.1;917
12430.8;1326
12438.5;1359
12446.2;827
12453.8;204
12461.5;-73
12469.2;-178
12476.9;-211
12484.6;-294
12492.3;-331
12500.0;-369
12507.7;-376
12515.4;-412
12523.1;-424
12530.8;-413
12538.5;-431
12546.2;-419
12553.8;-427
12561.5;-394
12569.2;-405
12576.9;-360
12584.6;-360
12592.3;-333
12600.0;-329
12607.7;-292
12615.4;-266
12623.1;-250
12630.8;-240
12638.5;-249
12646.2;-225
12653.8;-235
12661.5;-222
12669.2;-244
12676.9;-237
12684.6;-270
12692.3;-290
12700.0;-319
12707.7;-319
12715.4;-337
12723.1;-351
12730.8;-350
12738.5;-372
12746.2;-351
12753.8;-362
12761.5;-315
12769.2;-320
12776.9;-306
12784.6;-328
12792.3;-318
12800.0;-355
12807.7;-353
12815.4;-353
12823.1;-366
12830.8;-350
12838.5;-369
12846.2;-346
12853.8;-357
12861.5;-327
12869.2;-345
12876.9;-317
12884.6;-330
12892.3;-309
12900.0;-319
12907.7;-313
12915.4;-313
12923.1;-299
12930.8;-266
12938.5;-289
12946.2;-293
12953.8;-313
12961.5;-302
12969.2;-325
12976.9;-307
12984.6;-334
12992.3;-319
13000.0;-320
13007.7;-319
13015.4;-320
13023.1;-326
13030.8;-322
13038.5;-312
13046.2;-291
13053.8;-318
13061.5;-292
13069.2;-320
13076.9;-300
13084.6;-325
13092.3;-279
13100.0;-286
13107.7;-286
13115.4;-294
13123.1;-316
13130.8;-291
13138.5;-299
13146.2;-287
13153.8;-291
13161.5;-212
13169.2;-189
13176.9;-16
13184.6;271
13192.3;662
13200.0;1024
13207.7;1315
13215.4;1219
13223.1;621
13230.8;100
13238.5;-175
13246.2;-210
13253.8;-270
13261.5;-282
13269.2;-321
13276.9;-348
13284.6;-364
13292.3;-356
13300.0;-369
13307.7;-381
13315.4;-396
13323.1;-398
13330.8;-391
13338.5;-405
13346.2;-386
13353.8;-399
13361.5;-378
13369.2;-383
13376.9;-327
13384.6;-312
13392.3;-266
13400.0;-256
13407.7;-237
13415.4;-215
13423.1;-196
13430.8;-185
13438.5;-177
13446.2;-161
13453.8;-215
13461.5;-218
13469.2;-288
13476.9;-293
13484.6;-343
13492.3;-350
13500.0;-379
13507.7;-370
13515.4;-388
13523.1;-379
13530.8;-362
13538.5;-374
13546.2;-357
13553.8;-360
13561.5;-330
13569.2;-367
13576.9;-348
13584.6;-368
13592.3;-355
13600.0;-374
13607.7;-349
13615.4;-336
13623.1;-348
13630.8;-349
13638.5;-359
13646.2;-349
13653.8;-364
13661.5;-340
13669.2;-357
13676.9;-324
13684.6;-350
13692.3;-319
13700.0;-310
13707.7;-289
13715.4;-286
13723.1;-260
13730.8;-245
13738.5;-274
13746.2;-270
13753.8;-306
13761.5;-295
13769.2;-314
13776.9;-311
13784.6;-335
13792.3;-321
13800.0;-336
13807.7;-341
13815.4;-333
13823.1;-324
13830.8;-324
13838.5;-333
13846.2;-307
13853.8;-293
13861.5;-254
13869.2;-215
13876.9;-113
13884.6;48
13892.3;457
13900.0;927
13907.7;1386
13915.4;1525
13923.1;946
13930.8;160
13938.5;-236
13946.2;-215
13953.8;-253
13961.5;-298
13969.2;-364
13976.9;-358
13984.6;-382
13992.3;-378
14000.0;-378
14007.7;-356
14015.4;-352
14023.1;-349
14030.8;-301
14038.5;-300
14046.2;-274
14053.8;-295
14061.5;-251
14069.2;-275
14076.9;-243
14084.6;-243
14092.3;-234
14100.0;-247
14107.7;-230
14115.4;-211
14123.1;-214
14130.8;-214
14138.5;-222
14146.2;-224
14153.8;-271
14161.5;-251
14169.2;-290
14176.9;-282
14184.6;-321
14192.3;-271
14200.0;-275
14207.7;-290
14215.4;-302
14223.1;-308
14230.8;-301
14238.5;-328
14246.2;-317
14253.8;-348
14261.5;-329
14269.2;-364
14276.9;-330
14284.6;-347
14292.3;-332
14300.0;-328
14307.7;-306
14315.4;-300
14323.1;-281
14330.8;-263
14338.5;-266
14346.2;-227
14353.8;-218
14361.5;-193
14369.2;-228
14376.9;-247
14384.6;-261
14392.3;-243
14400.0;-262
14407.7;-260
14415.4;-266
14423.1;-287
14430.8;-269
14438.5;-231
14446.2;-170
14453.8;-93
14461.5;265
14469.2;702
14476.9;1164
14484.6;1435
14492.3;1130
14500.0;375
14507.7;-132
14515.4;-274
14523.1;-244
14530.8;-303
14538.5;-337
14546.2;-354
14553.8;-392
14561.5;-374
14569.2;-397
14576.9;-382
14584.6;-409
14592.3;-390
14600.0;-397
14607.7;-376
14615.4;-372
14623.1;-358
14630.8;-341
14638.5;-340
14646.2;-295
14653.8;-304
14661.5;-262
14669.2;-246
14676.9;-200
14684.6;-215
14692.3;-185
14700.0;-217
14707.7;-223
14715.4;-236
14723.1;-256
14730.8;-275
14738.5;-301
14746.2;-291
14753.8;-328
14761.5;-332
14769.2;-367
14776.9;-360
14784.6;-377
14792.3;-349
14800.0;-364
14807.7;-366
14815.4;-366
14823.1;-362
14830.8;-347
14838.5;-357
14846.2;-346
14853.8;-365
14861.5;-319
14869.2;-280
14876.9;-90
14884.6;307
14892.3;835
14900.0;1325
14907.7;1485
14915.4;991
14923.1;268
14930.8;-69
14938.5;-238
14946.2;-291
14953.8;-375
14961.5;-375
14969.2;-413
14976.9;-427
14984.6;-477
14992.3;-469
15000.0;-500
15007.7;-501
15015.4;-483
15023.1;-458
15030.8;-436
15038.5;-425
15046.2;-378
15053.8;-366
15061.5;-309
15069.2;-307
15076.9;-269
15084.6;-266
15092.3;-228
15100.0;-234
15107.7;-208
15115.4;-202
15123.1;-250
15130.8;-274
15138.5;-328
15146.2;-364
15153.8;-402
15161.5;-400
15169.2;-431
15176.9;-405
15184.6;-407
15192.3;-366
15200.0;-388
15207.7;-380
15215.4;-378
15223.1;-374
15230.8;-376
15238.5;-392
15246.2;-367
15253.8;-358
15261.5;-325
15269.2;-355
15276.9;-355
15284.6;-367
15292.3;-347
15300.0;-356
15307.7;-357
15315.4;-345
15323.1;-336
15330.8;-318
15338.5;-335
15346.2;-328
15353.8;-350
15361.5;-326
15369.2;-347
15376.9;-319
15384.6;-345
15392.3;-345
15400.0;-370
15407.7;-345
15415.4;-351
15423.1;-346
15430.8;-336
15438.5;-342
15446.2;-314
15453.8;-338
15461.5;-290
15469.2;-281
15476.9;-222
15484.6;-183
15492.3;0
15500.0;347
15507.7;776
15515.4;1169
15523.1;1314
15530.8;841
15538.5;148
15546.2;-175
15553.8;-262
15561.5;-256
15569.2;-344
15576.9;-359
15584.6;-390
15592.3;-377
15600.0;-404
15607.7;-398
15615.4;-414
15623.1;-425
15630.8;-447
15638.5;-468
15646.2;-452
15653.8;-484
15661.5;-449
15669.2;-467
15676.9;-445
15684.6;-448
15692.3;-410
15700.0;-395
15707.7;-361
15715.4;-333
15723.1;-311
15730.8;-273
15738.5;-261
15746.2;-229
15753.8;-240
15761.5;-235
15769.2;-288
15776.9;-307
15784.6;-361
15792.3;-366
15800.0;-390
15807.7;-389
15815.4;-413
15823.1;-408
15830.8;-389
15838.5;-393
15846.2;-361
15853.8;-363
15861.5;-345
15869.2;-356
15876.9;-322
15884.6;-326
15892.3;-291
15900.0;-316
15907.7;-297
15915.4;-313
15923.1;-317
15930.8;-322
15938.5;-323
15946.2;-316
15953.8;-336
15961.5;-314
15969.2;-332
15976.9;-311
15984.6;-323
15992.3;-319
16000.0;-322
16007.7;-304
16015.4;-310
16023.1;-299
16030.8;-286
16038.5;-288
16046.2;-271
16053.8;-288
16061.5;-236
16069.2;-192
16076.9;8
16084.6;402
16092.3;864
16100.0;1273
16107.7;1281
16115.4;604
16123.1;-64
16130.8;-296
16138.5;-276
16146.2;-276
16153.8;-336
16161.5;-331
16169.2;-362
16176.9;-335
16184.6;-371
16192.3;-364
16200.0;-379
16207.7;-385
16215.4;-371
16223.1;-377
16230.8;-367
16238.5;-381
16246.2;-363
16253.8;-367
16261.5;-335
16269.2;-343
16276.9;-312
16284.6;-311
16292.3;-278
16300.0;-264
16307.7;-222
16315.4;-195
16323.1;-182
16330.8;-187
16338.5;-225
16346.2;-214
16353.8;-251
16361.5;-248
16369.2;-296
16376.9;-296
16384.6;-336
16392.3;-337
16400.0;-370
16407.7;-363
16415.4;-379
16423.1;-380
16430.8;-366
16438.5;-359
16446.2;-340
16453.8;-338
16461.5;-300
16469.2;-319
16476.9;-284
16484.6;-288
16492.3;-276
16500.0;-287
16507.7;-280
16515.4;-271
16523.1;-289
16530.8;-274
16538.5;-296
16546.2;-281
16553.8;-291
16561.5;-281
16569.2;-311
16576.9;-299
16584.6;-317
16592.3;-320
16600.0;-326
16607.7;-309
16615.4;-330
16623.1;-304
16630.8;-280
16638.5;-277
16646.2;-261
16653.8;-264
16661.5;-245
16669.2;-266
16676.9;-251
16684.6;-282
16692.3;-267
16700.0;-277
16707.7;-268
16715.4;-291
16723.1;-287
16730.8;-280
16738.5;-301
16746.2;-288
16753.8;-307
16761.5;-289
16769.2;-313
16776.9;-289
16784.6;-295
16792.3;-275
16800.0;-288
16807.7;-267
16815.4;-274
16823.1;-285
16830.8;-263
16838.5;-283
16846.2;-270
16853.8;-275
16861.5;-245
16869.2;-257
16876.9;-265
16884.6;-282
16892.3;-279
16900.0;-295
16907.7;-291
16915.4;-311
16923.1;-295
16930.8;-284
16938.5;-288
16946.2;-258
16953.8;-257
16961.5;-239
16969.2;-250
16976.9;-229
16984.6;-254
16992.3;-236
17000.0;-263
17007.7;-248
17015.4;-252
17023.1;-245
17030.8;-254
17038.5;-262
17046.2;-252
17053.8;-269
17061.5;-250
17069.2;-281
17076.9;-250
17084.6;-267
17092.3;-204
17100.0;-147
17107.7;-3
17115.4;317
17123.1;714
17130.8;1119
17138.5;1417
17146.2;1195
17153.8;505
17161.5;-12
17169.2;-261
17176.9;-222
17184.6;-272
17192.3;-296
17200.0;-340
17207.7;-360
17215.4;-378
17223.1;-396
17230.8;-402
17238.5;-418
17246.2;-390
17253.8;-410
17261.5;-400
17269.2;-421
17276.9;-377
17284.6;-371
17292.3;-347
17300.0;-357
17307.7;-345
17315.4;-355
17323.1;-332
17330.8;-327
17338.5;-342
17346.2;-328
17353.8;-340
17361.5;-299
17369.2;-303
17376.9;-266
17384.6;-263
17392.3;-237
17400.0;-268
17407.7;-255
17415.4;-266
17423.1;-284
17430.8;-294
17438.5;-312
17446.2;-299
17453.8;-335
17461.5;-314
17469.2;-354
17476.9;-344
17484.6;-356
17492.3;-336
17500.0;-345
17507.7;-330
17515.4;-324
17523.1;-308
17530.8;-309
17538.5;-304
17546.2;-281
17553.8;-294
17561.5;-285
17569.2;-298
17576.9;-279
17584.6;-307
17592.3;-283
17600.0;-289
17607.7;-260
17615.4;-274
17623.1;-283
17630.8;-285
17638.5;-303
17646.2;-297
17653.8;-301
17661.5;-266
17669.2;-278
17676.9;-249
17684.6;-236
17692.3;-154
17700.0;-39
17707.7;237
17715.4;562
17723.1;922
17730.8;1172
17738.5;1093
17746.2;569
17753.8;54
17761.5;-172
17769.2;-267
17776.9;-282
17784.6;-343
17792.3;-323
17800.0;-362
17807.7;-376
17815.4;-380
17823.1;-388
17830.8;-389
17838.5;-402
17846.2;-389
17853.8;-398
17861.5;-370
17869.2;-376
17876.9;-345
17884.6;-351
17892.3;-311
17900.0;-318
17907.7;-306
17915.4;-305
17923.1;-303
17930.8;-293
17938.5;-287
17946.2;-259
17953.8;-241
17961.5;-200
17969.2;-215
17976.9;-184
17984.6;-245
17992.3;-251
18000.0;-290
18007.7;-306
18015.4;-328
18023.1;-336
18030.8;-343
18038.5;-362
18046.2;-343
18053.8;-367
18061.5;-347
18069.2;-378
18076.9;-371
18084.6;-391
18092.3;-378
18100.0;-419
18107.7;-386
18115.4;-417
18123.1;-420
18130.8;-416
18138.5;-400
18146.2;-339
18153.8;-331
18161.5;-311
18169.2;-321
18176.9;-312
18184.6;-341
18192.3;-310
18200.0;-317
18207.7;-301
18215.4;-320
18223.1;-310
18230.8;-303
18238.5;-319
18246.2;-309
18253.8;-329
18261.5;-314
18269.2;-335
18276.9;-310
18284.6;-327
18292.3;-290
18300.0;-312
18307.7;-318
18315.4;-319
18323.1;-313
18330.8;-262
18338.5;-254
18346.2;-239
18353.8;-245
18361.5;-184
18369.2;-150
18376.9;33
18384.6;360
18392.3;768
18400.0;1131
18407.7;1286
18415.4;833
18423.1;125
18430.8;-240
18438.5;-299
18446.2;-296
18453.8;-360
18461.5;-361
18469.2;-398
18476.9;-391
18484.6;-394
18492.3;-355
18500.0;-386
18507.7;-358
18515.4;-369
18523.1;-357
18530.8;-358
18538.5;-367
18546.2;-333
18553.8;-350
18561.5;-320
18569.2;-331
18576.9;-293
18584.6;-290
18592.3;-266
18600.0;-270
18607.7;-257
18615.4;-243
18623.1;-221
18630.8;-213
18638.5;-219
18646.2;-216
18653.8;-261
18661.5;-268
18669.2;-309
18676.9;-297
18684.6;-331
18692.3;-325
18700.0;-348
18707.7;-347
18715.4;-358
18723.1;-358
18730.8;-351
18738.5;-339
18746.2;-313
18753.8;-337
18761.5;-296
18769.2;-317
18776.9;-307
18784.6;-330
18792.3;-321
18800.0;-329
18807.7;-304
18815.4;-299
18823.1;-303
18830.8;-294
18838.5;-308
18846.2;-302
18853.8;-317
18861.5;-300
18869.2;-327
18876.9;-304
18884.6;-324
18892.3;-296
18900.0;-298
18907.7;-273
18915.4;-265
18923.1;-263
18930.8;-250
18938.5;-251
18946.2;-231
18953.8;-254
18961.5;-236
18969.2;-267
18976.9;-242
18984.6;-262
18992.3;-259
19000.0;-262
19007.7;-264
19015.4;-274
19023.1;-268
19030.8;-268
19038.5;-276
19046.2;-268
19053.8;-273
19061.5;-224
19069.2;-178
19076.9;-59
19084.6;170
19092.3;608
19100.0;1033
19107.7;1411
19115.4;1358
19123.1;692
19130.8;47
19138.5;-240
19146.2;-236
19153.8;-270
19161.5;-315
19169.2;-361
19176.9;-372
19184.6;-408
19192.3;-399
19200.0;-418
19207.7;-394
19215.4;-402
19223.1;-365
19230.8;-350
19238.5;-332
19246.2;-305
19253.8;-281
19261.5;-241
19269.2;-272
19276.9;-215
19284.6;-244
19292.3;-218
19300.0;-238
19307.7;-230
19315.4;-233
19323.1;-242
19330.8;-247
19338.5;-254
19346.2;-231
19353.8;-259
19361.5;-257
19369.2;-303
19376.9;-283
19384.6;-307
19392.3;-300
19400.0;-316
19407.7;-297
19415.4;-281
19423.1;-275
19430.8;-274
19438.5;-292
19446.2;-290
19453.8;-312
19461.5;-302
19469.2;-341
19476.9;-328
19484.6;-347
19492.3;-324
19500.0;-346
19507.7;-335
19515.4;-343
19523.1;-325
19530.8;-318
19538.5;-324
19546.2;-312
19553.8;-347
19561.5;-299
19569.2;-296
19576.9;-269
19584.6;-272
19592.3;-236
19600.0;-238
19607.7;-209
19615.4;-221
19623.1;-195
19630.8;-147
19638.5;-54
19646.2;257
19653.8;628
19661.5;1057
19669.2;1315
19676.9;1113
19684.6;433
19692.3;-57
19700.0;-269
19707.7;-261
19715.4;-337
19723.1;-367
19730.8;-377
19738.5;-387
19746.2;-386
19753.8;-388
19761.5;-367
19769.2;-378
19776.9;-348
19784.6;-373
19792.3;-351
19800.0;-363
19807.7;-360
19815.4;-356
19823.1;-338
19830.8;-330
19838.5;-302
19846.2;-283
19853.8;-287
19861.5;-241
19869.2;-254
19876.9;-221
19884.6;-226
19892.3;-216
19900.0;-243
19907.7;-235
19915.4;-258
19923.1;-268
19930.8;-285
19938.5;-304
19946.2;-297
19953.8;-326
19961.5;-317
19969.2;-361
19976.9;-338
19984.6;-360
19992.3;-340
20000.0;-347
20007.7;-329
20015.4;-335
20023.1;-331
20030.8;-319
20038.5;-300
20046.2;-285
20053.8;-301
20061.5;-277
20069.2;-300
20076.9;-270
20084.6;-289
20092.3;-269
20100.0;-279
20107.7;-298
20115.4;-319
20123.1;-322
20130.8;-319
20138.5;-316
20146.2;-325
20153.8;-342
20161.5;-314
20169.2;-347
20176.9;-318
20184.6;-327
20192.3;-286
20200.0;-301
20207.7;-291
20215.4;-299
20223.1;-295
20230.8;-288
20238.5;-285
20246.2;-257
20253.8;-259
20261.5;-225
20269.2;-253
20276.9;-213
20284.6;-226
20292.3;-137
20300.0;-49
20307.7;188
20315.4;529
20323.1;923
20330.8;1221
20338.5;1145
20346.2;556
20353.8;16
20361.5;-165
20369.2;-246
20376.9;-275
20384.6;-350
20392.3;-340
20400.0;-366
20407.7;-349
20415.4;-368
20423.1;-369
20430.8;-370
20438.5;-380
20446.2;-380
20453.8;-397
20461.5;-363
20469.2;-387
20476.9;-368
20484.6;-375
20492.3;-348
20500.0;-349
20507.7;-310
20515.4;-294
20523.1;-260
20530.8;-241
20538.5;-214
20546.2;-183
20553.8;-191
20561.5;-202
20569.2;-241
20576.9;-242
20584.6;-294
20592.3;-290
20600.0;-313
20607.7;-320
20615.4;-346
20623.1;-341
20630.8;-345
20638.5;-356
20646.2;-333
20653.8;-348
20661.5;-325
20669.2;-343
20676.9;-315
20684.6;-331
20692.3;-297
20700.0;-310
20707.7;-291
20715.4;-293
20723.1;-286
20730.8;-289
20738.5;-307
20746.2;-311
20753.8;-322
20761.5;-307
20769.2;-327
20776.9;-309
20784.6;-330
20792.3;-322
20800.0;-356
20807.7;-333
20815.4;-330
20823.1;-318
20830.8;-311
20838.5;-318
20846.2;-307
20853.8;-324
20861.5;-307
20869.2;-322
20876.9;-276
20884.6;-303
20892.3;-282
20900.0;-296
20907.7;-280
20915.4;-267
20923.1;-206
20930.8;-104
20938.5;182
20946.2;612
20953.8;980
20961.5;1238
20969.2;905
20976.9;257
20984.6;-162
20992.3;-240
21000.0;-289
21007.7;-337
21015.4;-367
21023.1;-388
21030.8;-400
21038.5;-418
21046.2;-403
21053.8;-431
21061.5;-419
21069.2;-438
21076.9;-410
21084.6;-427
21092.3;-393
21100.0;-390
21107.7;-353
21115.4;-346
21123.1;-338
21130.8;-317
21138.5;-301
21146.2;-275
21153.8;-256
21161.5;-244
21169.2;-248
21176.9;-210
21184.6;-243
21192.3;-245
21200.0;-282
21207.7;-289
21215.4;-341
21223.1;-355
21230.8;-375
21238.5;-398
21246.2;-391
21253.8;-397
21261.5;-370
21269.2;-379
21276.9;-363
21284.6;-377
21292.3;-347
21300.0;-349
21307.7;-325
21315.4;-337
21323.1;-342
21330.8;-336
21338.5;-347
21346.2;-335
21353.8;-361
21361.5;-335
21369.2;-332
21376.9;-327
21384.6;-349
21392.3;-325
21400.0;-331
21407.7;-319
21415.4;-326
21423.1;-329
21430.8;-324
21438.5;-320
21446.2;-313
21453.8;-307
21461.5;-279
21469.2;-299
21476.9;-275
21484.6;-307
21492.3;-280
21500.0;-290
21507.7;-283
21515.4;-288
21523.1;-293
21530.8;-291
21538.5;-289
21546.2;-273
21553.8;-297
21561.5;-258
21569.2;-295
21576.9;-267
21584.6;-287
21592.3;-261
21600.0;-277
21607.7;-265
21615.4;-278
21623.1;-250
21630.8;-196
21638.5;-119
21646.2;-7
21653.8;280
21661.5;725
21669.2;1116
21676.9;1420
21684.6;1005
21692.3;268
21700.0;-236
21707.7;-291
21715.4;-278
21723.1;-320
21730.8;-348
21738.5;-360
21746.2;-351
21753.8;-384
21761.5;-348
21769.2;-363
21776.9;-332
21784.6;-363
21792.3;-317
21800.0;-308
21807.7;-279
21815.4;-269
21823.1;-248
21830.8;-233
21838.5;-222
21846.2;-207
21853.8;-220
21861.5;-209
21869.2;-226
21876.9;-201
21884.6;-222
21892.3;-182
21900.0;-198
21907.7;-195
21915.4;-208
21923.1;-220
21930.8;-239
21938.5;-265
21946.2;-271
21953.8;-310
21961.5;-306
21969.2;-335
21976.9;-284
21984.6;-289
21992.3;-253
22000.0;-272
22007.7;-268
22015.4;-280
22023.1;-300
22030.8;-294
22038.5;-309
22046.2;-290
22053.8;-294
22061.5;-253
22069.2;-271
22076.9;-237
22084.6;-251
22092.3;-220
22100.0;-248
22107.7;-252
22115.4;-276
22123.1;-268
22130.8;-262
22138.5;-276
22146.2;-239
22153.8;-229
22161.5;-215
22169.2;-236
22176.9;-225
22184.6;-261
22192.3;-257
22200.0;-279
22207.7;-271
22215.4;-272
22223.1;-264
22230.8;-265
22238.5;-263
22246.2;-263
22253.8;-280
22261.5;-254
22269.2;-265
22276.9;-249
22284.6;-268
22292.3;-244
22300.0;-276
22307.7;-248
22315.4;-260
22323.1;-243
22330.8;-225
22338.5;-184
22346.2;-93
22353.8;111
22361.5;520
22369.2;877
22376.9;1284
22384.6;1351
22392.3;856
22400.0;231
22407.7;-120
22415.4;-202
22423.1;-203
22430.8;-259
22438.5;-309
22446.2;-313
22453.8;-347
22461.5;-337
22469.2;-363
22476.9;-358
22484.6;-368
22492.3;-355
22500.0;-381
22507.7;-370
22515.4;-381
22523.1;-366
22530.8;-376
22538.5;-363
22546.2;-313
22553.8;-265
22561.5;-199
22569.2;-208
22576.9;-167
22584.6;-181
22592.3;-164
22600.0;-177
22607.7;-166
22615.4;-176
22623.1;-182
22630.8;-202
22638.5;-240
22646.2;-260
22653.8;-279
22661.5;-286
22669.2;-327
22676.9;-336
22684.6;-365
22692.3;-346
22700.0;-350
22707.7;-332
22715.4;-344
22723.1;-339
22730.8;-336
22738.5;-341
22746.2;-318
22753.8;-296
22761.5;-268
22769.2;-299
22776.9;-275
22784.6;-287
22792.3;-261
22800.0;-278
22807.7;-268
22815.4;-287
22823.1;-291
22830.8;-288
22838.5;-281
22846.2;-260
22853.8;-253
22861.5;-221
22869.2;-227
22876.9;-192
22884.6;-203
22892.3;-147
22900.0;-25
22907.7;298
22915.4;680
22923.1;1081
22930.8;1209
22938.5;798
22946.2;250
22953.8;-69
22961.5;-148
22969.2;-217
22976.9;-258
22984.6;-297
22992.3;-293
23000.0;-319
23007.7;-310
23015.4;-323
23023.1;-317
23030.8;-328
23038.5;-342
23046.2;-337
23053.8;-351
23061.5;-337
23069.2;-356
23076.9;-320
23084.6;-324
23092.3;-268
23100.0;-272
23107.7;-260
23115.4;-256
23123.1;-211
23130.8;-164
23138.5;-156
23146.2;-139
23153.8;-150
23161.5;-137
23169.2;-176
23176.9;-181
23184.6;-233
23192.3;-256
23200.0;-292
23207.7;-302
23215.4;-324
23223.1;-326
23230.8;-327
23238.5;-327
23246.2;-317
23253.8;-339
23261.5;-311
23269.2;-333
23276.9;-317
23284.6;-345
23292.3;-315
23300.0;-310
23307.7;-284
23315.4;-276
23323.1;-282
23330.8;-281
23338.5;-275
23346.2;-259
23353.8;-267
23361.5;-230
23369.2;-204
23376.9;-9
23384.6;319
23392.3;712
23400.0;1106
23407.7;1319
23415.4;995
23423.1;343
23430.8;-66
23438.5;-229
23446.2;-267
23453.8;-310
23461.5;-324
23469.2;-393
23476.9;-386
23484.6;-407
23492.3;-363
23500.0;-393
23507.7;-367
23515.4;-389
23523.1;-384
23530.8;-386
23538.5;-402
23546.2;-379
23553.8;-384
23561.5;-340
23569.2;-349
23576.9;-309
23584.6;-312
23592.3;-263
23600.0;-253
23607.7;-220
23615.4;-221
23623.1;-204
23630.8;-187
23638.5;-200
23646.2;-208
23653.8;-252
23661.5;-268
23669.2;-301
23676.9;-307
23684.6;-334
23692.3;-314
23700.0;-339
23707.7;-326
23715.4;-335
23723.1;-326
23730.8;-327
23738.5;-320
23746.2;-325
23753.8;-327
23761.5;-287
23769.2;-308
23776.9;-293
23784.6;-318
23792.3;-305
23800.0;-325
23807.7;-308
23815.4;-314
23823.1;-300
23830.8;-299
23838.5;-290
23846.2;-276
23853.8;-289
23861.5;-260
23869.2;-270
23876.9;-229
23884.6;-266
23892.3;-253
23900.0;-249
23907.7;-221
23915.4;-258
23923.1;-248
23930.8;-268
23938.5;-268
23946.2;-263
23953.8;-282
23961.5;-262
23969.2;-291
23976.9;-259
23984.6;-284
23992.3;-258
24000.0;-271
24007.7;-227
24015.4;-211
24023.1;-154
24030.8;-51
24038.5;285
24046.2;727
24053.8;1121
24061.5;1416
24069.2;1073
24076.9;369
24084.6;-157
24092.3;-288
24100.0;-287
24107.7;-313
24115.4;-362
24123.1;-377
24130.8;-384
24138.5;-389
24146.2;-373
24153.8;-394
24161.5;-371
24169.2;-401
24176.9;-362
24184.6;-371
24192.3;-339
24200.0;-347
24207.7;-329
24215.4;-343
24223.1;-319
24230.8;-285
24238.5;-270
24246.2;-261
24253.8;-274
24261.5;-243
24269.2;-259
24276.9;-232
24284.6;-238
24292.3;-201
24300.0;-214
24307.7;-207
24315.4;-235
24323.1;-236
24330.8;-243
24338.5;-260
24346.2;-263
24353.8;-292
24361.5;-282
24369.2;-316
24376.9;-304
24384.6;-326
24392.3;-300
24400.0;-303
24407.7;-268
24415.4;-261
24423.1;-257
24430.8;-271
24438.5;-271
24446.2;-272
24453.8;-273
24461.5;-251
24469.2;-285
24476.9;-271
24484.6;-276
24492.3;-246
24500.0;-280
24507.7;-257
24515.4;-272
24523.1;-280
24530.8;-293
24538.5;-295
24546.2;-282
24553.8;-299
24561.5;-281
24569.2;-314
24576.9;-297
24584.6;-318
24592.3;-269
24600.0;-259
24607.7;-236
24615.4;-271
24623.1;-265
24630.8;-264
24638.5;-262
24646.2;-252
24653.8;-268
24661.5;-259
24669.2;-293
24676.9;-267
24684.6;-302
24692.3;-272
24700.0;-283
24707.7;-257
24715.4;-278
24723.1;-273
24730.8;-274
24738.5;-282
24746.2;-271
24753.8;-282
24761.5;-252
24769.2;-286
24776.9;-266
24784.6;-280
24792.3;-185
24800.0;-126
24807.7;40
24815.4;363
24823.1;783
24830.8;1202
24838.5;1475
24846.2;1182
24853.8;468
24861.5;-46
24869.2;-272
24876.9;-219
24884.6;-281
24892.3;-302
24900.0;-352
24907.7;-357
24915.4;-392
24923.1;-392
24930.8;-403
24938.5;-412
24946.2;-388
24953.8;-393
24961.5;-372
24969.2;-393
24976.9;-367
24984.6;-360
24992.3;-319
25000.0;-329
25007.7;-302
25015.4;-300
25023.1;-276
25030.8;-274
25038.5;-274
25046.2;-273
25053.8;-284
25061.5;-263
25069.2;-274
25076.9;-258
25084.6;-269
25092.3;-252
25100.0;-297
25107.7;-280
25115.4;-290
25123.1;-285
25130.8;-300
25138.5;-319
25146.2;-317
25153.8;-350
25161.5;-327
25169.2;-334
25176.9;-289
25184.6;-290
25192.3;-265
25200.0;-285
25207.7;-255
25215.4;-264
25223.1;-265
25230.8;-265
25238.5;-253
25246.2;-254
25253.8;-265
25261.5;-248
25269.2;-278
25276.9;-265
25284.6;-308
25292.3;-293
25300.0;-310
25307.7;-295
25315.4;-307
25323.1;-285
25330.8;-281
25338.5;-271
25346.2;-268
25353.8;-249
25361.5;-202
25369.2;-225
25376.9;-199
25384.6;-232
25392.3;-215
25400.0;-239
25407.7;-229
25415.4;-241
25423.1;-243
25430.8;-236
25438.5;-241
25446.2;-212
25453.8;-210
25461.5;-212
25469.2;-239
25476.9;-235
25484.6;-249
25492.3;-224
25500.0;-213
25507.7;-153
25515.4;-64
25523.1;223
25530.8;611
25538.5;1020
25546.2;1327
25553.8;1294
25561.5;758
25569.2;175
25576.9;-56
25584.6;-175
25592.3;-185
25600.0;-269
25607.7;-275
25615.4;-320
25623.1;-327
25630.8;-361
25638.5;-351
25646.2;-356
25653.8;-368
25661.5;-365
25669.2;-395
25676.9;-364
25684.6;-382
25692.3;-344
25700.0;-352
25707.7;-291
25715.4;-272
25723.1;-248
25730.8;-238
25738.5;-244
25746.2;-217
25753.8;-219
25761.5;-183
25769.2;-194
25776.9;-175
25784.6;-199
25792.3;-167
25800.0;-197
25807.7;-200
25815.4;-240
25823.1;-263
25830.8;-257
25838.5;-282
25846.2;-311
25853.8;-334
25861.5;-353
25869.2;-391
25876.9;-368
25884.6;-367
25892.3;-323
25900.0;-353
25907.7;-327
25915.4;-331
25923.1;-269
25930.8;-183
25938.5;113
25946.2;520
25953.8;959
25961.5;1279
25969.2;1149
25976.9;628
25984.6;44
25992.3;-150
26000.0;-265
26007.7;-289
26015.4;-362
26023.1;-377
26030.8;-416
26038.5;-428
26046.2;-450
26053.8;-474
26061.5;-456
26069.2;-448
26076.9;-415
26084.6;-445
26092.3;-392
26100.0;-415
26107.7;-399
26115.4;-403
26123.1;-375
26130.8;-362
26138.5;-327
26146.2;-291
26153.8;-292
26161.5;-267
26169.2;-258
26176.9;-216
26184.6;-240
26192.3;-214
26200.0;-254
26207.7;-237
26215.4;-285
26223.1;-300
26230.8;-331
26238.5;-350
26246.2;-334
26253.8;-355
26261.5;-347
26269.2;-362
26276.9;-342
26284.6;-348
26292.3;-319
26300.0;-344
26307.7;-333
26315.4;-348
26323.1;-318
26330.8;-329
26338.5;-329
26346.2;-342
26353.8;-354
26361.5;-356
26369.2;-392
26376.9;-379
26384.6;-401
26392.3;-380
26400.0;-417
26407.7;-416
26415.4;-434
26423.1;-407
26430.8;-375
26438.5;-359
26446.2;-343
26453.8;-356
26461.5;-352
26469.2;-367
26476.9;-343
26484.6;-376
26492.3;-347
26500.0;-353
26507.7;-349
26515.4;-360
26523.1;-351
26530.8;-368
26538.5;-379
26546.2;-363
26553.8;-385
26561.5;-363
26569.2;-389
26576.9;-369
26584.6;-391
26592.3;-371
26600.0;-381
26607.7;-361
26615.4;-348
26623.1;-316
26630.8;-324
26638.5;-307
26646.2;-297
26653.8;-332
26661.5;-322
26669.2;-346
26676.9;-324
26684.6;-360
26692.3;-336
26700.0;-360
26707.7;-328
26715.4;-336
26723.1;-320
26730.8;-337
26738.5;-328
26746.2;-301
26753.8;-317
26761.5;-301
26769.2;-332
26776.9;-309
26784.6;-301
26792.3;-249
26800.0;-217
26807.7;-141
26815.4;-19
26823.1;365
26830.8;824
26838.5;1244
26846.2;1455
26853.8;860
26861.5;92
26869.2;-306
26876.9;-304
26884.6;-297
26892.3;-332
26900.0;-379
26907.7;-380
26915.4;-399
26923.1;-393
26930.8;-407
26938.5;-435
26946.2;-432
26953.8;-431
26961.5;-409
26969.2;-434
26976.9;-407
26984.6;-422
26992.3;-382
27000.0;-397
27007.7;-344
27015.4;-334
27023.1;-302
27030.8;-285
27038.5;-283
27046.2;-271
27053.8;-283
27061.5;-251
27069.2;-250
27076.9;-213
27084.6;-236
27092.3;-208
27100.0;-244
27107.7;-253
27115.4;-275
27123.1;-262
27130.8;-286
27138.5;-275
27146.2;-285
27153.8;-299
27161.5;-273
27169.2;-280
27176.9;-241
27184.6;-256
27192.3;-226
27200.0;-258
27207.7;-229
27215.4;-259
27223.1;-243
27230.8;-254
27238.5;-266
27246.2;-249
27253.8;-262
27261.5;-260
27269.2;-270
27276.9;-235
27284.6;-224
27292.3;-187
27300.0;-195
27307.7;-172
27315.4;-200
27323.1;-212
27330.8;-223
27338.5;-237
27346.2;-235
27353.8;-253
27361.5;-245
27369.2;-266
27376.9;-256
27384.6;-294
27392.3;-281
27400.0;-301
27407.7;-286
27415.4;-292
27423.1;-286
27430.8;-277
27438.5;-261
27446.2;-207
27453.8;-191
27461.5;-159
27469.2;-89
27476.9;42
27484.6;295
27492.3;753
27500.0;1154
27507.7;1526
27515.4;1321
27523.1;525
27530.8;-91
27538.5;-247
27546.2;-234
27553.8;-316
27561.5;-355
27569.2;-398
27576.9;-390
27584.6;-411
27592.3;-369
27600.0;-371
27607.7;-337
27615.4;-356
27623.1;-339
27630.8;-338
27638.5;-305
27646.2;-256
27653.8;-269
27661.5;-247
27669.2;-260
27676.9;-232
27684.6;-265
27692.3;-258
27700.0;-281
27707.7;-269
27715.4;-271
27723.1;-249
27730.8;-246
27738.5;-251
27746.2;-251
27753.8;-274
27761.5;-283
27769.2;-307
27776.9;-297
27784.6;-338
27792.3;-329
27800.0;-312
27807.7;-293
27815.4;-316
27823.1;-303
27830.8;-305
27838.5;-318
27846.2;-312
27853.8;-317
27861.5;-290
27869.2;-314
27876.9;-274
27884.6;-288
27892.3;-262
27900.0;-281
27907.7;-273
27915.4;-268
27923.1;-274
27930.8;-271
27938.5;-250
27946.2;-218
27953.8;-184
27961.5;35
27969.2;359
27976.9;779
27984.6;1099
27992.3;1181
28000.0;644
28007.7;126
28015.4;-115
28023.1;-193
28030.8;-248
28038.5;-306
28046.2;-336
28053.8;-351
28061.5;-347
28069.2;-390
28076.9;-371
28084.6;-389
28092.3;-358
28100.0;-381
28107.7;-359
28115.4;-379
28123.1;-369
28130.8;-375
28138.5;-378
28146.2;-363
28153.8;-310
28161.5;-258
28169.2;-260
28176.9;-214
28184.6;-218
28192.3;-170
28200.0;-178
28207.7;-187
28215.4;-210
28223.1;-246
28230.8;-272
28238.5;-295
28246.2;-314
28253.8;-352
28261.5;-349
28269.2;-370
28276.9;-363
28284.6;-389
28292.3;-373
28300.0;-405
28307.7;-387
28315.4;-382
28323.1;-356
28330.8;-344
28338.5;-347
28346.2;-321
28353.8;-326
28361.5;-296
28369.2;-310
28376.9;-292
28384.6;-315
28392.3;-306
28400.0;-326
28407.7;-315
28415.4;-342
28423.1;-329
28430.8;-334
28438.5;-357
28446.2;-352
28453.8;-376
28461.5;-345
28469.2;-339
28476.9;-282
28484.6;-296
28492.3;-247
28500.0;-292
28507.7;-265
28515.4;-293
28523.1;-284
28530.8;-298
28538.5;-305
28546.2;-305
28553.8;-317
28561.5;-305
28569.2;-340
28576.9;-332
28584.6;-371
28592.3;-346
28600.0;-381
28607.7;-359
28615.4;-399
28623.1;-370
28630.8;-343
28638.5;-322
28646.2;-274
28653.8;-235
28661.5;-222
28669.2;-259
28676.9;-242
28684.6;-254
28692.3;-232
28700.0;-238
28707.7;-163
28715.4;-108
28723.1;106
28730.8;460
28738.5;841
28746.2;1199
28753.8;1167
28761.5;581
28769.2;-11
28776.9;-232
28784.6;-295
28792.3;-318
28800.0;-343
28807.7;-320
28815.4;-324
28823.1;-329
28830.8;-344
28838.5;-345
28846.2;-345
28853.8;-370
28861.5;-365
28869.2;-388
28876.9;-363
28884.6;-375
28892.3;-351
28900.0;-368
28907.7;-341
28915.4;-340
28923.1;-336
28930.8;-332
28938.5;-313
28946.2;-302
28953.8;-294
28961.5;-245
28969.2;-222
28976.9;-180
28984.6;-200
28992.3;-176
29000.0;-230
29007.7;-249
29015.4;-292
29023.1;-299
29030.8;-327
29038.5;-338
29046.2;-343
29053.8;-363
29061.5;-358
29069.2;-382
29076.9;-353
29084.6;-386
29092.3;-348
29100.0;-357
29107.7;-331
29115.4;-335
29123.1;-319
29130.8;-307
29138.5;-300
29146.2;-301
29153.8;-346
29161.5;-342
29169.2;-348
29176.9;-311
29184.6;-316
29192.3;-281
29200.0;-318
29207.7;-303
29215.4;-326
29223.1;-321
29230.8;-325
29238.5;-345
29246.2;-331
29253.8;-337
29261.5;-313
29269.2;-323
29276.9;-286
29284.6;-289
29292.3;-249
29300.0;-276
29307.7;-287
29315.4;-323
29323.1;-324
29330.8;-342
29338.5;-357
29346.2;-357
29353.8;-369
29361.5;-353
29369.2;-354
29376.9;-306
29384.6;-310
29392.3;-250
29400.0;-201
29407.7;-51
29415.4;236
29423.1;663
29430.8;1015
29438.5;1277
29446.2;1160
29453.8;542
29461.5;-16
29469.2;-252
29476.9;-210
29484.6;-237
29492.3;-255
29500.0;-318
29507.7;-346
29515.4;-387
29523.1;-411
29530.8;-411
29538.5;-402
29546.2;-409
29553.8;-414
29561.5;-399
29569.2;-418
29576.9;-387
29584.6;-396
29592.3;-366
29600.0;-374
29607.7;-353
29615.4;-335
29623.1;-308
29630.8;-279
29638.5;-246
29646.2;-198
29653.8;-186
29661.5;-155
29669.2;-185
29676.9;-201
29684.6;-266
29692.3;-283
29700.0;-337
29707.7;-329
29715.4;-347
29723.1;-349
29730.8;-363
29738.5;-360
29746.2;-373
29753.8;-394
29761.5;-376
29769.2;-401
29776.9;-357
29784.6;-368
29792.3;-311
29800.0;-307
29807.7;-286
29815.4;-311
29823.1;-289
29830.8;-301
29838.5;-303
29846.2;-293
29853.8;-317
29861.5;-310
29869.2;-350
29876.9;-323
29884.6;-331
29892.3;-320
29900.0;-348
29907.7;-320
29915.4;-337
29923.1;-332
29930.8;-331
29938.5;-309
29946.2;-288
29953.8;-305
29961.5;-281
29969.2;-290
29976.9;-270
29984.6;-312
29992.3;-305
30000.0;-340
30007.7;-327
30015.4;-346
30023.1;-335
30030.8;-346
30038.5;-348
30046.2;-336
30053.8;-369
30061.5;-346
30069.2;-350
30076.9;-300
30084.6;-301
30092.3;-239
30100.0;-178
30107.7;-30
30115.4;275
30123.1;709
30130.8;1140
30138.5;1448
30146.2;1329
30153.8;667
30161.5;63
30169.2;-242
30176.9;-232
30184.6;-288
30192.3;-331
30200.0;-393
30207.7;-414
30215.4;-451
30223.1;-457
30230.8;-465
30238.5;-482
30246.2;-486
30253.8;-474
30261.5;-442
30269.2;-407
30276.9;-362
30284.6;-359
30292.3;-307
30300.0;-319
30307.7;-285
30315.4;-305
30323.1;-277
30330.8;-271
30338.5;-274
30346.2;-271
30353.8;-290
30361.5;-270
30369.2;-295
30376.9;-269
30384.6;-309
30392.3;-311
30400.0;-360
30407.7;-369
30415.4;-405
30423.1;-415
30430.8;-415
30438.5;-404
30446.2;-366
30453.8;-362
30461.5;-319
30469.2;-328
30476.9;-323
30484.6;-342
30492.3;-337
30500.0;-373
30507.7;-347
30515.4;-372
30523.1;-355
30530.8;-366
30538.5;-364
30546.2;-357
30553.8;-380
30561.5;-363
30569.2;-389
30576.9;-369
30584.6;-398
30592.3;-379
30600.0;-404
30607.7;-382
30615.4;-384
30623.1;-336
30630.8;-288
30638.5;-280
30646.2;-265
30653.8;-283
30661.5;-277
30669.2;-318
30676.9;-305
30684.6;-328
30692.3;-315
30700.0;-354
30707.7;-345
30715.4;-372
30723.1;-364
30730.8;-375
30738.5;-381
30746.2;-370
30753.8;-393
30761.5;-376
30769.2;-399
30776.9;-378
30784.6;-400
30792.3;-360
30800.0;-368
30807.7;-330
30815.4;-331
30823.1;-301
30830.8;-280
30838.5;-272
30846.2;-279
30853.8;-304
30861.5;-291
30869.2;-327
30876.9;-319
30884.6;-356
30892.3;-338
30900.0;-358
30907.7;-354
30915.4;-365
30923.1;-363
30930.8;-374
30938.5;-370
30946.2;-356
30953.8;-359
30961.5;-320
30969.2;-328
30976.9;-307
30984.6;-321
30992.3;-278
31000.0;-279
31007.7;-251
31015.4;-277
31023.1;-283
31030.8;-274
31038.5;-248
31046.2;-190
31053.8;-141
31061.5;1
31069.2;286
31076.9;674
31084.6;1022
31092.3;1298
31100.0;989
31107.7;358
31115.4;-136
31123.1;-324
31130.8;-336
31138.5;-372
31146.2;-385
31153.8;-404
31161.5;-376
31169.2;-385
31176.9;-374
31184.6;-398
31192.3;-366
31200.0;-391
31207.7;-377
31215.4;-416
31223.1;-396
31230.8;-367
31238.5;-358
31246.2;-343
31253.8;-338
31261.5;-321
31269.2;-330
31276.9;-291
31284.6;-300
31292.3;-274
31300.0;-273
31307.7;-244
31315.4;-258
31323.1;-242
31330.8;-234
31338.5;-236
31346.2;-242
31353.8;-249
31361.5;-241
31369.2;-305
31376.9;-298
31384.6;-324
31392.3;-289
31400.0;-321
31407.7;-319
31415.4;-336
31423.1;-327
31430.8;-339
31438.5;-348
31446.2;-358
31453.8;-361
31461.5;-348
31469.2;-374
31476.9;-350
31484.6;-363
31492.3;-355
31500.0;-373
31507.7;-351
31515.4;-371
31523.1;-370
31530.8;-386
31538.5;-383
31546.2;-370
31553.8;-350
31561.5;-304
31569.2;-327
31576.9;-297
31584.6;-280
31592.3;-225
31600.0;-259
31607.7;-258
31615.4;-273
31623.1;-263
31630.8;-270
31638.5;-277
31646.2;-271
31653.8;-292
31661.5;-272
31669.2;-307
31676.9;-293
31684.6;-307
31692.3;-291
31700.0;-307
31707.7;-278
31715.4;-300
31723.1;-295
31730.8;-302
31738.5;-279
31746.2;-230
31753.8;-58
31761.5;341
31769.2;783
31776.9;1226
31784.6;1318
31792.3;881
31800.0;196
31807.7;-120
31815.4;-161
31823.1;-179
31830.8;-252
31838.5;-289
31846.2;-316
31853.8;-344
31861.5;-342
31869.2;-368
31876.9;-337
31884.6;-368
31892.3;-346
31900.0;-368
31907.7;-370
31915.4;-384
31923.1;-385
31930.8;-392
31938.5;-386
31946.2;-355
31953.8;-329
31961.5;-271
31969.2;-278
31976.9;-199
31984.6;-195
31992.3;-142
32000.0;-158
32007.7;-136
32015.4;-142
32023.1;-150
32030.8;-198
32038.5;-226
32046.2;-250
32053.8;-295
32061.5;-317
32069.2;-362
32076.9;-359
32084.6;-382
32092.3;-359
32100.0;-393
32107.7;-377
32115.4;-371
32123.1;-316
32130.8;-312
32138.5;-301
32146.2;-291
32153.8;-300
32161.5;-286
32169.2;-300
32176.9;-272
32184.6;-282
32192.3;-249
32200.0;-266
32207.7;-246
32215.4;-277
32223.1;-298
32230.8;-297
32238.5;-311
32246.2;-303
32253.8;-306
32261.5;-277
32269.2;-278
32276.9;-245
32284.6;-248
32292.3;-216
32300.0;-236
32307.7;-224
32315.4;-232
32323.1;-241
32330.8;-286
32338.5;-296
32346.2;-282
32353.8;-280
32361.5;-239
32369.2;-267
32376.9;-255
32384.6;-282
32392.3;-259
32400.0;-294
32407.7;-279
32415.4;-294
32423.1;-249
32430.8;-238
32438.5;-221
32446.2;-218
32453.8;-231
32461.5;-194
32469.2;-202
32476.9;-179
32484.6;-210
32492.3;-195
32500.0;-240
32507.7;-234
32515.4;-256
32523.1;-234
32530.8;-214
32538.5;-202
32546.2;-196
32553.8;-200
32561.5;-172
32569.2;-131
32576.9;-25
32584.6;148
32592.3;578
32600.0;1035
32607.7;1488
32615.4;1529
32623.1;862
32630.8;150
32638.5;-165
32646.2;-153
32653.8;-198
32661.5;-260
32669.2;-309
32676.9;-308
32684.6;-330
32692.3;-304
32700.0;-312
32707.7;-279
32715.4;-284
32723.1;-248
32730.8;-237
32738.5;-235
32746.2;-219
32753.8;-214
32761.5;-184
32769.2;-178
32776.9;-139
32784.6;-158
32792.3;-138
32800.0;-161
32807.7;-150
32815.4;-160
32823.1;-146
32830.8;-152
32838.5;-159
32846.2;-133
32853.8;-138
32861.5;-128
32869.2;-163
32876.9;-165
32884.6;-209
32892.3;-215
32900.0;-240
32907.7;-224
32915.4;-239
32923.1;-236
32930.8;-243
32938.5;-236
32946.2;-232
32953.8;-256
32961.5;-255
32969.2;-273
32976.9;-240
32984.6;-265
32992.3;-242
33000.0;-255
33007.7;-212
33015.4;-191
33023.1;-154
33030.8;-147
33038.5;-160
33046.2;-137
33053.8;-142
33061.5;-123
33069.2;-160
33076.9;-142
33084.6;-165
33092.3;-144
33100.0;-138
33107.7;-65
33115.4;104
33123.1;511
33130.8;961
33138.5;1378
33146.2;1394
33153.8;695
33161.5;49
33169.2;-210
33176.9;-158
33184.6;-229
33192.3;-259
33200.0;-295
33207.7;-288
33215.4;-319
33223.1;-308
33230.8;-321
33238.5;-317
33246.2;-313
33253.8;-322
33261.5;-309
33269.2;-341
33276.9;-302
33284.6;-309
33292.3;-267
33300.0;-267
33307.7;-217
33315.4;-227
33323.1;-198
33330.8;-158
33338.5;-124
33346.2;-97
33353.8;-117
33361.5;-110
33369.2;-170
33376.9;-191
33384.6;-250
33392.3;-245
33400.0;-291
33407.7;-296
33415.4;-334
33423.1;-347
33430.8;-354
33438.5;-349
33446.2;-342
33453.8;-337
33461.5;-312
33469.2;-333
33476.9;-309
33484.6;-315
33492.3;-293
33500.0;-325
33507.7;-294
33515.4;-319
33523.1;-303
33530.8;-281
33538.5;-252
33546.2;-230
33553.8;-243
33561.5;-250
33569.2;-283
33576.9;-271
33584.6;-294
33592.3;-271
33600.0;-293
33607.7;-276
33615.4;-245
33623.1;-175
33630.8;-67
33638.5;212
33646.2;615
33653.8;1010
33661.5;1330
33669.2;1094
33676.9;416
33684.6;-93
33692.3;-210
33700.0;-275
33707.7;-319
33715.4;-389
33723.1;-405
33730.8;-395
33738.5;-394
33746.2;-393
33753.8;-413
33761.5;-392
33769.2;-397
33776.9;-367
33784.6;-375
33792.3;-347
33800.0;-356
33807.7;-314
33815.4;-318
33823.1;-285
33830.8;-277
33838.5;-266
33846.2;-249
33853.8;-271
33861.5;-240
33869.2;-241
33876.9;-233
33884.6;-269
33892.3;-273
33900.0;-308
33907.7;-290
33915.4;-315
33923.1;-276
33930.8;-292
33938.5;-303
33946.2;-322
33953.8;-354
33961.5;-340
33969.2;-356
33976.9;-336
33984.6;-357
33992.3;-352
34000.0;-381
34007.7;-358
34015.4;-382
34023.1;-373
34030.8;-367
34038.5;-365
34046.2;-362
34053.8;-354
34061.5;-330
34069.2;-342
34076.9;-323
34084.6;-357
34092.3;-325
34100.0;-303
34107.7;-270
34115.4;-296
34123.1;-289
34130.8;-299
34138.5;-315
34146.2;-312
34153.8;-341
34161.5;-324
34169.2;-359
34176.9;-355
34184.6;-377
34192.3;-343
34200.0;-360
34207.7;-348
34215.4;-370
34223.1;-367
34230.8;-374
34238.5;-375
34246.2;-342
34253.8;-309
34261.5;-275
34269.2;-286
34276.9;-278
34284.6;-305
34292.3;-270
34300.0;-299
34307.7;-281
34315.4;-304
34323.1;-289
34330.8;-306
34338.5;-306
34346.2;-308
34353.8;-315
34361.5;-298
34369.2;-323
34376.9;-284
34384.6;-312
34392.3;-241
34400.0;-199
34407.7;16
34415.4;370
34423.1;818
34430.8;1239
34438.5;1356
34446.2;894
34453.8;259
34461.5;-64
34469.2;-188
34476.9;-207
34484.6;-312
34492.3;-330
34500.0;-381
34507.7;-370
34515.4;-411
34523.1;-388
34530.8;-405
34538.5;-424
34546.2;-421
34553.8;-424
34561.5;-391
34569.2;-400
34576.9;-363
34584.6;-376
34592.3;-321
34600.0;-307
34607.7;-270
34615.4;-267
34623.1;-239
34630.8;-232
34638.5;-224
34646.2;-198
34653.8;-199
34661.5;-174
34669.2;-203
34676.9;-186
34684.6;-233
34692.3;-239
34700.0;-276
34707.7;-287
34715.4;-319
34723.1;-331
34730.8;-334
34738.5;-335
34746.2;-327
34753.8;-334
34761.5;-317
34769.2;-336
34776.9;-323
34784.6;-359
34792.3;-332
34800.0;-355
34807.7;-336
34815.4;-341
34823.1;-326
34830.8;-324
34838.5;-331
34846.2;-321
34853.8;-317
34861.5;-304
34869.2;-331
34876.9;-305
34884.6;-325
34892.3;-303
34900.0;-315
34907.7;-303
34915.4;-305
34923.1;-303
34930.8;-302
34938.5;-282
34946.2;-274
34953.8;-283
34961.5;-267
34969.2;-290
34976.9;-281
34984.6;-322
34992.3;-302
35000.0;-337
35007.7;-312
35015.4;-305
35023.1;-293
35030.8;-300
35038.5;-309
35046.2;-317
35053.8;-337
35061.5;-326
35069.2;-350
35076.9;-331
35084.6;-347
35092.3;-319
35100.0;-325
35107.7;-297
35115.4;-315
35123.1;-307
35130.8;-299
35138.5;-298
35146.2;-289
35153.8;-293
35161.5;-283
35169.2;-299
35176.9;-281
35184.6;-305
35192.3;-268
35200.0;-285
35207.7;-269
35215.4;-290
35223.1;-281
35230.8;-279
35238.5;-264
35246.2;-261
35253.8;-239
35261.5;-165
35269.2;-126
35276.9;145
35284.6;509
35292.3;968
35300.0;1327
35307.7;1439
35315.4;869
35323.1;181
35330.8;-226
35338.5;-305
35346.2;-258
35353.8;-340
35361.5;-337
35369.2;-365
35376.9;-348
35384.6;-359
35392.3;-337
35400.0;-368
35407.7;-363
35415.4;-367
35423.1;-352
35430.8;-356
35438.5;-363
35446.2;-365
35453.8;-359
35461.5;-340
35469.2;-353
35476.9;-293
35484.6;-289
35492.3;-258
35500.0;-257
35507.7;-218
35515.4;-231
35523.1;-205
35530.8;-207
35538.5;-193
35546.2;-178
35553.8;-193
35561.5;-198
35569.2;-250
35576.9;-248
35584.6;-295
35592.3;-293
35600.0;-329
35607.7;-330
35615.4;-363
35623.1;-361
35630.8;-374
35638.5;-370
35646.2;-361
35653.8;-351
35661.5;-322
35669.2;-344
35676.9;-306
35684.6;-321
35692.3;-286
35700.0;-291
35707.7;-254
35715.4;-268
35723.1;-256
35730.8;-257
35738.5;-267
35746.2;-289
35753.8;-308
35761.5;-287
35769.2;-319
35776.9;-294
35784.6;-330
35792.3;-306
35800.0;-324
35807.7;-305
35815.4;-321
35823.1;-315
35830.8;-320
35838.5;-340
35846.2;-328
35853.8;-336
35861.5;-312
35869.2;-318
35876.9;-302
35884.6;-312
35892.3;-298
35900.0;-326
35907.7;-318
35915.4;-354
35923.1;-343
35930.8;-350
35938.5;-355
35946.2;-344
35953.8;-349
35961.5;-331
35969.2;-347
35976.9;-324
35984.6;-338
35992.3;-330
36000.0;-357
36007.7;-333
36015.4;-346
36023.1;-324
36030.8;-323
36038.5;-332
36046.2;-339
36053.8;-351
36061.5;-339
36069.2;-346
36076.9;-323
36084.6;-347
36092.3;-323
36100.0;-352
36107.7;-320
36115.4;-320
36123.1;-295
36130.8;-298
36138.5;-291
36146.2;-289
36153.8;-289
36161.5;-260
36169.2;-252
36176.9;-176
36184.6;-128
36192.3;51
36200.0;357
36207.7;767
36215.4;1123
36223.1;1409
36230.8;1277
36238.5;703
36246.2;111
36253.8;-256
36261.5;-302
36269.2;-305
36276.9;-322
36284.6;-353
36292.3;-339
36300.0;-379
36307.7;-381
36315.4;-399
36323.1;-385
36330.8;-385
36338.5;-384
36346.2;-374
36353.8;-382
36361.5;-365
36369.2;-388
36376.9;-367
36384.6;-387
36392.3;-345
36400.0;-376
36407.7;-337
36415.4;-328
36423.1;-302
36430.8;-292
36438.5;-270
36446.2;-240
36453.8;-244
36461.5;-213
36469.2;-209
36476.9;-181
36484.6;-218
36492.3;-223
36500.0;-272
36507.7;-287
36515.4;-332
36523.1;-340
36530.8;-354
36538.5;-360
36546.2;-350
36553.8;-374
36561.5;-369
36569.2;-394
36576.9;-380
36584.6;-379
36592.3;-348
36600.0;-363
36607.7;-334
36615.4;-341
36623.1;-293
36630.8;-284
36638.5;-273
36646.2;-284
36653.8;-308
36661.5;-287
36669.2;-308
36676.9;-286
36684.6;-324
36692.3;-308
36700.0;-332
36707.7;-311
36715.4;-329
36723.1;-307
36730.8;-301
36738.5;-307
36746.2;-305
36753.8;-313
36761.5;-298
36769.2;-310
36776.9;-290
36784.6;-290
36792.3;-249
36800.0;-270
36807.7;-252
36815.4;-295
36823.1;-282
36830.8;-289
36838.5;-277
36846.2;-277
36853.8;-271
36861.5;-246
36869.2;-271
36876.9;-235
36884.6;-249
36892.3;-195
36900.0;-169
36907.7;-53
36915.4;206
36923.1;611
36930.8;1019
36938.5;1315
36946.2;1211
36953.8;620
36961.5;128
36969.2;-134
36976.9;-190
36984.6;-267
36992.3;-306
37000.0;-359
37007.7;-354
37015.4;-387
37023.1;-382
37030.8;-395
37038.5;-391
37046.2;-381
37053.8;-384
37061.5;-361
37069.2;-359
37076.9;-319
37084.6;-333
37092.3;-279
37100.0;-266
37107.7;-202
37115.4;-184
37123.1;-180
37130.8;-178
37138.5;-159
37146.2;-142
37153.8;-147
37161.5;-125
37169.2;-151
37176.9;-139
37184.6;-186
37192.3;-203
37200.0;-255
37207.7;-271
37215.4;-304
37223.1;-305
37230.8;-302
37238.5;-301
37246.2;-302
37253.8;-305
37261.5;-278
37269.2;-282
37276.9;-265
37284.6;-302
37292.3;-298
37300.0;-327
37307.7;-301
37315.4;-326
37323.1;-306
37330.8;-312
37338.5;-330
37346.2;-323
37353.8;-347
37361.5;-326
37369.2;-340
37376.9;-321
37384.6;-349
37392.3;-307
37400.0;-307
37407.7;-287
37415.4;-282
37423.1;-247
37430.8;-247
37438.5;-247
37446.2;-241
37453.8;-252
37461.5;-233
37469.2;-250
37476.9;-237
37484.6;-267
37492.3;-249
37500.0;-267
37507.7;-255
37515.4;-272
37523.1;-276
37530.8;-275
37538.5;-276
37546.2;-258
37553.8;-251
37561.5;-225
37569.2;-217
37576.9;-158
37584.6;-115
37592.3;-24
37600.0;160
37607.7;541
37615.4;951
37623.1;1346
37630.8;1411
37638.5;850
37646.2;193
37653.8;-148
37661.5;-186
37669.2;-209
37676.9;-256
37684.6;-321
37692.3;-331
37700.0;-375
37707.7;-375
37715.4;-395
37723.1;-354
37730.8;-320
37738.5;-299
37746.2;-277
37753.8;-273
37761.5;-245
37769.2;-246
37776.9;-218
37784.6;-221
37792.3;-195
37800.0;-182
37807.7;-136
37815.4;-122
37823.1;-94
37830.8;-93
37838.5;-91
37846.2;-76
37853.8;-93
37861.5;-90
37869.2;-132
37876.9;-136
37884.6;-161
37892.3;-166
37900.0;-197
37907.7;-181
37915.4;-216
37923.1;-219
37930.8;-223
37938.5;-235
37946.2;-221
37953.8;-237
37961.5;-209
37969.2;-217
37976.9;-160
37984.6;-137
37992.3;103
38000.0;485
38007.7;899
38015.4;1301
38023.1;1336
38030.8;900
38038.5;268
38046.2;-29
38053.8;-155
38061.5;-189
38069.2;-268
38076.9;-268
38084.6;-318
38092.3;-312
38100.0;-343
38107.7;-329
38115.4;-348
38123.1;-335
38130.8;-345
38138.5;-334
38146.2;-337
38153.8;-339
38161.5;-288
38169.2;-311
38176.9;-273
38184.6;-286
38192.3;-227
38200.0;-219
38207.7;-183
38215.4;-180
38223.1;-141
38230.8;-120
38238.5;-95
38246.2;-73
38253.8;-81
38261.5;-85
38269.2;-125
38276.9;-128
38284.6;-180
38292.3;-177
38300.0;-212
38307.7;-203
38315.4;-225
38323.1;-229
38330.8;-237
38338.5;-246
38346.2;-219
38353.8;-209
38361.5;-191
38369.2;-210
38376.9;-189
38384.6;-217
38392.3;-178
38400.0;-188
38407.7;-172
38415.4;-191
38423.1;-193
38430.8;-188
38438.5;-196
38446.2;-197
38453.8;-211
38461.5;-206
38469.2;-231
38476.9;-218
38484.6;-261
38492.3;-232
38500.0;-272
38507.7;-239
38515.4;-249
38523.1;-220
38530.8;-236
38538.5;-236
38546.2;-231
38553.8;-256
38561.5;-233
38569.2;-273
38576.9;-233
38584.6;-251
38592.3;-227
38600.0;-254
38607.7;-229
38615.4;-238
38623.1;-227
38630.8;-250
38638.5;-252
38646.2;-243
38653.8;-265
38661.5;-264
38669.2;-282
38676.9;-258
38684.6;-278
38692.3;-234
38700.0;-243
38707.7;-212
38715.4;-207
38723.1;-165
38730.8;-110
38738.5;-9
38746.2;261
38753.8;734
38761.5;1226
38769.2;1556
38776.9;1199
38784.6;372
38792.3;-109
38800.0;-244
38807.7;-216
38815.4;-295
38823.1;-316
38830.8;-358
38838.5;-348
38846.2;-343
38853.8;-364
38861.5;-347
38869.2;-371
38876.9;-354
38884.6;-374
38892.3;-328
38900.0;-329
38907.7;-293
38915.4;-301
38923.1;-276
38930.8;-285
38938.5;-282
38946.2;-280
38953.8;-284
38961.5;-262
38969.2;-268
38976.9;-251
38984.6;-255
38992.3;-226
39000.0;-248
39007.7;-233
39015.4;-272
39023.1;-287
39030.8;-313
39038.5;-323
39046.2;-319
39053.8;-334
39061.5;-310
39069.2;-324
39076.9;-288
39084.6;-301
39092.3;-264
39100.0;-267
39107.7;-249
39115.4;-256
39123.1;-242
39130.8;-250
39138.5;-250
39146.2;-242
39153.8;-249
39161.5;-242
39169.2;-254
39176.9;-235
39184.6;-264
39192.3;-244
39200.0;-263
39207.7;-239
39215.4;-265
39223.1;-241
39230.8;-237
39238.5;-204
39246.2;-148
39253.8;-67
39261.5;211
39269.2;597
39276.9;1018
39284.6;1228
39292.3;968
39300.0;348
39307.7;1
39315.4;-205
39323.1;-266
39330.8;-338
39338.5;-376
39346.2;-387
39353.8;-390
39361.5;-377
39369.2;-400
39376.9;-393
39384.6;-408
39392.3;-373
39400.0;-395
39407.7;-353
39415.4;-347
39423.1;-308
39430.8;-287
39438.5;-269
39446.2;-261
39453.8;-261
39461.5;-230
39469.2;-236
39476.9;-205
39484.6;-212
39492.3;-181
39500.0;-200
39507.7;-195
39515.4;-237
39523.1;-256
39530.8;-289
39538.5;-316
39546.2;-309
39553.8;-313
39561.5;-289
39569.2;-279
39576.9;-260
39584.6;-292
39592.3;-275
39600.0;-303
39607.7;-282
39615.4;-297
39623.1;-282
39630.8;-292
39638.5;-296
39646.2;-295
39653.8;-309
39661.5;-297
39669.2;-319
39676.9;-284
39684.6;-312
39692.3;-293
39700.0;-313
39707.7;-291
39715.4;-279
39723.1;-259
39730.8;-261
39738.5;-257
39746.2;-270
39753.8;-296
39761.5;-288
39769.2;-300
39776.9;-274
39784.6;-295
39792.3;-285
39800.0;-313
39807.7;-273
39815.4;-272
39823.1;-259
39830.8;-255
39838.5;-221
39846.2;-165
39853.8;-36
39861.5;309
39869.2;732
39876.9;1175
39884.6;1355
39892.3;978
39900.0;249
39907.7;-113
39915.4;-215
39923.1;-243
39930.8;-300
39938.5;-339
39946.2;-364
39953.8;-382
39961.5;-380
39969.2;-391
39976.9;-368
39984.6;-391
39992.3;-343
40000.0;-343
40007.7;-303
40015.4;-307
40023.1;-288
40030.8;-301
40038.5;-286
40046.2;-265
40053.8;-258
40061.5;-246
40069.2;-254
40076.9;-227
40084.6;-245
40092.3;-194
40100.0;-211
40107.7;-181
40115.4;-215
40123.1;-224
40130.8;-237
40138.5;-263
40146.2;-262
40153.8;-279
40161.5;-271
40169.2;-296
40176.9;-278
40184.6;-307
40192.3;-274
40200.0;-307
40207.7;-288
40215.4;-304
40223.1;-294
40230.8;-302
40238.5;-296
40246.2;-282
40253.8;-299
40261.5;-267
40269.2;-282
40276.9;-245
40284.6;-267
40292.3;-251
40300.0;-269
40307.7;-246
40315.4;-266
40323.1;-250
40330.8;-254
40338.5;-240
40346.2;-252
40353.8;-286
40361.5;-270
40369.2;-297
40376.9;-264
40384.6;-285
40392.3;-263
40400.0;-296
40407.7;-269
40415.4;-282
40423.1;-255
40430.8;-270
40438.5;-278
40446.2;-288
40453.8;-286
40461.5;-249
40469.2;-261
40476.9;-224
40484.6;-246
40492.3;-223
40500.0;-254
40507.7;-231
40515.4;-254
40523.1;-243
40530.8;-257
40538.5;-261
40546.2;-247
40553.8;-259
40561.5;-245
40569.2;-268
40576.9;-234
40584.6;-265
40592.3;-232
40600.0;-246
40607.7;-234
40615.4;-240
40623.1;-213
40630.8;-210
40638.5;-202
40646.2;-180
40653.8;-169
40661.5;-132
40669.2;-98
40676.9;13
40684.6;252
40692.3;713
40700.0;1124
40707.7;1482
40715.4;1374
40723.1;693
40730.8;55
40738.5;-242
40746.2;-227
40753.8;-239
40761.5;-269
40769.2;-291
40776.9;-288
40784.6;-334
40792.3;-332
40800.0;-354
40807.7;-327
40815.4;-342
40823.1;-309
40830.8;-298
40838.5;-291
40846.2;-283
40853.8;-298
40861.5;-277
40869.2;-270
40876.9;-243
40884.6;-267
40892.3;-245
40900.0;-256
40907.7;-232
40915.4;-244
40923.1;-227
40930.8;-213
40938.5;-198
40946.2;-187
40953.8;-196
40961.5;-185
40969.2;-213
40976.9;-192
40984.6;-230
40992.3;-217
41000.0;-245
41007.7;-242
41015.4;-254
41023.1;-247
41030.8;-263
41038.5;-267
41046.2;-274
41053.8;-288
41061.5;-277
41069.2;-290
41076.9;-268
41084.6;-281
41092.3;-247
41100.0;-249
41107.7;-243
41115.4;-248
41123.1;-237
41130.8;-233
41138.5;-221
41146.2;-190
41153.8;-183
41161.5;-183
41169.2;-204
41176.9;-187
41184.6;-198
41192.3;-182
41200.0;-219
41207.7;-193
41215.4;-222
41223.1;-206
41230.8;-227
41238.5;-238
41246.2;-233
41253.8;-239
41261.5;-231
41269.2;-241
41276.9;-214
41284.6;-229
41292.3;-195
41300.0;-156
41307.7;-47
41315.4;174
41323.1;590
41330.8;1007
41338.5;1381
41346.2;1409
41353.8;827
41361.5;142
41369.2;-211
41376.9;-195
41384.6;-227
41392.3;-260
41400.0;-320
41407.7;-317
41415.4;-340
41423.1;-338
41430.8;-346
41438.5;-352
41446.2;-362
41453.8;-373
41461.5;-351
41469.2;-361
41476.9;-337
41484.6;-366
41492.3;-329
41500.0;-361
41507.7;-329
41515.4;-322
41523.1;-289
41530.8;-263
41538.5;-249
41546.2;-218
41553.8;-221
41561.5;-178
41569.2;-195
41576.9;-167
41584.6;-189
41592.3;-200
41600.0;-244
41607.7;-243
41615.4;-273
41623.1;-274
41630.8;-293
41638.5;-310
41646.2;-324
41653.8;-339
41661.5;-337
41669.2;-367
41676.9;-352
41684.6;-353
41692.3;-333
41700.0;-328
41707.7;-298
41715.4;-320
41723.1;-308
41730.8;-307
41738.5;-295
41746.2;-292
41753.8;-302
41761.5;-285
41769.2;-302
41776.9;-271
41784.6;-302
41792.3;-275
41800.0;-312
41807.7;-292
41815.4;-305
41823.1;-287
41830.8;-300
41838.5;-298
41846.2;-303
41853.8;-299
41861.5;-251
41869.2;-280
41876.9;-266
41884.6;-288
41892.3;-266
41900.0;-299
41907.7;-285
41915.4;-308
41923.1;-300
41930.8;-304
41938.5;-309
41946.2;-303
41953.8;-317
41961.5;-308
41969.2;-325
41976.9;-291
41984.6;-295
41992.3;-274
42000.0;-277
42007.7;-272
42015.4;-288
42023.1;-242
42030.8;-235
42038.5;-250
42046.2;-250
42053.8;-251
42061.5;-197
42069.2;-168
42076.9;-7
42084.6;313
42092.3;757
42100.0;1163
42107.7;1390
42115.4;1079
42123.1;420
42130.8;-27
42138.5;-185
42146.2;-218
42153.8;-272
42161.5;-290
42169.2;-325
42176.9;-299
42184.6;-336
42192.3;-328
42200.0;-361
42207.7;-344
42215.4;-360
42223.1;-343
42230.8;-336
42238.5;-326
42246.2;-329
42253.8;-339
42261.5;-322
42269.2;-334
42276.9;-300
42284.6;-320
42292.3;-262
42300.0;-259
42307.7;-227
42315.4;-230
42323.1;-209
42330.8;-191
42338.5;-182
42346.2;-153
42353.8;-165
42361.5;-168
42369.2;-209
42376.9;-207
42384.6;-253
42392.3;-244
42400.0;-276
42407.7;-269
42415.4;-296
42423.1;-308
42430.8;-317
42438.5;-311
42446.2;-298
42453.8;-312
42461.5;-288
42469.2;-300
42476.9;-281
42484.6;-320
42492.3;-298
42500.0;-308
42507.7;-292
42515.4;-297
42523.1;-262
42530.8;-240
42538.5;-205
42546.2;-159
42553.8;-109
42561.5;21
42569.2;295
42576.9;690
42584.6;1082
42592.3;1353
42600.0;1091
42607.7;448
42615.4;-30
42623.1;-179
42630.8;-221
42638.5;-251
42646.2;-294
42653.8;-338
42661.5;-338
42669.2;-374
42676.9;-367
42684.6;-388
42692.3;-385
42700.0;-404
42707.7;-360
42715.4;-343
42723.1;-317
42730.8;-303
42738.5;-282
42746.2;-242
42753.8;-231
42761.5;-193
42769.2;-203
42776.9;-162
42784.6;-163
42792.3;-118
42800.0;-118
42807.7;-90
42815.4;-104
42823.1;-105
42830.8;-135
42838.5;-168
42846.2;-196
42853.8;-232
42861.5;-226
42869.2;-273
42876.9;-252
42884.6;-268
42892.3;-232
42900.0;-235
42907.7;-228
42915.4;-230
42923.1;-215
42930.8;-222
42938.5;-219
42946.2;-213
42953.8;-202
42961.5;-178
42969.2;-178
42976.9;-112
42984.6;-44
42992.3;259
43000.0;580
43007.7;1002
43015.4;1300
43023.1;1206
43030.8;613
43038.5;36
43046.2;-175
43053.8;-208
43061.5;-213
43069.2;-278
43076.9;-284
43084.6;-341
43092.3;-342
43100.0;-374
43107.7;-351
43115.4;-376
43123.1;-381
43130.8;-379
43138.5;-385
43146.2;-378
43153.8;-390
43161.5;-374
43169.2;-380
43176.9;-325
43184.6;-324
43192.3;-293
43200.0;-286
43207.7;-226
43215.4;-216
43223.1;-169
43230.8;-157
43238.5;-137
43246.2;-107
43253.8;-123
43261.5;-109
43269.2;-163
43276.9;-160
43284.6;-208
43292.3;-209
43300.0;-239
43307.7;-238
43315.4;-255
43323.1;-260
43330.8;-249
43338.5;-259
43346.2;-228
43353.8;-230
43361.5;-156
43369.2;-90
43376.9;179
43384.6;572
43392.3;1006
43400.0;1361
43407.7;1394
43415.4;961
43423.1;347
43430.8;1
43438.5;-124
43446.2;-182
43453.8;-258
43461.5;-273
43469.2;-329
43476.9;-334
43484.6;-370
43492.3;-357
43500.0;-388
43507.7;-374
43515.4;-398
43523.1;-377
43530.8;-381
43538.5;-377
43546.2;-359
43553.8;-333
43561.5;-298
43569.2;-321
43576.9;-286
43584.6;-294
43592.3;-264
43600.0;-261
43607.7;-208
43615.4;-207
43623.1;-174
43630.8;-194
43638.5;-180
43646.2;-172
43653.8;-201
43661.5;-209
43669.2;-240
43676.9;-221
43684.6;-260
43692.3;-231
43700.0;-273
43707.7;-242
43715.4;-252
43723.1;-223
43730.8;-206
43738.5;-213
43746.2;-201
43753.8;-213
43761.5;-198
43769.2;-218
43776.9;-201
43784.6;-236
43792.3;-212
43800.0;-236
43807.7;-219
43815.4;-223
43823.1;-190
43830.8;-144
43838.5;-61
43846.2;142
43853.8;441
43861.5;816
43869.2;1124
43876.9;1310
43884.6;890
43892.3;266
43900.0;-134
43907.7;-220
43915.4;-245
43923.1;-302
43930.8;-323
43938.5;-345
43946.2;-339
43953.8;-363
43961.5;-357
43969.2;-398
43976.9;-390
43984.6;-419
43992.3;-389
44000.0;-406
44007.7;-379
44015.4;-391
44023.1;-378
44030.8;-365
44038.5;-370
44046.2;-353
44053.8;-354
44061.5;-334
44069.2;-352
44076.9;-333
44084.6;-341
44092.3;-288
44100.0;-269
44107.7;-244
44115.4;-245
44123.1;-237
44130.8;-252
44138.5;-266
44146.2;-267
44153.8;-287
44161.5;-286
44169.2;-292
44176.9;-266
44184.6;-300
44192.3;-267
44200.0;-277
44207.7;-258
44215.4;-272
44223.1;-259
44230.8;-254
44238.5;-270
44246.2;-265
44253.8;-283
44261.5;-268
44269.2;-275
44276.9;-249
44284.6;-262
44292.3;-227
44300.0;-244
44307.7;-235
44315.4;-241
44323.1;-244
44330.8;-237
44338.5;-244
44346.2;-245
44353.8;-247
44361.5;-237
44369.2;-259
44376.9;-238
44384.6;-263
44392.3;-238
44400.0;-264
44407.7;-254
44415.4;-268
44423.1;-259
44430.8;-257
44438.5;-228
44446.2;-167
44453.8;-137
44461.5;-12
44469.2;242
44476.9;623
44484.6;1004
44492.3;1318
44500.0;1064
44507.7;435
44515.4;-37
44523.1;-183
44530.8;-227
44538.5;-291
44546.2;-311
44553.8;-351
44561.5;-345
44569.2;-387
44576.9;-369
44584.6;-401
44592.3;-384
44600.0;-407
44607.7;-377
44615.4;-377
44623.1;-320
44630.8;-311
44638.5;-288
44646.2;-278
44653.8;-293
44661.5;-273
44669.2;-303
44676.9;-278
44684.6;-288
44692.3;-242
44700.0;-255
44707.7;-223
44715.4;-219
44723.1;-228
44730.8;-248
44738.5;-271
44746.2;-265
44753.8;-295
44761.5;-282
44769.2;-290
44776.9;-253
44784.6;-284
44792.3;-257
44800.0;-267
44807.7;-241
44815.4;-258
44823.1;-263
44830.8;-269
44838.5;-286
44846.2;-281
44853.8;-288
44861.5;-278
44869.2;-301
44876.9;-266
44884.6;-291
44892.3;-267
44900.0;-287
44907.7;-266
44915.4;-276
44923.1;-243
44930.8;-231
44938.5;-246
44946.2;-239
44953.8;-259
44961.5;-266
44969.2;-294
44976.9;-260
44984.6;-259
44992.3;-232
45000.0;-258
45007.7;-241
45015.4;-268
45023.1;-242
45030.8;-210
45038.5;-166
45046.2;-5
45053.8;332
45061.5;774
45069.2;1153
45076.9;1261
45084.6;775
45092.3;216
45100.0;-96
45107.7;-179
45115.4;-246
45123.1;-291
45130.8;-326
45138.5;-360
45146.2;-356
45153.8;-362
45161.5;-359
45169.2;-387
45176.9;-367
45184.6;-388
45192.3;-358
45200.0;-384
45207.7;-368
45215.4;-369
45223.1;-332
45230.8;-331
45238.5;-336
45246.2;-306
45253.8;-328
45261.5;-291
45269.2;-312
45276.9;-262
45284.6;-285
45292.3;-257
45300.0;-284
45307.7;-266
45315.4;-286
45323.1;-273
45330.8;-263
45338.5;-265
45346.2;-271
45353.8;-297
45361.5;-284
45369.2;-302
45376.9;-274
45384.6;-309
45392.3;-282
45400.0;-313
45407.7;-297
45415.4;-304
45423.1;-294
45430.8;-298
45438.5;-288
45446.2;-301
45453.8;-306
45461.5;-292
45469.2;-323
45476.9;-308
45484.6;-306
45492.3;-243
45500.0;-248
45507.7;-212
45515.4;-235
45523.1;-229
45530.8;-234
45538.5;-239
45546.2;-234
45553.8;-264
45561.5;-248
45569.2;-267
45576.9;-252
45584.6;-269
45592.3;-248
45600.0;-264
45607.7;-243
45615.4;-246
45623.1;-228
45630.8;-228
45638.5;-222
45646.2;-146
45653.8;-18
45661.5;328
45669.2;713
45676.9;1148
45684.6;1329
45692.3;937
45700.0;244
45707.7;-71
45715.4;-141
45723.1;-156
45730.8;-213
45738.5;-252
45746.2;-266
45753.8;-297
45761.5;-295
45769.2;-301
45776.9;-272
45784.6;-309
45792.3;-277
45800.0;-271
45807.7;-242
45815.4;-246
45823.1;-216
45830.8;-196
45838.5;-201
45846.2;-190
45853.8;-201
45861.5;-192
45869.2;-199
45876.9;-178
45884.6;-196
45892.3;-158
45900.0;-170
45907.7;-158
45915.4;-172
45923.1;-179
45930.8;-203
45938.5;-222
45946.2;-231
45953.8;-250
45961.5;-239
45969.2;-259
45976.9;-241
45984.6;-253
45992.3;-218
46000.0;-221
46007.7;-196
46015.4;-205
46023.1;-186
46030.8;-197
46038.5;-189
46046.2;-183
46053.8;-207
46061.5;-171
46069.2;-190
46076.9;-175
46084.6;-196
46092.3;-172
46100.0;-185
46107.7;-179
46115.4;-168
46123.1;-174
46130.8;-174
46138.5;-177
46146.2;-171
46153.8;-204
46161.5;-185
46169.2;-216
46176.9;-192
46184.6;-203
46192.3;-152
46200.0;-140
46207.7;-105
46215.4;-85
46223.1;-2
46230.8;184
46238.5;566
46246.2;996
46253.8;1340
46261.5;1296
46269.2;657
46276.9;111
46284.6;-145
46292.3;-113
46300.0;-176
46307.7;-205
46315.4;-252
46323.1;-285
46330.8;-298
46338.5;-303
46346.2;-299
46353.8;-297
46361.5;-265
46369.2;-289
46376.9;-252
46384.6;-272
46392.3;-239
46400.0;-236
46407.7;-195
46415.4;-201
46423.1;-188
46430.8;-175
46438.5;-188
46446.2;-177
46453.8;-177
46461.5;-158
46469.2;-185
46476.9;-179
46484.6;-193
46492.3;-174
46500.0;-215
46507.7;-202
46515.4;-225
46523.1;-206
46530.8;-218
46538.5;-218
46546.2;-211
46553.8;-220
46561.5;-206
46569.2;-216
46576.9;-201
46584.6;-233
46592.3;-225
46600.0;-248
46607.7;-241
46615.4;-259
46623.1;-251
46630.8;-263
46638.5;-246
46646.2;-250
46653.8;-249
46661.5;-242
46669.2;-283
46676.9;-266
46684.6;-280
46692.3;-232
46700.0;-232
46707.7;-194
46715.4;-197
46723.1;-170
46730.8;-171
46738.5;-170
46746.2;-179
46753.8;-199
46761.5;-190
46769.2;-231
46776.9;-209
46784.6;-234
46792.3;-214
46800.0;-234
46807.7;-224
46815.4;-247
46823.1;-238
46830.8;-237
46838.5;-257
46846.2;-234
46853.8;-247
46861.5;-211
46869.2;-199
46876.9;-178
46884.6;-195
46892.3;-173
46900.0;-196
46907.7;-183
46915.4;-206
46923.1;-219
46930.8;-236
46938.5;-230
46946.2;-220
46953.8;-251
46961.5;-233
46969.2;-253
46976.9;-229
46984.6;-262
46992.3;-233
47000.0;-249
47007.7;-245
47015.4;-253
47023.1;-242
47030.8;-235
47038.5;-227
47046.2;-188
47053.8;-186
47061.5;-170
47069.2;-198
47076.9;-175
47084.6;-185
47092.3;-172
47100.0;-187
47107.7;-171
47115.4;-196
47123.1;-184
47130.8;-183
47138.5;-194
47146.2;-175
47153.8;-204
47161.5;-187
47169.2;-219
47176.9;-197
47184.6;-213
47192.3;-179
47200.0;-178
47207.7;-126
47215.4;-98
47223.1;9
47230.8;297
47238.5;671
47246.2;1039
47253.8;1326
47261.5;1230
47269.2;640
47276.9;157
47284.6;-88
47292.3;-87
47300.0;-153
47307.7;-198
47315.4;-245
47323.1;-261
47330.8;-282
47338.5;-299
47346.2;-304
47353.8;-325
47361.5;-302
47369.2;-338
47376.9;-305
47384.6;-330
47392.3;-281
47400.0;-293
47407.7;-280
47415.4;-278
47423.1;-238
47430.8;-209
47438.5;-207
47446.2;-193
47453.8;-207
47461.5;-182
47469.2;-199
47476.9;-169
47484.6;-180
47492.3;-142
47500.0;-155
47507.7;-139
47515.4;-149
47523.1;-137
47530.8;-150
47538.5;-165
47546.2;-180
47553.8;-214
47561.5;-222
47569.2;-245
47576.9;-248
47584.6;-269
47592.3;-256
47600.0;-280
47607.7;-243
47615.4;-234
47623.1;-209
47630.8;-210
47638.5;-214
47646.2;-207
47653.8;-214
47661.5;-198
47669.2;-224
47676.9;-211
47684.6;-228
47692.3;-200
47700.0;-222
47707.7;-217
47715.4;-223
47723.1;-226
47730.8;-242
47738.5;-247
47746.2;-245
47753.8;-256
47761.5;-251
47769.2;-284
47776.9;-262
47784.6;-288
47792.3;-266
47800.0;-265
47807.7;-219
47815.4;-237
47823.1;-215
47830.8;-211
47838.5;-208
47846.2;-212
47853.8;-207
47861.5;-193
47869.2;-235
47876.9;-230
47884.6;-261
47892.3;-227
47900.0;-243
47907.7;-224
47915.4;-232
47923.1;-209
47930.8;-199
47938.5;-195
47946.2;-154
47953.8;-106
47961.5;84
47969.2;400
47976.9;806
47984.6;1127
47992.3;1303
48000.0;920
48007.7;370
48015.4;23
48023.1;-115
48030.8;-184
48038.5;-265
48046.2;-304
48053.8;-345
48061.5;-347
48069.2;-380
48076.9;-360
48084.6;-389
48092.3;-369
48100.0;-394
48107.7;-371
48115.4;-367
48123.1;-351
48130.8;-339
48138.5;-309
48146.2;-248
48153.8;-214
48161.5;-159
48169.2;-169
48176.9;-134
48184.6;-166
48192.3;-141
48200.0;-170
48207.7;-150
48215.4;-156
48223.1;-149
48230.8;-167
48238.5;-191
48246.2;-204
48253.8;-245
48261.5;-250
48269.2;-286
48276.9;-273
48284.6;-293
48292.3;-271
48300.0;-286
48307.7;-261
48315.4;-262
48323.1;-255
48330.8;-260
48338.5;-261
48346.2;-246
48353.8;-249
48361.5;-239
48369.2;-251
48376.9;-235
48384.6;-267
48392.3;-261
48400.0;-298
48407.7;-277
48415.4;-290
48423.1;-278
48430.8;-275
48438.5;-265
48446.2;-261
48453.8;-268
48461.5;-227
48469.2;-234
48476.9;-188
48484.6;-212
48492.3;-199
48500.0;-231
48507.7;-226
48515.4;-238
48523.1;-234
48530.8;-232
48538.5;-229
48546.2;-226
48553.8;-227
48561.5;-208
48569.2;-229
48576.9;-203
48584.6;-231
48592.3;-201
48600.0;-231
48607.7;-212
48615.4;-219
48623.1;-215
48630.8;-196
48638.5;-194
48646.2;-194
48653.8;-194
48661.5;-195
48669.2;-222
48676.9;-197
48684.6;-211
48692.3;-189
48700.0;-210
48707.7;-174
48715.4;-162
48723.1;-157
48730.8;-172
48738.5;-184
48746.2;-169
48753.8;-180
48761.5;-159
48769.2;-149
48776.9;-98
48784.6;-59
48792.3;82
48800.0;371
48807.7;781
48815.4;1126
48823.1;1429
48830.8;1218
48838.5;576
48846.2;57
48853.8;-155
48861.5;-107
48869.2;-174
48876.9;-196
48884.6;-263
48892.3;-248
48900.0;-293
48907.7;-261
48915.4;-258
48923.1;-248
48930.8;-247
48938.5;-254
48946.2;-240
48953.8;-249
48961.5;-219
48969.2;-244
48976.9;-201
48984.6;-212
48992.3;-193
49000.0;-202
49007.7;-173
49015.4;-180
49023.1;-167
49030.8;-159
49038.5;-163
49046.2;-133
49053.8;-144
49061.5;-120
49069.2;-138
49076.9;-128
49084.6;-155
49092.3;-140
49100.0;-160
49107.7;-154
49115.4;-175
49123.1;-170
49130.8;-166
49138.5;-174
49146.2;-167
49153.8;-192
49161.5;-195
49169.2;-220
49176.9;-205
49184.6;-235
49192.3;-211
49200.0;-231
49207.7;-209
49215.4;-212
49223.1;-198
49230.8;-188
49238.5;-195
49246.2;-175
49253.8;-184
49261.5;-187
49269.2;-207
49276.9;-176
49284.6;-172
49292.3;-149
49300.0;-164
49307.7;-150
49315.4;-171
49323.1;-171
49330.8;-177
49338.5;-177
49346.2;-184
49353.8;-196
49361.5;-187
49369.2;-224
49376.9;-194
49384.6;-204
49392.3;-184
49400.0;-200
49407.7;-179
49415.4;-198
49423.1;-188
49430.8;-206
49438.5;-196
49446.2;-179
49453.8;-187
49461.5;-176
49469.2;-197
49476.9;-168
49484.6;-155
49492.3;-102
49500.0;-88
49507.7;1
49515.4;94
49523.1;370
49530.8;741
49538.5;1113
49546.2;1404
49553.8;1295
49561.5;797
49569.2;229
49576.9;-20
49584.6;-71
49592.3;-93
49600.0;-173
49607.7;-188
49615.4;-219
49623.1;-240
49630.8;-251
49638.5;-274
49646.2;-273
49653.8;-309
49661.5;-289
49669.2;-319
49676.9;-276
49684.6;-262
49692.3;-229
49700.0;-231
49707.7;-191
49715.4;-184
49723.1;-156
49730.8;-133
49738.5;-119
49746.2;-114
49753.8;-106
49761.5;-79
49769.2;-81
49776.9;-59
49784.6;-96
49792.3;-73
49800.0;-111
49807.7;-118
49815.4;-166
49823.1;-192
49830.8;-207
49838.5;-237
49846.2;-229
49853.8;-232
49861.5;-206
49869.2;-238
49876.9;-202
49884.6;-220
49892.3;-187
49900.0;-215
49907.7;-196
49915.4;-205
49923.1;-198
49930.8;-189
49938.5;-181
49946.2;-162
49953.8;-180
49961.5;-161
49969.2;-194
49976.9;-179
49984.6;-206
49992.3;-188
50000.0;-221
50007.7;-201
50015.4;-209
50023.1;-189
50030.8;-185
50038.5;-179
50046.2;-161
50053.8;-166
50061.5;-140
50069.2;-114
50076.9;1
50084.6;219
50092.3;617
50100.0;980
50107.7;1267
50115.4;990
50123.1;366
50130.8;-7
50138.5;-133
50146.2;-179
50153.8;-256
50161.5;-303
50169.2;-354
50176.9;-346
50184.6;-342
50192.3;-299
50200.0;-323
50207.7;-305
50215.4;-319
50223.1;-279
50230.8;-266
50238.5;-266
50246.2;-233
50253.8;-222
50261.5;-190
50269.2;-195
50276.9;-162
50284.6;-173
50292.3;-144
50300.0;-157
50307.7;-129
50315.4;-142
50323.1;-141
50330.8;-132
50338.5;-166
50346.2;-177
50353.8;-227
50361.5;-237
50369.2;-261
50376.9;-234
50384.6;-263
50392.3;-247
50400.0;-263
50407.7;-252
50415.4;-249
50423.1;-253
50430.8;-254
50438.5;-276
50446.2;-271
50453.8;-288
50461.5;-265
50469.2;-303
50476.9;-292
50484.6;-294
50492.3;-273
50500.0;-303
50507.7;-280
50515.4;-280
50523.1;-265
50530.8;-257
50538.5;-256
50546.2;-256
50553.8;-255
50561.5;-213
50569.2;-250
50576.9;-228
50584.6;-225
50592.3;-182
50600.0;-211
50607.7;-196
50615.4;-206
50623.1;-195
50630.8;-200
50638.5;-202
50646.2;-188
50653.8;-218
50661.5;-202
50669.2;-201
50676.9;-163
50684.6;-175
50692.3;-147
50700.0;-118
50707.7;-63
50715.4;101
50723.1;459
50730.8;883
50738.5;1247
50746.2;1310
50753.8;698
50761.5;115
50769.2;-109
50776.9;-135
50784.6;-204
50792.3;-234
50800.0;-276
50807.7;-287
50815.4;-302
50823.1;-293
50830.8;-298
50838.5;-303
50846.2;-290
50853.8;-299
50861.5;-277
50869.2;-301
50876.9;-268
50884.6;-273
50892.3;-225
50900.0;-237
50907.7;-225
50915.4;-216
50923.1;-193
50930.8;-137
50938.5;-102
50946.2;-90
50953.8;-91
50961.5;-47
50969.2;-75
50976.9;-80
50984.6;-126
50992.3;-141
51000.0;-182
51007.7;-181
51015.4;-215
51023.1;-226
51030.8;-233
51038.5;-226
51046.2;-225
51053.8;-240
51061.5;-229
51069.2;-251
51076.9;-235
51084.6;-255
51092.3;-231
51100.0;-231
51107.7;-195
51115.4;-200
51123.1;-191
51130.8;-172
51138.5;-178
51146.2;-118
51153.8;4
51161.5;372
51169.2;728
51176.9;1146
51184.6;1393
51192.3;1113
51200.0;338
51207.7;-95
51215.4;-169
51223.1;-195
51230.8;-233
51238.5;-274
51246.2;-294
51253.8;-325
51261.5;-317
51269.2;-351
51276.9;-334
51284.6;-333
51292.3;-269
51300.0;-284
51307.7;-244
51315.4;-232
51323.1;-223
51330.8;-196
51338.5;-196
51346.2;-184
51353.8;-172
51361.5;-129
51369.2;-128
51376.9;-100
51384.6;-125
51392.3;-105
51400.0;-133
51407.7;-154
51415.4;-183
51423.1;-216
51430.8;-236
51438.5;-262
51446.2;-245
51453.8;-251
51461.5;-207
51469.2;-227
51476.9;-208
51484.6;-224
51492.3;-198
51500.0;-216
51507.7;-205
51515.4;-236
51523.1;-231
51530.8;-229
51538.5;-236
51546.2;-217
51553.8;-228
51561.5;-201
51569.2;-157
51576.9;-51
51584.6;175
51592.3;579
51600.0;1029
51607.7;1451
51615.4;1360
51623.1;667
51630.8;97
51638.5;-82
51646.2;-135
51653.8;-215
51661.5;-250
51669.2;-301
51676.9;-320
51684.6;-360
51692.3;-366
51700.0;-392
51707.7;-380
51715.4;-383
51723.1;-364
51730.8;-344
51738.5;-340
51746.2;-326
51753.8;-328
51761.5;-292
51769.2;-292
51776.9;-255
51784.6;-249
51792.3;-223
51800.0;-228
51807.7;-204
51815.4;-215
51823.1;-190
51830.8;-198
51838.5;-219
51846.2;-216
51853.8;-260
51861.5;-275
51869.2;-295
51876.9;-271
51884.6;-284
51892.3;-253
51900.0;-277
51907.7;-262
51915.4;-276
51923.1;-278
51930.8;-264
51938.5;-268
51946.2;-247
51953.8;-267
51961.5;-241
51969.2;-257
51976.9;-233
51984.6;-227
51992.3;-210
52000.0;-226
52007.7;-220
52015.4;-222
52023.1;-229
52030.8;-241
52038.5;-228
52046.2;-212
52053.8;-226
52061.5;-214
52069.2;-251
52076.9;-228
52084.6;-254
52092.3;-220
52100.0;-228
52107.7;-189
52115.4;-150
52123.1;-23
52130.8;301
52138.5;685
52146.2;1101
52153.8;1288
52161.5;964
52169.2;293
52176.9;-84
52184.6;-181
52192.3;-172
52200.0;-249
52207.7;-255
52215.4;-287
52223.1;-307
52230.8;-331
52238.5;-344
52246.2;-335
52253.8;-360
52261.5;-328
52269.2;-359
52276.9;-341
52284.6;-359
52292.3;-340
52300.0;-340
52307.7;-325
52315.4;-322
52323.1;-293
52330.8;-282
52338.5;-279
52346.2;-269
52353.8;-250
52361.5;-206
52369.2;-216
52376.9;-196
52384.6;-216
52392.3;-202
52400.0;-224
52407.7;-225
52415.4;-247
52423.1;-230
52430.8;-232
52438.5;-250
52446.2;-254
52453.8;-271
52461.5;-247
52469.2;-265
52476.9;-228
52484.6;-249
52492.3;-243
52500.0;-258
52507.7;-229
52515.4;-228
52523.1;-230
52530.8;-242
52538.5;-265
52546.2;-253
52553.8;-277
52561.5;-264
52569.2;-290
52576.9;-274
52584.6;-299
52592.3;-275
52600.0;-299
52607.7;-273
52615.4;-272
52623.1;-256
52630.8;-246
52638.5;-250
52646.2;-258
52653.8;-252
52661.5;-229
52669.2;-253
52676.9;-232
52684.6;-244
52692.3;-205
52700.0;-238
52707.7;-224
52715.4;-229
52723.1;-227
52730.8;-190
52738.5;-159
52746.2;21
52753.8;357
52761.5;788
52769.2;1152
52776.9;1301
52784.6;842
52792.3;237
52800.0;-76
52807.7;-136
52815.4;-165
52823.1;-200
52830.8;-231
52838.5;-274
52846.2;-281
52853.8;-301
52861.5;-297
52869.2;-324
52876.9;-301
52884.6;-326
52892.3;-307
52900.0;-330
52907.7;-320
52915.4;-329
52923.1;-325
52930.8;-316
52938.5;-302
52946.2;-275
52953.8;-292
52961.5;-259
52969.2;-279
52976.9;-235
52984.6;-232
52992.3;-208
53000.0;-203
53007.7;-185
53015.4;-183
53023.1;-177
53030.8;-182
53038.5;-203
53046.2;-205
53053.8;-239
53061.5;-233
53069.2;-273
53076.9;-261
53084.6;-290
53092.3;-265
53100.0;-291
53107.7;-274
53115.4;-281
53123.1;-265
53130.8;-248
53138.5;-254
53146.2;-218
53153.8;-240
53161.5;-217
53169.2;-249
53176.9;-217
53184.6;-240
53192.3;-213
53200.0;-220
53207.7;-207
53215.4;-216
53223.1;-209
53230.8;-206
53238.5;-214
53246.2;-222
53253.8;-246
53261.5;-241
53269.2;-274
53276.9;-246
53284.6;-258
53292.3;-229
53300.0;-220
53307.7;-208
53315.4;-215
53323.1;-198
53330.8;-190
53338.5;-161
53346.2;-78
53353.8;123
53361.5;505
53369.2;892
53376.9;1263
53384.6;1244
53392.3;710
53400.0;68
53407.7;-186
53415.4;-222
53423.1;-243
53430.8;-302
53438.5;-348
53446.2;-346
53453.8;-361
53461.5;-327
53469.2;-338
53476.9;-308
53484.6;-325
53492.3;-296
53500.0;-299
53507.7;-279
53515.4;-271
53523.1;-274
53530.8;-271
53538.5;-269
53546.2;-260
53553.8;-258
53561.5;-223
53569.2;-250
53576.9;-218
53584.6;-218
53592.3;-194
53600.0;-201
53607.7;-174
53615.4;-171
53623.1;-170
53630.8;-165
53638.5;-182
53646.2;-191
53653.8;-208
53661.5;-202
53669.2;-222
53676.9;-202
53684.6;-222
53692.3;-200
53700.0;-228
53707.7;-218
53715.4;-244
53723.1;-246
53730.8;-261
53738.5;-282
53746.2;-277
53753.8;-287
53761.5;-245
53769.2;-265
53776.9;-245
53784.6;-267
53792.3;-210
53800.0;-213
53807.7;-210
53815.4;-208
53823.1;-200
53830.8;-185
53838.5;-198
53846.2;-183
53853.8;-212
53861.5;-186
53869.2;-210
53876.9;-189
53884.6;-216
53892.3;-194
53900.0;-214
53907.7;-211
53915.4;-230
53923.1;-234
53930.8;-233
53938.5;-249
53946.2;-231
53953.8;-238
53961.5;-206
53969.2;-203
53976.9;-170
53984.6;-202
53992.3;-175
54000.0;-188
54007.7;-184
54015.4;-188
54023.1;-188
54030.8;-181
54038.5;-185
54046.2;-147
54053.8;-146
54061.5;-113
54069.2;-118
54076.9;-48
54084.6;81
54092.3;437
54100.0;825
54107.7;1192
54115.4;1479
54123.1;1212
54130.8;512
54138.5;-19
54146.2;-183
54153.8;-173
54161.5;-184
54169.2;-239
54176.9;-217
54184.6;-240
54192.3;-221
54200.0;-247
54207.7;-240
54215.4;-250
54223.1;-245
54230.8;-250
54238.5;-256
54246.2;-242
54253.8;-259
54261.5;-228
54269.2;-262
54276.9;-239
54284.6;-260
54292.3;-225
54300.0;-244
54307.7;-228
54315.4;-221
54323.1;-214
54330.8;-182
54338.5;-171
54346.2;-137
54353.8;-138
54361.5;-105
54369.2;-120
54376.9;-95
54384.6;-123
54392.3;-131
54400.0;-168
54407.7;-176
54415.4;-190
54423.1;-194
54430.8;-197
54438.5;-196
54446.2;-199
54453.8;-220
54461.5;-211
54469.2;-229
54476.9;-201
54484.6;-201
54492.3;-171
54500.0;-202
54507.7;-189
54515.4;-198
54523.1;-190
54530.8;-184
54538.5;-184
54546.2;-160
54553.8;-184
54561.5;-167
54569.2;-173
54576.9;-83
54584.6;-11
54592.3;303
54600.0;672
54607.7;1120
54615.4;1388
54623.1;1224
54630.8;617
54638.5;157
54646.2;-22
54653.8;-129
54661.5;-143
54669.2;-220
54676.9;-219
54684.6;-265
54692.3;-252
54700.0;-285
54707.7;-278
54715.4;-310
54723.1;-314
54730.8;-318
54738.5;-328
54746.2;-314
54753.8;-326
54761.5;-263
54769.2;-275
54776.9;-231
54784.6;-233
54792.3;-183
54800.0;-188
54807.7;-158
54815.4;-138
54823.1;-120
54830.8;-103
54838.5;-108
54846.2;-91
54853.8;-125
54861.5;-127
54869.2;-178
54876.9;-180
54884.6;-225
54892.3;-225
54900.0;-241
54907.7;-235
54915.4;-235
54923.1;-227
54930.8;-225
54938.5;-246
54946.2;-240
54953.8;-248
54961.5;-214
54969.2;-235
54976.9;-223
54984.6;-235
54992.3;-214
55000.0;-224
55007.7;-210
55015.4;-213
55023.1;-205
55030.8;-185
55038.5;-190
55046.2;-132
55053.8;-78
55061.5;154
55069.2;463
55076.9;876
55084.6;1227
55092.3;1291
55100.0;712
55107.7;125
55115.4;-84
55123.1;-179
55130.8;-202
55138.5;-261
55146.2;-285
55153.8;-341
55161.5;-322
55169.2;-357
55176.9;-340
55184.6;-370
55192.3;-340
55200.0;-351
55207.7;-329
55215.4;-323
55223.1;-312
55230.8;-304
55238.5;-293
55246.2;-259
55253.8;-266
55261.5;-230
55269.2;-246
55276.9;-214
55284.6;-190
55292.3;-162
55300.0;-158
55307.7;-136
55315.4;-137
55323.1;-146
55330.8;-158
55338.5;-192
55346.2;-199
55353.8;-237
55361.5;-234
55369.2;-265
55376.9;-261
55384.6;-281
55392.3;-250
55400.0;-250
55407.7;-236
55415.4;-230
55423.1;-229
55430.8;-227
55438.5;-240
55446.2;-216
55453.8;-211
55461.5;-199
55469.2;-206
55476.9;-200
55484.6;-222
55492.3;-209
55500.0;-242
55507.7;-231
55515.4;-243
55523.1;-237
55530.8;-239
55538.5;-253
55546.2;-254
55553.8;-256
55561.5;-241
55569.2;-256
55576.9;-236
55584.6;-270
55592.3;-267
55600.0;-283
55607.7;-244
55615.4;-239
55623.1;-228
55630.8;-212
55638.5;-191
55646.2;-197
55653.8;-227
55661.5;-205
55669.2;-240
55676.9;-228
55684.6;-238
55692.3;-224
55700.0;-254
55707.7;-243
55715.4;-234
55723.1;-213
55730.8;-206
55738.5;-206
55746.2;-199
55753.8;-203
55761.5;-169
55769.2;-168
55776.9;-89
55784.6;17
55792.3;409
55800.0;816
55807.7;1237
55815.4;1391
55823.1;864
55830.8;178
55838.5;-141
55846.2;-184
55853.8;-205
55861.5;-245
55869.2;-291
55876.9;-271
55884.6;-311
55892.3;-300
55900.0;-308
55907.7;-317
55915.4;-331
55923.1;-321
55930.8;-319
55938.5;-315
55946.2;-276
55953.8;-298
55961.5;-256
55969.2;-269
55976.9;-224
55984.6;-233
55992.3;-227
56000.0;-242
56007.7;-224
56015.4;-221
56023.1;-186
56030.8;-161
56038.5;-149
56046.2;-124
56053.8;-143
56061.5;-136
56069.2;-179
56076.9;-178
56084.6;-226
56092.3;-229
56100.0;-263
56107.7;-252
56115.4;-261
56123.1;-247
56130.8;-227
56138.5;-217
56146.2;-196
56153.8;-209
56161.5;-168
56169.2;-177
56176.9;-145
56184.6;-174
56192.3;-142
56200.0;-161
56207.7;-133
56215.4;-132
56223.1;-107
56230.8;-25
56238.5;179
56246.2;559
56253.8;898
56261.5;1267
56269.2;1331
56276.9;856
56284.6;131
56292.3;-123
56300.0;-177
56307.7;-152
56315.4;-191
56323.1;-216
56330.8;-234
56338.5;-258
56346.2;-269
56353.8;-292
56361.5;-286
56369.2;-295
56376.9;-284
56384.6;-303
56392.3;-281
56400.0;-298
56407.7;-269
56415.4;-285
56423.1;-281
56430.8;-271
56438.5;-282
56446.2;-252
56453.8;-244
56461.5;-198
56469.2;-188
56476.9;-101
56484.6;-66
56492.3;-54
56500.0;-80
56507.7;-98
56515.4;-132
56523.1;-160
56530.8;-189
56538.5;-194
56546.2;-209
56553.8;-255
56561.5;-248
56569.2;-283
56576.9;-268
56584.6;-297
56592.3;-283
56600.0;-304
56607.7;-287
56615.4;-281
56623.1;-250
56630.8;-207
56638.5;-197
56646.2;-189
56653.8;-202
56661.5;-184
56669.2;-200
56676.9;-177
56684.6;-204
56692.3;-193
56700.0;-224
56707.7;-234
56715.4;-262
56723.1;-283
56730.8;-273
56738.5;-298
56746.2;-296
56753.8;-308
56761.5;-273
56769.2;-260
56776.9;-197
56784.6;-212
56792.3;-193
56800.0;-212
56807.7;-192
56815.4;-203
56823.1;-221
56830.8;-215
56838.5;-222
56846.2;-225
56853.8;-236
56861.5;-232
56869.2;-268
56876.9;-270
56884.6;-304
56892.3;-276
56900.0;-279
56907.7;-273
56915.4;-273
56923.1;-257
56930.8;-232
56938.5;-223
56946.2;-207
56953.8;-221
56961.5;-200
56969.2;-238
56976.9;-222
56984.6;-235
56992.3;-215
57000.0;-237
57007.7;-249
57015.4;-281
57023.1;-293
57030.8;-258
57038.5;-241
57046.2;-155
57053.8;-52
57061.5;330
57069.2;774
57076.9;1243
57084.6;1474
57092.3;1009
57100.0;252
57107.7;-111
57115.4;-146
57123.1;-177
57130.8;-254
57138.5;-285
57146.2;-303
57153.8;-333
57161.5;-334
57169.2;-380
57176.9;-381
57184.6;-410
57192.3;-379
57200.0;-393
57207.7;-358
57215.4;-360
57223.1;-332
57230.8;-317
57238.5;-324
57246.2;-307
57253.8;-314
57261.5;-285
57269.2;-306
57276.9;-289
57284.6;-306
57292.3;-269
57300.0;-269
57307.7;-256
57315.4;-251
57323.1;-262
57330.8;-268
57338.5;-285
57346.2;-258
57353.8;-281
57361.5;-268
57369.2;-297
57376.9;-291
57384.6;-321
57392.3;-294
57400.0;-300
57407.7;-281
57415.4;-275
57423.1;-272
57430.8;-260
57438.5;-261
57446.2;-242
57453.8;-285
57461.5;-267
57469.2;-287
57476.9;-253
57484.6;-260
57492.3;-235
57500.0;-260
57507.7;-255
57515.4;-271
57523.1;-283
57530.8;-291
57538.5;-293
57546.2;-282
57553.8;-308
57561.5;-280
57569.2;-299
57576.9;-276
57584.6;-291
57592.3;-274
57600.0;-273
57607.7;-268
57615.4;-245
57623.1;-186
57630.8;-7
57638.5;319
57646.2;769
57653.8;1184
57661.5;1381
57669.2;1003
57676.9;350
57684.6;-76
57692.3;-208
57700.0;-262
57707.7;-327
57715.4;-378
57723.1;-400
57730.8;-411
57738.5;-407
57746.2;-415
57753.8;-441
57761.5;-420
57769.2;-440
57776.9;-397
57784.6;-402
57792.3;-357
57800.0;-347
57807.7;-329
57815.4;-337
57823.1;-340
57830.8;-347
57838.5;-347
57846.2;-320
57853.8;-319
57861.5;-297
57869.2;-312
57876.9;-283
57884.6;-296
57892.3;-283
57900.0;-293
57907.7;-300
57915.4;-324
57923.1;-325
57930.8;-313
57938.5;-298
57946.2;-293
57953.8;-319
57961.5;-305
57969.2;-344
57976.9;-331
57984.6;-362
57992.3;-344
58000.0;-359
58007.7;-349
58015.4;-354
58023.1;-348
58030.8;-349
58038.5;-368
58046.2;-365
58053.8;-367
58061.5;-326
58069.2;-328
58076.9;-284
58084.6;-295
58092.3;-269
58100.0;-300
58107.7;-299
58115.4;-293
58123.1;-298
58130.8;-305
58138.5;-318
58146.2;-318
58153.8;-344
58161.5;-331
58169.2;-346
58176.9;-322
58184.6;-327
58192.3;-291
58200.0;-314
58207.7;-297
58215.4;-307
58223.1;-269
58230.8;-261
58238.5;-250
58246.2;-216
58253.8;-249
58261.5;-235
58269.2;-258
58276.9;-246
58284.6;-253
58292.3;-228
58300.0;-214
58307.7;-150
58315.4;-16
58323.1;342
58330.8;786
58338.5;1196
58346.2;1342
58353.8;837
58361.5;153
58369.2;-192
58376.9;-227
58384.6;-272
58392.3;-320
58400.0;-360
58407.7;-368
58415.4;-400
58423.1;-390
58430.8;-371
58438.5;-366
58446.2;-378
58453.8;-393
58461.5;-366
58469.2;-392
58476.9;-373
58484.6;-388
58492.3;-356
58500.0;-357
58507.7;-331
58515.4;-333
58523.1;-292
58530.8;-275
58538.5;-253
58546.2;-225
58553.8;-224
58561.5;-181
58569.2;-184
58576.9;-162
58584.6;-196
58592.3;-201
58600.0;-248
58607.7;-270
58615.4;-273
58623.1;-264
58630.8;-277
58638.5;-304
58646.2;-314
58653.8;-324
58661.5;-299
58669.2;-325
58676.9;-303
58684.6;-315
58692.3;-280
58700.0;-295
58707.7;-277
58715.4;-283
58723.1;-272
58730.8;-271
58738.5;-287
58746.2;-270
58753.8;-294
58761.5;-279
58769.2;-307
58776.9;-262
58784.6;-264
58792.3;-241
58800.0;-271
58807.7;-256
58815.4;-266
58823.1;-268
58830.8;-269
58838.5;-277
58846.2;-268
58853.8;-267
58861.5;-250
58869.2;-277
58876.9;-266
58884.6;-283
58892.3;-275
58900.0;-303
58907.7;-277
58915.4;-298
58923.1;-296
58930.8;-300
58938.5;-302
58946.2;-257
58953.8;-249
58961.5;-228
58969.2;-248
58976.9;-227
58984.6;-268
58992.3;-246
59000.0;-255
59007.7;-242
59015.4;-240
59023.1;-252
59030.8;-252
59038.5;-269
59046.2;-257
59053.8;-287
59061.5;-276
59069.2;-309
59076.9;-279
59084.6;-300
59092.3;-294
59100.0;-307
59107.7;-307
59115.4;-312
59123.1;-287
59130.8;-264
59138.5;-239
59146.2;-216
59153.8;-216
59161.5;-171
59169.2;-217
59176.9;-200
59184.6;-229
59192.3;-205
59200.0;-230
59207.7;-212
59215.4;-229
59223.1;-225
59230.8;-219
59238.5;-220
59246.2;-212
59253.8;-216
59261.5;-141
59269.2;-84
59276.9;221
59284.6;666
59292.3;1137
59300.0;1540
59307.7;1572
59315.4;922
59323.1;179
59330.8;-191
59338.5;-190
59346.2;-158
59353.8;-253
59361.5;-263
59369.2;-310
59376.9;-305
59384.6;-335
59392.3;-319
59400.0;-349
59407.7;-324
59415.4;-334
59423.1;-334
59430.8;-332
59438.5;-345
59446.2;-322
59453.8;-339
59461.5;-295
59469.2;-321
59476.9;-293
59484.6;-301
59492.3;-259
59500.0;-255
59507.7;-233
59515.4;-227
59523.1;-230
59530.8;-209
59538.5;-219
59546.2;-208
59553.8;-234
59561.5;-221
59569.2;-249
59576.9;-248
59584.6;-279
59592.3;-287
59600.0;-309
59607.7;-304
59615.4;-310
59623.1;-313
59630.8;-321
59638.5;-316
59646.2;-306
59653.8;-320
59661.5;-295
59669.2;-301
59676.9;-272
59684.6;-287
59692.3;-251
59700.0;-236
59707.7;-223
59715.4;-240
59723.1;-228
59730.8;-241
59738.5;-262
59746.2;-239
59753.8;-268
59761.5;-260
59769.2;-283
59776.9;-272
59784.6;-312
59792.3;-275
59800.0;-300
59807.7;-293
59815.4;-291
59823.1;-284
59830.8;-261
59838.5;-289
59846.2;-269
59853.8;-296
59861.5;-270
59869.2;-279
59876.9;-244
59884.6;-268
59892.3;-275
59900.0;-287
59907.7;-282
59915.4;-282
59923.1;-283
59930.8;-282
59938.5;-300
59946.2;-295
59953.8;-310
59961.5;-301
59969.2;-316
59976.9;-285
59984.6;-308
59992.3;-274
60000.0;-285
60007.7;-269
60015.4;-273
60023.1;-268
60030.8;-252
60038.5;-267
60046.2;-252
60053.8;-282
60061.5;-263
60069.2;-255
60076.9;-210
60084.6;-245
60092.3;-216
60100.0;-241
60107.7;-240
60115.4;-254
60123.1;-247
60130.8;-242
60138.5;-245
60146.2;-239
60153.8;-255
60161.5;-213
60169.2;-186
60176.9;-85
60184.6;96
60192.3;481
60200.0;902
60207.7;1330
60215.4;1514
60223.1;1057
60230.8;325
60238.5;-139
60246.2;-201
60253.8;-196
60261.5;-241
60269.2;-304
60276.9;-308
60284.6;-332
60292.3;-336
60300.0;-352
60307.7;-337
60315.4;-338
60323.1;-339
60330.8;-318
60338.5;-336
60346.2;-316
60353.8;-342
60361.5;-321
60369.2;-336
60376.9;-324
60384.6;-337
60392.3;-310
60400.0;-319
60407.7;-278
60415.4;-243
60423.1;-213
60430.8;-174
60438.5;-181
60446.2;-147
60453.8;-166
60461.5;-144
60469.2;-185
60476.9;-179
60484.6;-213
60492.3;-218
60500.0;-259
60507.7;-289
60515.4;-301
60523.1;-310
60530.8;-316
60538.5;-349
60546.2;-354
60553.8;-368
60561.5;-338
60569.2;-336
60576.9;-295
60584.6;-299
60592.3;-265
60600.0;-279
60607.7;-268
60615.4;-264
60623.1;-256
60630.8;-244
60638.5;-241
60646.2;-235
60653.8;-254
60661.5;-230
60669.2;-256
60676.9;-244
60684.6;-285
60692.3;-266
60700.0;-282
60707.7;-288
60715.4;-302
60723.1;-299
60730.8;-253
60738.5;-244
60746.2;-246
60753.8;-261
60761.5;-249
60769.2;-269
60776.9;-260
60784.6;-274
60792.3;-260
60800.0;-272
60807.7;-268
60815.4;-272
60823.1;-269
60830.8;-284
60838.5;-307
60846.2;-280
60853.8;-306
60861.5;-282
60869.2;-315
60876.9;-301
60884.6;-302
60892.3;-281
60900.0;-278
60907.7;-271
60915.4;-265
60923.1;-225
60930.8;-187
60938.5;-215
60946.2;-189
60953.8;-210
60961.5;-196
60969.2;-215
60976.9;-201
60984.6;-233
60992.3;-245
61000.0;-257
61007.7;-243
61015.4;-247
61023.1;-245
61030.8;-224
61038.5;-236
61046.2;-227
61053.8;-250
61061.5;-206
61069.2;-187
61076.9;-86
61084.6;128
61092.3;558
61100.0;969
61107.7;1392
61115.4;1453
61123.1;915
61130.8;291
61138.5;-60
61146.2;-125
61153.8;-172
61161.5;-217
61169.2;-287
61176.9;-280
61184.6;-318
61192.3;-303
61200.0;-321
61207.7;-320
61215.4;-327
61223.1;-335
61230.8;-314
61238.5;-330
61246.2;-306
61253.8;-309
61261.5;-272
61269.2;-293
61276.9;-239
61284.6;-218
61292.3;-145
61300.0;-116
61307.7;-88
61315.4;-75
61323.1;-67
61330.8;-36
61338.5;-41
61346.2;-19
61353.8;-49
61361.5;-55
61369.2;-97
61376.9;-109
61384.6;-168
61392.3;-168
61400.0;-202
61407.7;-212
61415.4;-220
61423.1;-231
61430.8;-240
61438.5;-260
61446.2;-251
61453.8;-269
61461.5;-244
61469.2;-259
61476.9;-209
61484.6;-214
61492.3;-187
61500.0;-194
61507.7;-194
61515.4;-196
61523.1;-213
61530.8;-210
61538.5;-223
61546.2;-203
61553.8;-204
61561.5;-191
61569.2;-222
61576.9;-208
61584.6;-229
61592.3;-219
61600.0;-228
61607.7;-205
61615.4;-213
61623.1;-209
61630.8;-219
61638.5;-226
61646.2;-193
61653.8;-187
61661.5;-163
61669.2;-184
61676.9;-159
61684.6;-199
61692.3;-173
61700.0;-200
61707.7;-191
61715.4;-202
61723.1;-216
61730.8;-204
61738.5;-221
61746.2;-184
61753.8;-195
61761.5;-165
61769.2;-189
61776.9;-158
61784.6;-177
61792.3;-166
61800.0;-177
61807.7;-168
61815.4;-164
61823.1;-130
61830.8;-41
61838.5;89
61846.2;467
61853.8;913
61861.5;1374
61869.2;1706
61876.9;1496
61884.6;639
61892.3;17
61900.0;-199
61907.7;-133
61915.4;-161
61923.1;-207
61930.8;-229
61938.5;-248
61946.2;-239
61953.8;-269
61961.5;-252
61969.2;-273
61976.9;-256
61984.6;-268
61992.3;-241
62000.0;-248
62007.7;-226
62015.4;-205
62023.1;-163
62030.8;-142
62038.5;-141
62046.2;-83
62053.8;-85
62061.5;-35
62069.2;-40
62076.9;-20
62084.6;-28
62092.3;-11
62100.0;-34
62107.7;-37
62115.4;-66
62123.1;-104
62130.8;-128
62138.5;-170
62146.2;-155
62153.8;-202
62161.5;-194
62169.2;-228
62176.9;-206
62184.6;-227
62192.3;-226
62200.0;-221
62207.7;-176
62215.4;-181
62223.1;-197
62230.8;-189
62238.5;-217
62246.2;-195
62253.8;-226
62261.5;-200
62269.2;-212
62276.9;-198
62284.6;-218
62292.3;-195
62300.0;-208
62307.7;-211
62315.4;-200
62323.1;-201
62330.8;-183
62338.5;-208
62346.2;-199
62353.8;-220
62361.5;-188
62369.2;-210
62376.9;-185
62384.6;-228
62392.3;-221
62400.0;-224
62407.7;-190
62415.4;-159
62423.1;-166
62430.8;-147
62438.5;-158
62446.2;-145
62453.8;-163
62461.5;-105
62469.2;-51
62476.9;168
62484.6;548
62492.3;1045
62500.0;1510
62507.7;1677
62515.4;1136
62523.1;318
62530.8;-121
62538.5;-173
62546.2;-169
62553.8;-257
62561.5;-262
62569.2;-308
62576.9;-279
62584.6;-321
62592.3;-304
62600.0;-313
62607.7;-277
62615.4;-272
62623.1;-266
62630.8;-241
62638.5;-253
62646.2;-234
62653.8;-253
62661.5;-223
62669.2;-239
62676.9;-189
62684.6;-197
62692.3;-162
62700.0;-159
62707.7;-140
62715.4;-124
62723.1;-113
62730.8;-139
62738.5;-174
62746.2;-186
62753.8;-219
62761.5;-217
62769.2;-243
62776.9;-215
62784.6;-263
62792.3;-253
62800.0;-269
62807.7;-285
62815.4;-299
62823.1;-302
62830.8;-290
62838.5;-304
62846.2;-287
62853.8;-308
62861.5;-286
62869.2;-300
62876.9;-272
62884.6;-267
62892.3;-248
62900.0;-256
62907.7;-263
62915.4;-286
62923.1;-304
62930.8;-317
62938.5;-283
62946.2;-225
62953.8;-239
62961.5;-222
62969.2;-276
62976.9;-272
62984.6;-312
62992.3;-301
63000.0;-305
63007.7;-294
63015.4;-293
63023.1;-287
63030.8;-261
63038.5;-252
63046.2;-191
63053.8;-137
63061.5;113
63069.2;502
63076.9;975
63084.6;1378
63092.3;1440
63100.0;834
63107.7;167
63115.4;-130
63123.1;-191
63130.8;-240
63138.5;-318
63146.2;-326
63153.8;-367
63161.5;-350
63169.2;-373
63176.9;-356
63184.6;-371
63192.3;-340
63200.0;-357
63207.7;-355
63215.4;-336
63223.1;-334
63230.8;-311
63238.5;-321
63246.2;-276
63253.8;-257
63261.5;-206
63269.2;-198
63276.9;-173
63284.6;-174
63292.3;-126
63300.0;-113
63307.7;-85
63315.4;-115
63323.1;-136
63330.8;-176
63338.5;-236
63346.2;-249
63353.8;-313
63361.5;-294
63369.2;-337
63376.9;-311
63384.6;-344
63392.3;-329
63400.0;-348
63407.7;-341
63415.4;-355
63423.1;-364
63430.8;-361
63438.5;-363
63446.2;-334
63453.8;-347
63461.5;-332
63469.2;-342
63476.9;-302
63484.6;-315
63492.3;-278
63500.0;-273
63507.7;-269
63515.4;-269
63523.1;-265
63530.8;-262
63538.5;-273
63546.2;-250
63553.8;-266
63561.5;-254
63569.2;-291
63576.9;-277
63584.6;-307
63592.3;-282
63600.0;-284
63607.7;-262
63615.4;-280
63623.1;-299
63630.8;-292
63638.5;-286
63646.2;-213
63653.8;-198
63661.5;-109
63669.2;107
63676.9;556
63684.6;1010
63692.3;1440
63700.0;1282
63707.7;533
63715.4;-49
63723.1;-188
63730.8;-198
63738.5;-283
63746.2;-303
63753.8;-350
63761.5;-351
63769.2;-397
63776.9;-383
63784.6;-401
63792.3;-387
63800.0;-404
63807.7;-382
63815.4;-338
63823.1;-311
63830.8;-272
63838.5;-255
63846.2;-204
63853.8;-190
63861.5;-139
63869.2;-129
63876.9;-97
63884.6;-90
63892.3;-49
63900.0;-46
63907.7;-58
63915.4;-100
63923.1;-147
63930.8;-183
63938.5;-257
63946.2;-276
63953.8;-289
63961.5;-274
63969.2;-300
63976.9;-260
63984.6;-293
63992.3;-263
64000.0;-271
64007.7;-269
64015.4;-256
64023.1;-252
64030.8;-244
64038.5;-260
64046.2;-248
64053.8;-267
64061.5;-262
64069.2;-270
64076.9;-263
64084.6;-282
64092.3;-250
64100.0;-264
64107.7;-242
64115.4;-217
64123.1;-221
64130.8;-198
64138.5;-212
64146.2;-200
64153.8;-202
64161.5;-190
64169.2;-223
64176.9;-204
64184.6;-239
64192.3;-228
64200.0;-246
64207.7;-241
64215.4;-250
64223.1;-260
64230.8;-243
64238.5;-267
64246.2;-226
64253.8;-241
64261.5;-212
64269.2;-215
64276.9;-182
64284.6;-210
64292.3;-197
64300.0;-203
64307.7;-192
64315.4;-187
64323.1;-204
64330.8;-208
64338.5;-210
64346.2;-199
64353.8;-253
64361.5;-242
64369.2;-265
64376.9;-240
64384.6;-250
64392.3;-224
64400.0;-233
64407.7;-218
64415.4;-200
64423.1;-188
64430.8;-202
64438.5;-203
64446.2;-167
64453.8;-184
64461.5;-174
64469.2;-203
64476.9;-165
64484.6;-192
64492.3;-163
64500.0;-186
64507.7;-183
64515.4;-201
64523.1;-194
64530.8;-181
64538.5;-197
64546.2;-179
64553.8;-197
64561.5;-165
64569.2;-183
64576.9;-155
64584.6;-164
64592.3;-123
64600.0;-105
64607.7;-26
64615.4;93
64623.1;419
64630.8;913
64638.5;1337
64646.2;1718
64653.8;1391
64661.5;599
64669.2;-36
64676.9;-245
64684.6;-171
64692.3;-183
64700.0;-218
64707.7;-222
64715.4;-249
64723.1;-274
64730.8;-277
64738.5;-290
64746.2;-268
64753.8;-278
64761.5;-247
64769.2;-263
64776.9;-231
64784.6;-234
64792.3;-210
64800.0;-217
64807.7;-188
64815.4;-188
64823.1;-165
64830.8;-120
64838.5;-136
64846.2;-118
64853.8;-113
64861.5;-76
64869.2;-96
64876.9;-76
64884.6;-95
64892.3;-90
64900.0;-120
64907.7;-119
64915.4;-148
64923.1;-169
64930.8;-185
64938.5;-219
64946.2;-207
64953.8;-249
64961.5;-212
64969.2;-221
64976.9;-199
64984.6;-241
64992.3;-229
65000.0;-244
65007.7;-226
65015.4;-225
65023.1;-232
65030.8;-200
65038.5;-220
65046.2;-200
65053.8;-211
65061.5;-176
65069.2;-191
65076.9;-164
65084.6;-182
65092.3;-151
65100.0;-160
65107.7;-165
65115.4;-163
65123.1;-194
65130.8;-181
65138.5;-203
65146.2;-187
65153.8;-201
65161.5;-178
65169.2;-204
65176.9;-186
65184.6;-210
65192.3;-199
65200.0;-204
65207.7;-199
65215.4;-207
65223.1;-212
65230.8;-210
65238.5;-218
65246.2;-202
65253.8;-214
65261.5;-177
65269.2;-199
65276.9;-178
65284.6;-214
65292.3;-208
65300.0;-203
65307.7;-193
65315.4;-166
65323.1;-121
65330.8;-21
65338.5;214
65346.2;603
65353.8;995
65361.5;1391
65369.2;1458
65376.9;983
65384.6;314
65392.3;-16
65400.0;-119
65407.7;-133
65415.4;-215
65423.1;-255
65430.8;-273
65438.5;-302
65446.2;-304
65453.8;-335
65461.5;-313
65469.2;-338
65476.9;-309
65484.6;-332
65492.3;-312
65500.0;-330
65507.7;-330
65515.4;-320
65523.1;-280
65530.8;-241
65538.5;-242
65546.2;-192
65553.8;-194
65561.5;-160
65569.2;-177
65576.9;-138
65584.6;-146
65592.3;-129
65600.0;-124
65607.7;-110
65615.4;-107
65623.1;-130
65630.8;-139
65638.5;-191
65646.2;-206
65653.8;-252
65661.5;-250
65669.2;-270
65676.9;-262
65684.6;-297
65692.3;-261
65700.0;-275
65707.7;-267
65715.4;-273
65723.1;-280
65730.8;-275
65738.5;-295
65746.2;-288
65753.8;-305
65761.5;-293
65769.2;-314
65776.9;-294
65784.6;-309
65792.3;-298
65800.0;-301
65807.7;-275
65815.4;-281
65823.1;-271
65830.8;-256
65838.5;-258
65846.2;-238
65853.8;-233
65861.5;-204
65869.2;-243
65876.9;-221
65884.6;-251
65892.3;-235
65900.0;-258
65907.7;-259
65915.4;-264
65923.1;-252
65930.8;-220
65938.5;-135
65946.2;146
65953.8;547
65961.5;1001
65969.2;1301
65976.9;1178
65984.6;513
65992.3;32
66000.0;-164
66007.7;-172
66015.4;-227
66023.1;-293
66030.8;-316
66038.5;-333
66046.2;-334
66053.8;-359
66061.5;-331
66069.2;-365
66076.9;-346
66084.6;-373
66092.3;-343
66100.0;-352
66107.7;-342
66115.4;-340
66123.1;-315
66130.8;-285
66138.5;-266
66146.2;-209
66153.8;-198
66161.5;-152
66169.2;-161
66176.9;-117
66184.6;-120
66192.3;-83
66200.0;-104
66207.7;-121
66215.4;-150
66223.1;-182
66230.8;-198
66238.5;-249
66246.2;-254
66253.8;-294
66261.5;-290
66269.2;-318
66276.9;-300
66284.6;-321
66292.3;-299
66300.0;-307
66307.7;-307
66315.4;-312
66323.1;-308
66330.8;-278
66338.5;-288
66346.2;-275
66353.8;-291
66361.5;-257
66369.2;-291
66376.9;-262
66384.6;-273
66392.3;-261
66400.0;-274
66407.7;-269
66415.4;-245
66423.1;-244
66430.8;-233
66438.5;-244
66446.2;-234
66453.8;-239
66461.5;-215
66469.2;-234
66476.9;-209
66484.6;-243
66492.3;-241
66500.0;-249
66507.7;-249
66515.4;-240
66523.1;-255
66530.8;-249
66538.5;-259
66546.2;-259
66553.8;-267
66561.5;-250
66569.2;-276
66576.9;-238
66584.6;-250
66592.3;-224
66600.0;-227
66607.7;-193
66615.4;-182
66623.1;-189
66630.8;-188
66638.5;-199
66646.2;-120
66653.8;-74
66661.5;100
66669.2;405
66676.9;836
66684.6;1270
66692.3;1618
66700.0;1396
66707.7;657
66715.4;12
66723.1;-261
66730.8;-210
66738.5;-241
66746.2;-274
66753.8;-313
66761.5;-300
66769.2;-317
66776.9;-297
66784.6;-305
66792.3;-269
66800.0;-274
66807.7;-267
66815.4;-263
66823.1;-273
66830.8;-254
66838.5;-262
66846.2;-241
66853.8;-237
66861.5;-197
66869.2;-204
66876.9;-168
66884.6;-163
66892.3;-139
66900.0;-144
66907.7;-122
66915.4;-114
66923.1;-122
66930.8;-110
66938.5;-127
66946.2;-125
66953.8;-168
66961.5;-153
66969.2;-194
66976.9;-189
66984.6;-223
66992.3;-225
67000.0;-256
67007.7;-255
67015.4;-256
67023.1;-251
67030.8;-231
67038.5;-232
67046.2;-194
67053.8;-240
67061.5;-221
67069.2;-244
67076.9;-238
67084.6;-251
67092.3;-210
67100.0;-204
67107.7;-176
67115.4;-136
67123.1;-69
67130.8;112
67138.5;482
67146.2;951
67153.8;1377
67161.5;1635
67169.2;1371
67176.9;661
67184.6;87
67192.3;-90
67200.0;-152
67207.7;-202
67215.4;-265
67223.1;-304
67230.8;-315
67238.5;-356
67246.2;-357
67253.8;-386
67261.5;-377
67269.2;-410
67276.9;-394
67284.6;-412
67292.3;-394
67300.0;-386
67307.7;-376
67315.4;-362
67323.1;-358
67330.8;-335
67338.5;-330
67346.2;-305
67353.8;-295
67361.5;-233
67369.2;-227
67376.9;-160
67384.6;-164
67392.3;-145
67400.0;-168
67407.7;-174
67415.4;-204
67423.1;-225
67430.8;-236
67438.5;-281
67446.2;-275
67453.8;-318
67461.5;-299
67469.2;-323
67476.9;-299
67484.6;-311
67492.3;-289
67500.0;-307
67507.7;-292
67515.4;-294
67523.1;-297
67530.8;-281
67538.5;-280
67546.2;-257
67553.8;-270
67561.5;-230
67569.2;-270
67576.9;-250
67584.6;-278
67592.3;-254
67600.0;-286
67607.7;-300
67615.4;-314
67623.1;-321
67630.8;-309
67638.5;-331
67646.2;-296
67653.8;-315
67661.5;-292
67669.2;-304
67676.9;-275
67684.6;-298
67692.3;-273
67700.0;-283
67707.7;-275
67715.4;-263
67723.1;-260
67730.8;-252
67738.5;-279
67746.2;-254
67753.8;-294
67761.5;-261
67769.2;-285
67776.9;-265
67784.6;-296
67792.3;-292
67800.0;-293
67807.7;-301
67815.4;-317
67823.1;-337
67830.8;-325
67838.5;-339
67846.2;-318
67853.8;-318
67861.5;-277
67869.2;-292
67876.9;-256
67884.6;-264
67892.3;-256
67900.0;-279
67907.7;-270
67915.4;-259
67923.1;-265
67930.8;-258
67938.5;-272
67946.2;-244
67953.8;-267
67961.5;-227
67969.2;-256
67976.9;-254
67984.6;-248
67992.3;-228
68000.0;-182
68007.7;-98
68015.4;125
68023.1;483
68030.8;918
68038.5;1291
68046.2;1394
68053.8;867
68061.5;258
68069.2;-99
68076.9;-173
68084.6;-229
68092.3;-278
68100.0;-327
68107.7;-360
68115.4;-366
68123.1;-375
68130.8;-373
68138.5;-387
68146.2;-354
68153.8;-374
68161.5;-343
68169.2;-378
68176.9;-352
68184.6;-361
68192.3;-332
68200.0;-334
68207.7;-314
68215.4;-296
68223.1;-288
68230.8;-252
68238.5;-245
68246.2;-209
68253.8;-214
68261.5;-174
68269.2;-182
68276.9;-157
68284.6;-162
68292.3;-142
68300.0;-178
68307.7;-220
68315.4;-254
68323.1;-265
68330.8;-289
68338.5;-311
68346.2;-307
68353.8;-325
68361.5;-297
68369.2;-324
68376.9;-292
68384.6;-304
68392.3;-285
68400.0;-302
68407.7;-290
68415.4;-303
68423.1;-289
68430.8;-255
68438.5;-284
68446.2;-243
68453.8;-256
68461.5;-237
68469.2;-273
68476.9;-254
68484.6;-268
68492.3;-259
68500.0;-276
68507.7;-268
68515.4;-274
68523.1;-278
68530.8;-245
68538.5;-253
68546.2;-232
68553.8;-263
68561.5;-223
68569.2;-258
68576.9;-237
68584.6;-257
68592.3;-238
68600.0;-244
68607.7;-186
68615.4;-134
68623.1;55
68630.8;481
68638.5;929
68646.2;1323
68653.8;1358
68661.5;834
68669.2;122
68676.9;-138
68684.6;-223
68692.3;-252
68700.0;-311
68707.7;-322
68715.4;-346
68723.1;-343
68730.8;-330
68738.5;-354
68746.2;-315
68753.8;-339
68761.5;-314
68769.2;-349
68776.9;-341
68784.6;-349
68792.3;-333
68800.0;-337
68807.7;-311
68815.4;-288
68823.1;-272
68830.8;-243
68838.5;-235
68846.2;-207
68853.8;-207
68861.5;-174
68869.2;-183
68876.9;-150
68884.6;-174
68892.3;-182
68900.0;-192
68907.7;-210
68915.4;-247
68923.1;-282
68930.8;-289
68938.5;-313
68946.2;-288
68953.8;-306
68961.5;-280
68969.2;-307
68976.9;-286
68984.6;-308
68992.3;-314
69000.0;-316
69007.7;-316
69015.4;-310
69023.1;-318
69030.8;-300
69038.5;-313
69046.2;-269
69053.8;-290
69061.5;-256
69069.2;-270
69076.9;-236
69084.6;-261
69092.3;-230
69100.0;-229
69107.7;-221
69115.4;-220
69123.1;-235
69130.8;-210
69138.5;-232
69146.2;-208
69153.8;-238
69161.5;-208
69169.2;-239
69176.9;-223
69184.6;-253
69192.3;-244
69200.0;-251
69207.7;-246
69215.4;-248
69223.1;-254
69230.8;-243
69238.5;-226
69246.2;-161
69253.8;-126
69261.5;5
69269.2;307
69276.9;836
69284.6;1315
69292.3;1566
69300.0;962
69307.7;127
69315.4;-247
69323.1;-231
69330.8;-225
69338.5;-294
69346.2;-297
69353.8;-342
69361.5;-328
69369.2;-361
69376.9;-329
69384.6;-342
69392.3;-328
69400.0;-320
69407.7;-312
69415.4;-306
69423.1;-281
69430.8;-249
69438.5;-235
69446.2;-196
69453.8;-202
69461.5;-168
69469.2;-152
69476.9;-101
69484.6;-114
69492.3;-87
69500.0;-103
69507.7;-114
69515.4;-130
69523.1;-161
69530.8;-175
69538.5;-215
69546.2;-228
69553.8;-280
69561.5;-274
69569.2;-309
69576.9;-302
69584.6;-309
69592.3;-302
69600.0;-305
69607.7;-288
69615.4;-261
69623.1;-244
69630.8;-214
69638.5;-227
69646.2;-206
69653.8;-245
69661.5;-217
69669.2;-249
69676.9;-239
69684.6;-244
69692.3;-227
69700.0;-230
69707.7;-230
69715.4;-233
69723.1;-233
69730.8;-219
69738.5;-243
69746.2;-208
69753.8;-228
69761.5;-200
69769.2;-234
69776.9;-220
69784.6;-240
69792.3;-223
69800.0;-234
69807.7;-229
69815.4;-228
69823.1;-252
69830.8;-258
69838.5;-283
69846.2;-252
69853.8;-271
69861.5;-264
69869.2;-296
69876.9;-285
69884.6;-263
69892.3;-225
69900.0;-212
69907.7;-201
69915.4;-198
69923.1;-194
69930.8;-182
69938.5;-153
69946.2;-66
69953.8;140
69961.5;595
69969.2;1030
69976.9;1479
69984.6;1426
69992.3;734
70000.0;31
70007.7;-255
70015.4;-232
70023.1;-257
70030.8;-285
70038.5;-317
70046.2;-301
70053.8;-312
70061.5;-289
70069.2;-326
70076.9;-320
70084.6;-337
70092.3;-326
70100.0;-342
70107.7;-331
70115.4;-317
70123.1;-305
70130.8;-299
70138.5;-312
70146.2;-277
70153.8;-310
70161.5;-279
70169.2;-267
70176.9;-222
70184.6;-232
70192.3;-188
70200.0;-178
70207.7;-173
70215.4;-198
70223.1;-217
70230.8;-213
70238.5;-258
70246.2;-270
70253.8;-312
70261.5;-317
70269.2;-343
70276.9;-313
70284.6;-344
70292.3;-311
70300.0;-322
70307.7;-311
70315.4;-308
70323.1;-312
70330.8;-294
70338.5;-281
70346.2;-253
70353.8;-286
70361.5;-270
70369.2;-289
70376.9;-277
70384.6;-303
70392.3;-299
70400.0;-320
70407.7;-328
70415.4;-337
70423.1;-337
70430.8;-338
70438.5;-339
70446.2;-279
70453.8;-280
70461.5;-261
70469.2;-274
70476.9;-237
70484.6;-262
70492.3;-259
70500.0;-282
70507.7;-299
70515.4;-307
70523.1;-325
70530.8;-312
70538.5;-324
70546.2;-316
70553.8;-338
70561.5;-321
70569.2;-354
70576.9;-334
70584.6;-354
70592.3;-339
70600.0;-337
70607.7;-339
70615.4;-344
70623.1;-316
70630.8;-258
70638.5;-265
70646.2;-242
70653.8;-277
70661.5;-263
70669.2;-295
70676.9;-289
70684.6;-306
70692.3;-290
70700.0;-298
70707.7;-296
70715.4;-303
70723.1;-315
70730.8;-301
70738.5;-307
70746.2;-268
70753.8;-300
70761.5;-293
70769.2;-322
70776.9;-287
70784.6;-289
70792.3;-248
70800.0;-239
70807.7;-240
70815.4;-239
70823.1;-259
70830.8;-261
70838.5;-282
70846.2;-257
70853.8;-285
70861.5;-258
70869.2;-290
70876.9;-289
70884.6;-301
70892.3;-288
70900.0;-292
70907.7;-295
70915.4;-286
70923.1;-291
70930.8;-251
70938.5;-252
70946.2;-244
70953.8;-287
70961.5;-247
70969.2;-253
70976.9;-208
70984.6;-197
70992.3;-188
71000.0;-193
71007.7;-171
71015.4;-111
71023.1;-17
71030.8;250
71038.5;620
71046.2;1025
71053.8;1369
71061.5;1408
71069.2;843
71076.9;293
71084.6;-65
71092.3;-157
71100.0;-143
71107.7;-212
71115.4;-282
71123.1;-312
71130.8;-295
71138.5;-323
71146.2;-318
71153.8;-353
71161.5;-343
71169.2;-366
71176.9;-326
71184.6;-325
71192.3;-317
71200.0;-328
71207.7;-321
71215.4;-304
71223.1;-294
71230.8;-266
71238.5;-249
71246.2;-211
71253.8;-212
71261.5;-179
71269.2;-157
71276.9;-111
71284.6;-132
71292.3;-104
71300.0;-89
71307.7;-72
71315.4;-76
71323.1;-84
71330.8;-95
71338.5;-148
71346.2;-165
71353.8;-224
71361.5;-202
71369.2;-228
71376.9;-226
71384.6;-257
71392.3;-248
71400.0;-252
71407.7;-247
71415.4;-236
71423.1;-254
71430.8;-241
71438.5;-253
71446.2;-229
71453.8;-256
71461.5;-238
71469.2;-258
71476.9;-239
71484.6;-247
71492.3;-234
71500.0;-250
71507.7;-244
71515.4;-241
71523.1;-230
71530.8;-228
71538.5;-209
71546.2;-171
71553.8;-188
71561.5;-169
71569.2;-201
71576.9;-178
71584.6;-206
71592.3;-195
71600.0;-225
71607.7;-219
71615.4;-208
71623.1;-227
71630.8;-203
71638.5;-228
71646.2;-201
71653.8;-224
71661.5;-207
71669.2;-234
71676.9;-228
71684.6;-239
71692.3;-234
71700.0;-242
71707.7;-230
71715.4;-222
71723.1;-215
71730.8;-164
71738.5;-147
71746.2;-125
71753.8;-153
71761.5;-81
71769.2;-50
71776.9;155
71784.6;522
71792.3;974
71800.0;1405
71807.7;1661
71815.4;1341
71823.1;607
71830.8;49
71838.5;-192
71846.2;-155
71853.8;-221
71861.5;-238
71869.2;-296
71876.9;-286
71884.6;-303
71892.3;-286
71900.0;-316
71907.7;-310
71915.4;-322
71923.1;-320
71930.8;-273
71938.5;-257
71946.2;-231
71953.8;-246
71961.5;-207
71969.2;-207
71976.9;-163
71984.6;-172
71992.3;-135
72000.0;-131
72007.7;-105
72015.4;-95
72023.1;-91
72030.8;-56
72038.5;-73
72046.2;-44
72053.8;-88
72061.5;-96
72069.2;-160
72076.9;-173
72084.6;-221
72092.3;-230
72100.0;-238
72107.7;-231
72115.4;-227
72123.1;-237
72130.8;-213
72138.5;-229
72146.2;-207
72153.8;-232
72161.5;-202
72169.2;-237
72176.9;-213
72184.6;-222
72192.3;-221
72200.0;-231
72207.7;-228
72215.4;-223
72223.1;-231
72230.8;-235
72238.5;-240
72246.2;-213
72253.8;-222
72261.5;-205
72269.2;-227
72276.9;-192
72284.6;-213
72292.3;-185
72300.0;-189
72307.7;-177
72315.4;-175
72323.1;-182
72330.8;-173
72338.5;-192
72346.2;-193
72353.8;-216
72361.5;-179
72369.2;-201
72376.9;-178
72384.6;-204
72392.3;-191
72400.0;-193
72407.7;-199
72415.4;-209
72423.1;-213
72430.8;-187
72438.5;-204
72446.2;-159
72453.8;-139
72461.5;-86
72469.2;-39
72476.9;111
72484.6;421
72492.3;876
72500.0;1290
72507.7;1634
72515.4;1526
72523.1;834
72530.8;150
72538.5;-201
72546.2;-191
72553.8;-203
72561.5;-230
72569.2;-279
72576.9;-286
72584.6;-316
72592.3;-317
72600.0;-338
72607.7;-331
72615.4;-333
72623.1;-340
72630.8;-320
72638.5;-313
72646.2;-259
72653.8;-267
72661.5;-233
72669.2;-240
72676.9;-207
72684.6;-225
72692.3;-197
72700.0;-202
72707.7;-189
72715.4;-159
72723.1;-143
72730.8;-116
72738.5;-124
72746.2;-110
72753.8;-138
72761.5;-138
72769.2;-179
72776.9;-188
72784.6;-228
72792.3;-219
72800.0;-258
72807.7;-258
72815.4;-245
72823.1;-254
72830.8;-255
72838.5;-270
72846.2;-238
72853.8;-250
72861.5;-230
72869.2;-256
72876.9;-235
72884.6;-259
72892.3;-247
72900.0;-257
72907.7;-276
72915.4;-276
72923.1;-284
72930.8;-264
72938.5;-272
72946.2;-241
72953.8;-263
72961.5;-231
72969.2;-254
72976.9;-227
72984.6;-224
72992.3;-204
73000.0;-219
73007.7;-211
73015.4;-194
73023.1;-196
73030.8;-180
73038.5;-196
73046.2;-175
73053.8;-215
73061.5;-214
73069.2;-249
73076.9;-246
73084.6;-265
73092.3;-261
73100.0;-261
73107.7;-259
73115.4;-256
73123.1;-254
73130.8;-235
73138.5;-246
73146.2;-211
73153.8;-205
73161.5;-192
73169.2;-209
73176.9;-175
73184.6;-195
73192.3;-175
73200.0;-173
73207.7;-158
73215.4;-151
73223.1;-149
73230.8;-113
73238.5;-92
73246.2;-10
73253.8;161
73261.5;550
73269.2;957
73276.9;1367
73284.6;1427
73292.3;923
73300.0;257
73307.7;-64
73315.4;-147
73323.1;-171
73330.8;-219
73338.5;-280
73346.2;-272
73353.8;-313
73361.5;-295
73369.2;-316
73376.9;-283
73384.6;-306
73392.3;-288
73400.0;-287
73407.7;-277
73415.4;-269
73423.1;-269
73430.8;-252
73438.5;-259
73446.2;-229
73453.8;-233
73461.5;-168
73469.2;-174
73476.9;-126
73484.6;-113
73492.3;-70
73500.0;-73
73507.7;-69
73515.4;-67
73523.1;-92
73530.8;-94
73538.5;-137
73546.2;-147
73553.8;-187
73561.5;-195
73569.2;-239
73576.9;-224
73584.6;-241
73592.3;-243
73600.0;-253
73607.7;-233
73615.4;-227
73623.1;-255
73630.8;-239
73638.5;-227
73646.2;-204
73653.8;-221
73661.5;-200
73669.2;-222
73676.9;-213
73684.6;-244
73692.3;-218
73700.0;-240
73707.7;-241
73715.4;-233
73723.1;-236
73730.8;-221
73738.5;-233
73746.2;-206
73753.8;-234
73761.5;-216
73769.2;-221
73776.9;-205
73784.6;-206
73792.3;-183
73800.0;-201
73807.7;-185
73815.4;-176
73823.1;-183
73830.8;-172
73838.5;-176
73846.2;-157
73853.8;-179
73861.5;-161
73869.2;-180
73876.9;-144
73884.6;-173
73892.3;-156
73900.0;-173
73907.7;-174
73915.4;-152
73923.1;-98
73930.8;-10
73938.5;228
73946.2;703
73953.8;1177
73961.5;1527
73969.2;1244
73976.9;495
73984.6;-13
73992.3;-137
74000.0;-169
74007.7;-236
74015.4;-255
74023.1;-278
74030.8;-284
74038.5;-323
74046.2;-304
74053.8;-319
74061.5;-310
74069.2;-320
74076.9;-305
74084.6;-327
74092.3;-322
74100.0;-305
74107.7;-268
74115.4;-227
74123.1;-208
74130.8;-165
74138.5;-152
74146.2;-96
74153.8;-110
74161.5;-61
74169.2;-68
74176.9;-27
74184.6;-56
74192.3;-41
74200.0;-70
74207.7;-97
74215.4;-119
74223.1;-149
74230.8;-171
74238.5;-221
74246.2;-212
74253.8;-259
74261.5;-246
74269.2;-259
74276.9;-227
74284.6;-266
74292.3;-257
74300.0;-265
74307.7;-266
74315.4;-257
74323.1;-248
74330.8;-221
74338.5;-241
74346.2;-200
74353.8;-222
74361.5;-188
74369.2;-221
74376.9;-188
74384.6;-203
74392.3;-197
74400.0;-215
74407.7;-215
74415.4;-207
74423.1;-191
74430.8;-174
74438.5;-195
74446.2;-170
74453.8;-178
74461.5;-90
74469.2;-8
74476.9;336
74484.6;741
74492.3;1196
74500.0;1487
74507.7;1077
74515.4;300
74523.1;-149
74530.8;-162
74538.5;-159
74546.2;-209
74553.8;-257
74561.5;-248
74569.2;-273
74576.9;-273
74584.6;-295
74592.3;-274
74600.0;-282
74607.7;-263
74615.4;-248
74623.1;-249
74630.8;-244
74638.5;-240
74646.2;-204
74653.8;-212
74661.5;-163
74669.2;-173
74676.9;-133
74684.6;-123
74692.3;-58
74700.0;-9
74707.7;8
74715.4;18
74723.1;-14
74730.8;-18
74738.5;-58
74746.2;-72
74753.8;-129
74761.5;-136
74769.2;-175
74776.9;-171
74784.6;-202
74792.3;-193
74800.0;-196
74807.7;-197
74815.4;-191
74823.1;-198
74830.8;-193
74838.5;-222
74846.2;-209
74853.8;-226
74861.5;-187
74869.2;-215
74876.9;-180
74884.6;-157
74892.3;-130
74900.0;-136
74907.7;-130
74915.4;-131
74923.1;-144
74930.8;-138
74938.5;-152
74946.2;-135
74953.8;-173
74961.5;-145
74969.2;-175
74976.9;-161
74984.6;-198
74992.3;-200
75000.0;-215
75007.7;-205
75015.4;-201
75023.1;-194
75030.8;-183
75038.5;-201
75046.2;-179
75053.8;-182
75061.5;-136
75069.2;-133
75076.9;-121
75084.6;-136
75092.3;-117
75100.0;-113
75107.7;-95
75115.4;-72
75123.1;-27
75130.8;125
75138.5;465
75146.2;967
75153.8;1404
75161.5;1668
75169.2;1089
75176.9;286
75184.6;-120
75192.3;-109
75200.0;-126
75207.7;-178
75215.4;-198
75223.1;-190
75230.8;-185
75238.5;-215
75246.2;-197
75253.8;-221
75261.5;-201
75269.2;-235
75276.9;-227
75284.6;-234
75292.3;-214
75300.0;-211
75307.7;-206
75315.4;-191
75323.1;-193
75330.8;-172
75338.5;-188
75346.2;-150
75353.8;-161
75361.5;-114
75369.2;-103
75376.9;-60
75384.6;-69
75392.3;-63
75400.0;-76
75407.7;-89
75415.4;-108
75423.1;-133
75430.8;-126
75438.5;-162
75446.2;-128
75453.8;-144
75461.5;-131
75469.2;-167
75476.9;-165
75484.6;-193
75492.3;-164
75500.0;-166
75507.7;-165
75515.4;-164
75523.1;-160
75530.8;-145
75538.5;-182
75546.2;-170
75553.8;-192
75561.5;-174
75569.2;-162
75576.9;-126
75584.6;-105
75592.3;-53
75600.0;116
75607.7;474
75615.4;896
75623.1;1286
75630.8;1397
75638.5;901
75646.2;300
75653.8;-8
75661.5;-137
75669.2;-200
75676.9;-252
75684.6;-289
75692.3;-307
75700.0;-318
75707.7;-330
75715.4;-330
75723.1;-337
75730.8;-306
75738.5;-298
75746.2;-259
75753.8;-279
75761.5;-243
75769.2;-248
75776.9;-201
75784.6;-200
75792.3;-191
75800.0;-203
75807.7;-193
75815.4;-184
75823.1;-183
75830.8;-149
75838.5;-164
75846.2;-115
75853.8;-132
75861.5;-115
75869.2;-165
75876.9;-178
75884.6;-190
75892.3;-192
75900.0;-220
75907.7;-231
75915.4;-216
75923.1;-233
75930.8;-230
75938.5;-242
75946.2;-217
75953.8;-260
75961.5;-234
75969.2;-281
75976.9;-271
75984.6;-277
75992.3;-263
76000.0;-255
76007.7;-260
76015.4;-250
76023.1;-265
76030.8;-239
76038.5;-243
76046.2;-206
76053.8;-207
76061.5;-168
76069.2;-179
76076.9;-147
76084.6;-169
76092.3;-163
76100.0;-167
76107.7;-162
76115.4;-168
76123.1;-174
76130.8;-160
76138.5;-198
76146.2;-175
76153.8;-194
76161.5;-151
76169.2;-139
76176.9;69
76184.6;456
76192.3;955
76200.0;1404
76207.7;1407
76215.4;749
76223.1;137
76230.8;-54
76238.5;-84
76246.2;-125
76253.8;-192
76261.5;-190
76269.2;-232
76276.9;-250
76284.6;-266
76292.3;-269
76300.0;-281
76307.7;-288
76315.4;-301
76323.1;-308
76330.8;-291
76338.5;-314
76346.2;-290
76353.8;-291
76361.5;-249
76369.2;-271
76376.9;-251
76384.6;-228
76392.3;-202
76400.0;-195
76407.7;-151
76415.4;-82
76423.1;-33
76430.8;-20
76438.5;-53
76446.2;-67
76453.8;-128
76461.5;-134
76469.2;-179
76476.9;-188
76484.6;-219
76492.3;-218
76500.0;-231
76507.7;-225
76515.4;-216
76523.1;-226
76530.8;-214
76538.5;-234
76546.2;-224
76553.8;-237
76561.5;-199
76569.2;-217
76576.9;-194
76584.6;-213
76592.3;-206
76600.0;-231
76607.7;-250
76615.4;-247
76623.1;-240
76630.8;-204
76638.5;-203
76646.2;-180
76653.8;-197
76661.5;-177
76669.2;-200
76676.9;-177
76684.6;-196
76692.3;-199
76700.0;-210
76707.7;-226
76715.4;-199
76723.1;-200
76730.8;-192
76738.5;-215
76746.2;-207
76753.8;-236
76761.5;-213
76769.2;-238
76776.9;-226
76784.6;-235
76792.3;-197
76800.0;-209
76807.7;-202
76815.4;-183
76823.1;-141
76830.8;-42
76838.5;20
76846.2;248
76853.8;595
76861.5;1043
76869.2;1425
76876.9;1595
76884.6;1056
76892.3;326
76900.0;-89
76907.7;-144
76915.4;-114
76923.1;-186
76930.8;-208
76938.5;-258
76946.2;-252
76953.8;-287
76961.5;-265
76969.2;-288
76976.9;-272
76984.6;-302
76992.3;-281
77000.0;-282
77007.7;-283
77015.4;-271
77023.1;-277
77030.8;-226
77038.5;-200
77046.2;-137
77053.8;-124
77061.5;-95
77069.2;-114
77076.9;-89
77084.6;-94
77092.3;-65
77100.0;-53
77107.7;-49
77115.4;-32
77123.1;-49
77130.8;-50
77138.5;-83
77146.2;-103
77153.8;-148
77161.5;-155
77169.2;-207
77176.9;-199
77184.6;-249
77192.3;-251
77200.0;-269
77207.7;-259
77215.4;-247
77223.1;-244
77230.8;-205
77238.5;-179
77246.2;-150
77253.8;-168
77261.5;-147
77269.2;-159
77276.9;-143
77284.6;-164
77292.3;-141
77300.0;-158
77307.7;-153
77315.4;-150
77323.1;-177
77330.8;-158
77338.5;-188
77346.2;-170
77353.8;-206
77361.5;-184
77369.2;-208
77376.9;-175
77384.6;-191
77392.3;-180
77400.0;-201
77407.7;-206
77415.4;-208
77423.1;-194
77430.8;-135
77438.5;-158
77446.2;-137
77453.8;-161
77461.5;-140
77469.2;-172
77476.9;-168
77484.6;-191
77492.3;-189
77500.0;-222
77507.7;-229
77515.4;-240
77523.1;-236
77530.8;-207
77538.5;-241
77546.2;-227
77553.8;-252
77561.5;-228
77569.2;-255
77576.9;-223
77584.6;-243
77592.3;-235
77600.0;-233
77607.7;-235
77615.4;-205
77623.1;-218
77630.8;-197
77638.5;-215
77646.2;-176
77653.8;-192
77661.5;-154
77669.2;-190
77676.9;-158
77684.6;-165
77692.3;-139
77700.0;-152
77707.7;-168
77715.4;-165
77723.1;-180
77730.8;-167
77738.5;-184
77746.2;-149
77753.8;-161
77761.5;-120
77769.2;-119
77776.9;-41
77784.6;31
77792.3;284
77800.0;690
77807.7;1098
77815.4;1516
77823.1;1591
77830.8;993
77838.5;286
77846.2;-127
77853.8;-182
77861.5;-98
77869.2;-158
77876.9;-178
77884.6;-222
77892.3;-221
77900.0;-243
77907.7;-251
77915.4;-255
77923.1;-277
77930.8;-267
77938.5;-297
77946.2;-270
77953.8;-273
77961.5;-244
77969.2;-255
77976.9;-232
77984.6;-253
77992.3;-227
78000.0;-220
78007.7;-210
78015.4;-202
78023.1;-202
78030.8;-168
78038.5;-149
78046.2;-105
78053.8;-106
78061.5;-75
78069.2;-101
78076.9;-68
78084.6;-103
78092.3;-106
78100.0;-132
78107.7;-137
78115.4;-156
78123.1;-166
78130.8;-164
78138.5;-197
78146.2;-177
78153.8;-201
78161.5;-189
78169.2;-213
78176.9;-186
78184.6;-201
78192.3;-176
78200.0;-185
78207.7;-198
78215.4;-176
78223.1;-159
78230.8;-131
78238.5;-154
78246.2;-134
78253.8;-159
78261.5;-139
78269.2;-165
78276.9;-146
78284.6;-180
78292.3;-171
78300.0;-172
78307.7;-170
78315.4;-166
78323.1;-176
78330.8;-175
78338.5;-208
78346.2;-173
78353.8;-197
78361.5;-158
78369.2;-190
78376.9;-166
78384.6;-201
78392.3;-183
78400.0;-138
78407.7;-36
78415.4;251
78423.1;676
78430.8;1184
78438.5;1525
78446.2;1442
78453.8;739
78461.5;166
78469.2;-74
78476.9;-83
78484.6;-148
78492.3;-205
78500.0;-230
78507.7;-250
78515.4;-271
78523.1;-281
78530.8;-285
78538.5;-314
78546.2;-306
78553.8;-340
78561.5;-307
78569.2;-328
78576.9;-268
78584.6;-264
78592.3;-259
78600.0;-247
78607.7;-239
78615.4;-207
78623.1;-199
78630.8;-159
78638.5;-150
78646.2;-101
78653.8;-114
78661.5;-74
78669.2;-92
78676.9;-80
78684.6;-98
78692.3;-133
78700.0;-165
78707.7;-202
78715.4;-230
78723.1;-261
78730.8;-267
78738.5;-298
78746.2;-262
78753.8;-280
78761.5;-245
78769.2;-270
78776.9;-251
78784.6;-253
78792.3;-239
78800.0;-238
78807.7;-250
78815.4;-246
78823.1;-233
78830.8;-209
78838.5;-219
78846.2;-211
78853.8;-247
78861.5;-222
78869.2;-248
78876.9;-254
78884.6;-258
78892.3;-240
78900.0;-255
78907.7;-257
78915.4;-265
78923.1;-276
78930.8;-257
78938.5;-245
78946.2;-176
78953.8;-133
78961.5;-52
78969.2;141
78976.9;567
78984.6;976
78992.3;1370
79000.0;1368
79007.7;769
79015.4;104
79023.1;-185
79030.8;-182
79038.5;-237
79046.2;-271
79053.8;-324
79061.5;-320
79069.2;-375
79076.9;-366
79084.6;-392
79092.3;-367
79100.0;-376
79107.7;-353
79115.4;-339
79123.1;-304
79130.8;-253
79138.5;-241
79146.2;-188
79153.8;-205
79161.5;-177
79169.2;-186
79176.9;-146
79184.6;-149
79192.3;-128
79200.0;-123
79207.7;-124
79215.4;-117
79223.1;-136
79230.8;-141
79238.5;-176
79246.2;-187
79253.8;-218
79261.5;-211
79269.2;-256
79276.9;-234
79284.6;-284
79292.3;-269
79300.0;-264
79307.7;-260
79315.4;-241
79323.1;-257
79330.8;-242
79338.5;-267
79346.2;-258
79353.8;-290
79361.5;-263
79369.2;-285
79376.9;-280
79384.6;-292
79392.3;-275
79400.0;-278
79407.7;-284
79415.4;-270
79423.1;-257
79430.8;-232
79438.5;-246
79446.2;-206
79453.8;-217
79461.5;-197
79469.2;-212
79476.9;-176
79484.6;-196
79492.3;-179
79500.0;-196
79507.7;-197
79515.4;-190
79523.1;-207
79530.8;-203
79538.5;-243
79546.2;-236
79553.8;-275
79561.5;-255
79569.2;-301
79576.9;-278
79584.6;-288
79592.3;-268
79600.0;-253
79607.7;-251
79615.4;-232
79623.1;-246
79630.8;-229
79638.5;-253
79646.2;-244
79653.8;-277
79661.5;-254
79669.2;-268
79676.9;-226
79684.6;-238
79692.3;-260
79700.0;-268
79707.7;-279
79715.4;-282
79723.1;-289
79730.8;-266
79738.5;-277
79746.2;-233
79753.8;-244
79761.5;-202
79769.2;-224
79776.9;-209
79784.6;-222
79792.3;-223
79800.0;-230
79807.7;-233
79815.4;-230
79823.1;-261
79830.8;-241
79838.5;-265
79846.2;-250
79853.8;-267
79861.5;-221
79869.2;-208
79876.9;-123
79884.6;12
79892.3;379
79900.0;872
79907.7;1327
79915.4;1668
79923.1;1330
79930.8;565
79938.5;-56
79946.2;-239
79953.8;-197
79961.5;-226
79969.2;-286
79976.9;-311
79984.6;-342
79992.3;-359
80000.0;-373
80007.7;-382
80015.4;-379
80023.1;-399
80030.8;-370
80038.5;-367
80046.2;-325
80053.8;-314
80061.5;-271
80069.2;-278
80076.9;-249
80084.6;-264
80092.3;-247
80100.0;-250
80107.7;-250
80115.4;-230
80123.1;-252
80130.8;-234
80138.5;-240
80146.2;-206
80153.8;-219
80161.5;-192
80169.2;-205
80176.9;-185
80184.6;-208
80192.3;-187
80200.0;-189
80207.7;-194
80215.4;-179
80223.1;-198
80230.8;-174
80238.5;-211
80246.2;-201
80253.8;-218
80261.5;-195
80269.2;-215
80276.9;-205
80284.6;-230
80292.3;-223
80300.0;-230
80307.7;-230
80315.4;-206
80323.1;-222
80330.8;-196
80338.5;-210
80346.2;-190
80353.8;-200
80361.5;-163
80369.2;-178
80376.9;-169
80384.6;-180
80392.3;-164
80400.0;-161
80407.7;-168
80415.4;-166
80423.1;-184
80430.8;-179
80438.5;-199
80446.2;-176
80453.8;-166
80461.5;-74
80469.2;148
80476.9;560
80484.6;1003
80492.3;1421
80500.0;1492
80507.7;948
80515.4;260
80523.1;-88
80530.8;-142
80538.5;-196
80546.2;-242
80553.8;-296
80561.5;-284
80569.2;-317
80576.9;-320
80584.6;-335
80592.3;-337
80600.0;-341
80607.7;-347
80615.4;-340
80623.1;-342
80630.8;-327
80638.5;-337
80646.2;-289
80653.8;-295
80661.5;-254
80669.2;-257
80676.9;-223
80684.6;-193
80692.3;-171
80700.0;-171
80707.7;-165
80715.4;-147
80723.1;-162
80730.8;-151
80738.5;-199
80746.2;-210
80753.8;-267
80761.5;-277
80769.2;-304
80776.9;-300
80784.6;-307
80792.3;-307
80800.0;-321
80807.7;-317
80815.4;-303
80823.1;-294
80830.8;-256
80838.5;-277
80846.2;-241
80853.8;-259
80861.5;-249
80869.2;-276
80876.9;-253
80884.6;-317
80892.3;-316
80900.0;-313
80907.7;-323
80915.4;-318
80923.1;-330
80930.8;-280
80938.5;-295
80946.2;-259
80953.8;-281
80961.5;-248
80969.2;-268
80976.9;-237
80984.6;-246
80992.3;-222
81000.0;-224
81007.7;-216
81015.4;-230
81023.1;-253
81030.8;-245
81038.5;-290
81046.2;-285
81053.8;-314
81061.5;-301
81069.2;-314
81076.9;-278
81084.6;-270
81092.3;-275
81100.0;-283
81107.7;-274
81115.4;-257
81123.1;-266
81130.8;-255
81138.5;-254
81146.2;-208
81153.8;-216
81161.5;-189
81169.2;-199
81176.9;-135
81184.6;-62
81192.3;249
81200.0;672
81207.7;1116
81215.4;1443
81223.1;1110
81230.8;385
81238.5;-91
81246.2;-182
81253.8;-221
81261.5;-266
81269.2;-339
81276.9;-338
81284.6;-347
81292.3;-332
81300.0;-334
81307.7;-341
81315.4;-336
81323.1;-345
81330.8;-333
81338.5;-348
81346.2;-331
81353.8;-334
81361.5;-290
81369.2;-286
81376.9;-258
81384.6;-252
81392.3;-223
81400.0;-216
81407.7;-211
81415.4;-192
81423.1;-186
81430.8;-160
81438.5;-175
81446.2;-157
81453.8;-186
81461.5;-180
81469.2;-217
81476.9;-204
81484.6;-232
81492.3;-242
81500.0;-253
81507.7;-262
81515.4;-249
81523.1;-282
81530.8;-261
81538.5;-279
81546.2;-266
81553.8;-286
81561.5;-274
81569.2;-308
81576.9;-294
81584.6;-295
81592.3;-283
81600.0;-266
81607.7;-262
81615.4;-241
81623.1;-240
81630.8;-212
81638.5;-240
81646.2;-194
81653.8;-212
81661.5;-209
81669.2;-232
81676.9;-199
81684.6;-222
81692.3;-230
81700.0;-229
81707.7;-253
81715.4;-252
81723.1;-284
81730.8;-261
81738.5;-292
81746.2;-260
81753.8;-285
81761.5;-231
81769.2;-232
81776.9;-207
81784.6;-205
81792.3;-164
81800.0;-105
81807.7;-51
81815.4;216
81823.1;664
81830.8;1136
81838.5;1494
81846.2;1350
81853.8;541
81861.5;-51
81869.2;-256
81876.9;-192
81884.6;-256
81892.3;-312
81900.0;-340
81907.7;-320
81915.4;-316
81923.1;-326
81930.8;-309
81938.5;-311
81946.2;-284
81953.8;-310
81961.5;-284
81969.2;-301
81976.9;-278
81984.6;-290
81992.3;-262
82000.0;-249
82007.7;-236
82015.4;-204
82023.1;-205
82030.8;-175
82038.5;-186
82046.2;-130
82053.8;-138
82061.5;-98
82069.2;-107
82076.9;-96
82084.6;-126
82092.3;-152
82100.0;-193
82107.7;-228
82115.4;-254
82123.1;-287
82130.8;-282
82138.5;-316
82146.2;-297
82153.8;-315
82161.5;-274
82169.2;-285
82176.9;-259
82184.6;-260
82192.3;-229
82200.0;-242
82207.7;-235
82215.4;-200
82223.1;-190
82230.8;-162
82238.5;-186
82246.2;-192
82253.8;-225
82261.5;-214
82269.2;-233
82276.9;-225
82284.6;-246
82292.3;-235
82300.0;-242
82307.7;-243
82315.4;-222
82323.1;-238
82330.8;-215
82338.5;-235
82346.2;-205
82353.8;-216
82361.5;-193
82369.2;-206
82376.9;-157
82384.6;-91
82392.3;33
82400.0;410
82407.7;937
82415.4;1431
82423.1;1682
82430.8;1144
82438.5;243
82446.2;-169
82453.8;-210
82461.5;-169
82469.2;-234
82476.9;-235
82484.6;-267
82492.3;-250
82500.0;-264
82507.7;-265
82515.4;-265
82523.1;-277
82530.8;-245
82538.5;-254
82546.2;-226
82553.8;-257
82561.5;-234
82569.2;-246
82576.9;-246
82584.6;-244
82592.3;-207
82600.0;-197
82607.7;-179
82615.4;-173
82623.1;-175
82630.8;-119
82638.5;-113
82646.2;-71
82653.8;-107
82661.5;-94
82669.2;-143
82676.9;-157
82684.6;-172
82692.3;-175
82700.0;-202
82707.7;-229
82715.4;-239
82723.1;-268
82730.8;-245
82738.5;-281
82746.2;-249
82753.8;-256
82761.5;-174
82769.2;-111
82776.9;211
82784.6;639
82792.3;1121
82800.0;1432
82807.7;1313
82815.4;827
82823.1;280
82830.8;39
82838.5;-110
82846.2;-140
82853.8;-231
82861.5;-239
82869.2;-289
82876.9;-307
82884.6;-350
82892.3;-371
82900.0;-384
82907.7;-385
82915.4;-381
82923.1;-398
82930.8;-377
82938.5;-381
82946.2;-347
82953.8;-355
82961.5;-302
82969.2;-295
82976.9;-246
82984.6;-207
82992.3;-174
83000.0;-126
83007.7;-93
83015.4;-59
83023.1;-57
83030.8;-41
83038.5;-66
83046.2;-78
83053.8;-141
83061.5;-162
83069.2;-206
83076.9;-229
83084.6;-265
83092.3;-265
83100.0;-292
83107.7;-301
83115.4;-284
83123.1;-278
83130.8;-240
83138.5;-255
83146.2;-204
83153.8;-230
83161.5;-204
83169.2;-222
83176.9;-207
83184.6;-229
83192.3;-233
83200.0;-244
83207.7;-261
83215.4;-243
83223.1;-261
83230.8;-259
83238.5;-298
83246.2;-268
83253.8;-302
83261.5;-280
83269.2;-310
83276.9;-302
83284.6;-296
83292.3;-282
83300.0;-258
83307.7;-243
83315.4;-242
83323.1;-258
83330.8;-228
83338.5;-267
83346.2;-262
83353.8;-280
83361.5;-254
83369.2;-251
83376.9;-240
83384.6;-246
83392.3;-230
83400.0;-231
83407.7;-243
83415.4;-241
83423.1;-255
83430.8;-258
83438.5;-264
83446.2;-247
83453.8;-264
83461.5;-239
83469.2;-273
83476.9;-236
83484.6;-236
83492.3;-221
83500.0;-232
83507.7;-236
83515.4;-225
83523.1;-239
83530.8;-232
83538.5;-259
83546.2;-232
83553.8;-240
83561.5;-202
83569.2;-202
83576.9;-147
83584.6;-108
83592.3;94
83600.0;449
83607.7;848
83615.4;1255
83623.1;1447
83630.8;1022
83638.5;329
83646.2;-46
83653.8;-188
83661.5;-158
83669.2;-240
83676.9;-255
83684.6;-303
83692.3;-309
83700.0;-320
83707.7;-320
83715.4;-300
83723.1;-330
83730.8;-298
83738.5;-311
83746.2;-284
83753.8;-311
83761.5;-290
83769.2;-307
83776.9;-303
83784.6;-323
83792.3;-311
83800.0;-304
83807.7;-309
83815.4;-302
83823.1;-308
83830.8;-254
83838.5;-260
83846.2;-241
83853.8;-240
83861.5;-209
83869.2;-220
83876.9;-192
83884.6;-193
83892.3;-174
83900.0;-169
83907.7;-162
83915.4;-159
83923.1;-183
83930.8;-176
83938.5;-219
83946.2;-206
83953.8;-241
83961.5;-212
83969.2;-263
83976.9;-256
83984.6;-262
83992.3;-244
84000.0;-237
84007.7;-250
84015.4;-245
84023.1;-257
84030.8;-225
84038.5;-252
84046.2;-217
84053.8;-237
84061.5;-215
84069.2;-226
84076.9;-217
84084.6;-248
84092.3;-252
84100.0;-255
84107.7;-268
84115.4;-255
84123.1;-277
84130.8;-239
84138.5;-244
84146.2;-227
84153.8;-242
84161.5;-209
84169.2;-228
84176.9;-231
84184.6;-249
84192.3;-243
84200.0;-230
84207.7;-233
84215.4;-197
84223.1;-206
84230.8;-184
84238.5;-210
84246.2;-192
84253.8;-222
84261.5;-209
84269.2;-233
84276.9;-218
84284.6;-239
84292.3;-239
84300.0;-231
84307.7;-236
84315.4;-226
84323.1;-179
84330.8;-87
84338.5;122
84346.2;584
84353.8;983
84361.5;1395
84369.2;1467
84376.9;966
84384.6;251
84392.3;-119
84400.0;-156
84407.7;-166
84415.4;-226
84423.1;-287
84430.8;-292
84438.5;-321
84446.2;-298
84453.8;-338
84461.5;-330
84469.2;-350
84476.9;-330
84484.6;-341
84492.3;-338
84500.0;-313
84507.7;-270
84515.4;-228
84523.1;-223
84530.8;-192
84538.5;-205
84546.2;-173
84553.8;-181
84561.5;-156
84569.2;-166
84576.9;-139
84584.6;-146
84592.3;-145
84600.0;-142
84607.7;-160
84615.4;-153
84623.1;-188
84630.8;-188
84638.5;-224
84646.2;-216
84653.8;-245
84661.5;-238
84669.2;-245
84676.9;-217
84684.6;-217
84692.3;-211
84700.0;-225
84707.7;-232
84715.4;-227
84723.1;-243
84730.8;-223
84738.5;-235
84746.2;-210
84753.8;-229
84761.5;-202
84769.2;-218
84776.9;-205
84784.6;-213
84792.3;-193
84800.0;-189
84807.7;-181
84815.4;-191
84823.1;-210
84830.8;-176
84838.5;-174
84846.2;-159
84853.8;-204
84861.5;-182
84869.2;-210
84876.9;-203
84884.6;-210
84892.3;-197
84900.0;-196
84907.7;-184
84915.4;-187
84923.1;-198
84930.8;-190
84938.5;-236
84946.2;-209
84953.8;-238
84961.5;-204
84969.2;-206
84976.9;-199
84984.6;-189
84992.3;-182
85000.0;-176
85007.7;-147
85015.4;-90
85023.1;-37
85030.8;106
85038.5;390
85046.2;848
85053.8;1289
85061.5;1685
85069.2;1572
85076.9;925
85084.6;188
85092.3;-130
85100.0;-131
85107.7;-167
85115.4;-223
85123.1;-261
85130.8;-250
85138.5;-272
85146.2;-264
85153.8;-278
85161.5;-258
85169.2;-281
85176.9;-244
85184.6;-247
85192.3;-222
85200.0;-218
85207.7;-224
85215.4;-216
85223.1;-230
85230.8;-213
85238.5;-230
85246.2;-202
85253.8;-218
85261.5;-153
85269.2;-162
85276.9;-136
85284.6;-147
85292.3;-127
85300.0;-124
85307.7;-139
85315.4;-149
85323.1;-163
85330.8;-137
85338.5;-170
85346.2;-157
85353.8;-196
85361.5;-181
85369.2;-233
85376.9;-222
85384.6;-246
85392.3;-240
85400.0;-240
85407.7;-255
85415.4;-235
85423.1;-237
85430.8;-209
85438.5;-232
85446.2;-197
85453.8;-214
85461.5;-191
85469.2;-199
85476.9;-179
85484.6;-183
85492.3;-181
85500.0;-183
85507.7;-175
85515.4;-154
85523.1;-171
85530.8;-169
85538.5;-207
85546.2;-185
85553.8;-214
85561.5;-181
85569.2;-208
85576.9;-188
85584.6;-209
85592.3;-204
85600.0;-210
85607.7;-231
85615.4;-210
85623.1;-222
85630.8;-199
85638.5;-220
85646.2;-195
85653.8;-218
85661.5;-216
85669.2;-231
85676.9;-227
85684.6;-230
85692.3;-223
85700.0;-226
85707.7;-234
85715.4;-222
85723.1;-235
85730.8;-203
85738.5;-232
85746.2;-219
85753.8;-251
85761.5;-230
85769.2;-237
85776.9;-214
85784.6;-214
85792.3;-199
85800.0;-202
85807.7;-184
85815.4;-168
85823.1;-168
85830.8;-108
85838.5;-67
85846.2;117
85853.8;441
85861.5;897
85869.2;1300
85876.9;1564
85884.6;1219
85892.3;530
85900.0;19
85907.7;-141
85915.4;-130
85923.1;-189
85930.8;-225
85938.5;-265
85946.2;-257
85953.8;-296
85961.5;-286
85969.2;-322
85976.9;-304
85984.6;-321
85992.3;-313
86000.0;-309
86007.7;-289
86015.4;-282
86023.1;-288
86030.8;-264
86038.5;-268
86046.2;-245
86053.8;-267
86061.5;-239
86069.2;-247
86076.9;-222
86084.6;-218
86092.3;-186
86100.0;-166
86107.7;-147
86115.4;-125
86123.1;-135
86130.8;-134
86138.5;-177
86146.2;-157
86153.8;-211
86161.5;-208
86169.2;-263
86176.9;-258
86184.6;-245
86192.3;-239
86200.0;-251
86207.7;-268
86215.4;-265
86223.1;-292
86230.8;-262
86238.5;-270
86246.2;-239
86253.8;-280
86261.5;-248
86269.2;-258
86276.9;-227
86284.6;-240
86292.3;-223
86300.0;-230
86307.7;-227
86315.4;-207
86323.1;-232
86330.8;-231
86338.5;-267
86346.2;-245
86353.8;-256
86361.5;-230
86369.2;-244
86376.9;-228
86384.6;-242
86392.3;-238
86400.0;-250
86407.7;-251
86415.4;-242
86423.1;-265
86430.8;-253
86438.5;-270
86446.2;-244
86453.8;-263
86461.5;-237
86469.2;-264
86476.9;-242
86484.6;-263
86492.3;-246
86500.0;-248
86507.7;-245
86515.4;-226
86523.1;-233
86530.8;-220
86538.5;-250
86546.2;-218
86553.8;-238
86561.5;-199
86569.2;-208
86576.9;-180
86584.6;-183
86592.3;-142
86600.0;-72
86607.7;137
86615.4;541
86623.1;984
86630.8;1384
86638.5;1289
86646.2;641
86653.8;31
86661.5;-134
86669.2;-179
86676.9;-212
86684.6;-279
86692.3;-283
86700.0;-304
86707.7;-315
86715.4;-314
86723.1;-329
86730.8;-314
86738.5;-348
86746.2;-320
86753.8;-338
86761.5;-304
86769.2;-327
86776.9;-305
86784.6;-288
86792.3;-263
86800.0;-250
86807.7;-234
86815.4;-216
86823.1;-218
86830.8;-181
86838.5;-178
86846.2;-132
86853.8;-151
86861.5;-120
86869.2;-155
86876.9;-172
86884.6;-223
86892.3;-237
86900.0;-261
86907.7;-285
86915.4;-288
86923.1;-306
86930.8;-287
86938.5;-321
86946.2;-279
86953.8;-302
86961.5;-281
86969.2;-311
86976.9;-288
86984.6;-310
86992.3;-293
87000.0;-275
87007.7;-270
87015.4;-239
87023.1;-243
87030.8;-200
87038.5;-230
87046.2;-226
87053.8;-247
87061.5;-238
87069.2;-268
87076.9;-259
87084.6;-271
87092.3;-256
87100.0;-271
87107.7;-273
87115.4;-270
87123.1;-269
87130.8;-242
87138.5;-251
87146.2;-216
87153.8;-153
87161.5;-65
87169.2;82
87176.9;524
87184.6;981
87192.3;1419
87200.0;1420
87207.7;701
87215.4;26
87223.1;-188
87230.8;-149
87238.5;-214
87246.2;-227
87253.8;-272
87261.5;-277
87269.2;-301
87276.9;-273
87284.6;-286
87292.3;-276
87300.0;-273
87307.7;-261
87315.4;-253
87323.1;-276
87330.8;-250
87338.5;-246
87346.2;-199
87353.8;-194
87361.5;-163
87369.2;-173
87376.9;-123
87384.6;-136
87392.3;-125
87400.0;-106
87407.7;-105
87415.4;-92
87423.1;-125
87430.8;-125
87438.5;-151
87446.2;-161
87453.8;-208
87461.5;-206
87469.2;-246
87476.9;-250
87484.6;-260
87492.3;-251
87500.0;-248
87507.7;-249
87515.4;-244
87523.1;-269
87530.8;-261
87538.5;-279
87546.2;-254
87553.8;-258
87561.5;-227
87569.2;-227
87576.9;-217
87584.6;-219
87592.3;-210
87600.0;-216
87607.7;-225
87615.4;-220
87623.1;-226
87630.8;-193
87638.5;-223
87646.2;-203
87653.8;-232
87661.5;-215
87669.2;-251
87676.9;-233
87684.6;-252
87692.3;-242
87700.0;-245
87707.7;-222
87715.4;-198
87723.1;-200
87730.8;-175
87738.5;-197
87746.2;-187
87753.8;-216
87761.5;-189
87769.2;-207
87776.9;-184
87784.6;-190
87792.3;-198
87800.0;-212
87807.7;-215
87815.4;-208
87823.1;-212
87830.8;-190
87838.5;-192
87846.2;-147
87853.8;-90
87861.5;79
87869.2;402
87876.9;908
87884.6;1375
87892.3;1706
87900.0;1356
87907.7;542
87915.4;-9
87923.1;-171
87930.8;-133
87938.5;-229
87946.2;-240
87953.8;-301
87961.5;-302
87969.2;-318
87976.9;-300
87984.6;-311
87992.3;-301
88000.0;-302
88007.7;-290
88015.4;-267
88023.1;-259
88030.8;-199
88038.5;-193
88046.2;-176
88053.8;-186
88061.5;-136
88069.2;-157
88076.9;-146
88084.6;-145
88092.3;-143
88100.0;-149
88107.7;-157
88115.4;-151
88123.1;-171
88130.8;-158
88138.5;-193
88146.2;-184
88153.8;-233
88161.5;-219
88169.2;-240
88176.9;-241
88184.6;-273
88192.3;-256
88200.0;-231
88207.7;-230
88215.4;-216
88223.1;-243
88230.8;-226
88238.5;-260
88246.2;-237
88253.8;-259
88261.5;-217
88269.2;-223
88276.9;-196
88284.6;-203
88292.3;-183
88300.0;-179
88307.7;-171
88315.4;-138
88323.1;-109
88330.8;9
88338.5;260
88346.2;662
88353.8;1071
88361.5;1361
88369.2;1127
88376.9;494
88384.6;31
88392.3;-168
88400.0;-234
88407.7;-279
88415.4;-284
88423.1;-315
88430.8;-321
88438.5;-345
88446.2;-333
88453.8;-363
88461.5;-348
88469.2;-358
88476.9;-338
88484.6;-339
88492.3;-300
88500.0;-287
88507.7;-263
88515.4;-259
88523.1;-259
88530.8;-242
88538.5;-235
88546.2;-197
88553.8;-207
88561.5;-157
88569.2;-157
88576.9;-133
88584.6;-141
88592.3;-151
88600.0;-162
88607.7;-183
88615.4;-212
88623.1;-247
88630.8;-256
88638.5;-285
88646.2;-277
88653.8;-290
88661.5;-275
88669.2;-301
88676.9;-296
88684.6;-305
88692.3;-310
88700.0;-308
88707.7;-298
88715.4;-292
88723.1;-299
88730.8;-282
88738.5;-315
88746.2;-289
88753.8;-300
88761.5;-272
88769.2;-289
88776.9;-287
88784.6;-291
88792.3;-291
88800.0;-289
88807.7;-293
88815.4;-273
88823.1;-289
88830.8;-272
88838.5;-293
88846.2;-270
88853.8;-296
88861.5;-299
88869.2;-328
88876.9;-306
88884.6;-310
88892.3;-304
88900.0;-308
88907.7;-311
88915.4;-290
88923.1;-288
88930.8;-274
88938.5;-293
88946.2;-278
88953.8;-294
88961.5;-260
88969.2;-282
88976.9;-273
88984.6;-293
88992.3;-270
89000.0;-261
89007.7;-261
89015.4;-255
89023.1;-272
89030.8;-256
89038.5;-280
89046.2;-270
89053.8;-279
89061.5;-239
89069.2;-250
89076.9;-249
89084.6;-254
89092.3;-233
89100.0;-239
89107.7;-235
89115.4;-230
89123.1;-241
89130.8;-220
89138.5;-260
89146.2;-246
89153.8;-259
89161.5;-238
89169.2;-273
89176.9;-268
89184.6;-287
89192.3;-283
89200.0;-284
89207.7;-276
89215.4;-251
89223.1;-269
89230.8;-245
89238.5;-245
89246.2;-199
89253.8;-197
89261.5;-181
89269.2;-159
89276.9;-88
89284.6;44
89292.3;370
89300.0;748
89307.7;1104
89315.4;1420
89323.1;1231
89330.8;600
89338.5;20
89346.2;-223
89353.8;-246
89361.5;-241
89369.2;-298
89376.9;-323
89384.6;-339
89392.3;-338
89400.0;-342
89407.7;-344
89415.4;-321
89423.1;-318
89430.8;-308
89438.5;-325
89446.2;-314
89453.8;-338
89461.5;-317
89469.2;-331
89476.9;-299
89484.6;-299
89492.3;-279
89500.0;-286
89507.7;-284
89515.4;-260
89523.1;-266
89530.8;-222
89538.5;-230
89546.2;-174
89553.8;-179
89561.5;-135
89569.2;-131
89576.9;-78
89584.6;-71
89592.3;-79
89600.0;-95
89607.7;-132
89615.4;-149
89623.1;-209
89630.8;-223
89638.5;-261
89646.2;-252
89653.8;-271
89661.5;-241
89669.2;-274
89676.9;-253
89684.6;-270
89692.3;-257
89700.0;-249
89707.7;-239
89715.4;-236
89723.1;-235
89730.8;-204
89738.5;-223
89746.2;-178
89753.8;-198
89761.5;-173
89769.2;-187
89776.9;-173
89784.6;-182
89792.3;-181
89800.0;-161
89807.7;-159
89815.4;-85
89823.1;26
89830.8;328
89838.5;641
89846.2;1042
89853.8;1334
89861.5;1354
89869.2;802
89876.9;128
89884.6;-182
89892.3;-224
89900.0;-220
89907.7;-264
89915.4;-287
89923.1;-311
89930.8;-290
89938.5;-320
89946.2;-290
89953.8;-312
89961.5;-289
89969.2;-308
89976.9;-291
89984.6;-299
89992.3;-283
90000.0;-274
90007.7;-271
90015.4;-245
90023.1;-251
90030.8;-244
90038.5;-243
90046.2;-197
90053.8;-182
90061.5;-145
90069.2;-153
90076.9;-124
90084.6;-112
90092.3;-75
90100.0;-68
90107.7;-85
90115.4;-91
90123.1;-129
90130.8;-118
90138.5;-147
90146.2;-157
90153.8;-193
90161.5;-198
90169.2;-231
90176.9;-220
90184.6;-240
90192.3;-251
90200.0;-250
90207.7;-268
90215.4;-275
90223.1;-282
90230.8;-272
90238.5;-274
90246.2;-244
90253.8;-257
90261.5;-236
90269.2;-249
90276.9;-235
90284.6;-249
90292.3;-222
90300.0;-224
90307.7;-213
90315.4;-204
90323.1;-223
90330.8;-213
90338.5;-246
90346.2;-207
90353.8;-231
90361.5;-215
90369.2;-247
90376.9;-233
90384.6;-245
90392.3;-219
90400.0;-207
90407.7;-197
90415.4;-184
90423.1;-206
90430.8;-200
90438.5;-229
90446.2;-193
90453.8;-192
90461.5;-151
90469.2;-143
90476.9;-49
90484.6;116
90492.3;475
90500.0;919
90507.7;1335
90515.4;1629
90523.1;1326
90530.8;626
90538.5;32
90546.2;-151
90553.8;-186
90561.5;-212
90569.2;-285
90576.9;-303
90584.6;-329
90592.3;-337
90600.0;-326
90607.7;-313
90615.4;-291
90623.1;-303
90630.8;-275
90638.5;-297
90646.2;-277
90653.8;-318
90661.5;-288
90669.2;-313
90676.9;-297
90684.6;-304
90692.3;-292
90700.0;-288
90707.7;-294
90715.4;-276
90723.1;-293
90730.8;-257
90738.5;-268
90746.2;-233
90753.8;-234
90761.5;-204
90769.2;-222
90776.9;-209
90784.6;-217
90792.3;-226
90800.0;-219
90807.7;-228
90815.4;-220
90823.1;-248
90830.8;-240
90838.5;-263
90846.2;-250
90853.8;-268
90861.5;-244
90869.2;-258
90876.9;-242
90884.6;-246
90892.3;-231
90900.0;-230
90907.7;-208
90915.4;-181
90923.1;-191
90930.8;-147
90938.5;-179
90946.2;-124
90953.8;-49
90961.5;246
90969.2;604
90976.9;1050
90984.6;1381
90992.3;1349
91000.0;791
91007.7;162
91015.4;-88
91023.1;-226
91030.8;-238
91038.5;-332
91046.2;-331
91053.8;-381
91061.5;-368
91069.2;-398
91076.9;-378
91084.6;-402
91092.3;-401
91100.0;-396
91107.7;-408
91115.4;-395
91123.1;-403
91130.8;-378
91138.5;-384
91146.2;-355
91153.8;-362
91161.5;-344
91169.2;-371
91176.9;-342
91184.6;-338
91192.3;-307
91200.0;-282
91207.7;-242
91215.4;-188
91223.1;-189
91230.8;-171
91238.5;-191
91246.2;-203
91253.8;-268
91261.5;-266
91269.2;-299
91276.9;-295
91284.6;-315
91292.3;-330
91300.0;-319
91307.7;-344
91315.4;-344
91323.1;-358
91330.8;-334
91338.5;-356
91346.2;-351
91353.8;-363
91361.5;-343
91369.2;-355
91376.9;-323
91384.6;-306
91392.3;-287
91400.0;-286
91407.7;-288
91415.4;-294
91423.1;-321
91430.8;-303
91438.5;-315
91446.2;-298
91453.8;-326
91461.5;-322
91469.2;-358
91476.9;-353
91484.6;-372
91492.3;-374
91500.0;-367
91507.7;-400
91515.4;-381
91523.1;-389
91530.8;-368
91538.5;-394
91546.2;-362
91553.8;-374
91561.5;-319
91569.2;-337
91576.9;-322
91584.6;-340
91592.3;-314
91600.0;-305
91607.7;-329
91615.4;-322
91623.1;-339
91630.8;-315
91638.5;-344
91646.2;-299
91653.8;-328
91661.5;-304
91669.2;-331
91676.9;-312
91684.6;-294
91692.3;-257
91700.0;-202
91707.7;-104
91715.4;193
91723.1;610
91730.8;1059
91738.5;1362
91746.2;1150
91753.8;426
91761.5;-38
91769.2;-236
91776.9;-234
91784.6;-309
91792.3;-355
91800.0;-390
91807.7;-414
91815.4;-423
91823.1;-447
91830.8;-433
91838.5;-454
91846.2;-433
91853.8;-462
91861.5;-440
91869.2;-440
91876.9;-420
91884.6;-430
91892.3;-400
91900.0;-400
91907.7;-385
91915.4;-355
91923.1;-360
91930.8;-334
91938.5;-326
91946.2;-264
91953.8;-284
91961.5;-254
91969.2;-270
91976.9;-241
91984.6;-254
91992.3;-241
92000.0;-241
92007.7;-251
92015.4;-268
92023.1;-307
92030.8;-300
92038.5;-332
92046.2;-326
92053.8;-351
92061.5;-312
92069.2;-331
92076.9;-317
92084.6;-330
92092.3;-325
92100.0;-328
92107.7;-313
92115.4;-293
92123.1;-318
92130.8;-294
92138.5;-332
92146.2;-313
92153.8;-327
92161.5;-290
92169.2;-314
92176.9;-298
92184.6;-319
92192.3;-319
92200.0;-319
92207.7;-322
92215.4;-322
92223.1;-345
92230.8;-328
92238.5;-365
92246.2;-340
92253.8;-365
92261.5;-345
92269.2;-361
92276.9;-335
92284.6;-327
92292.3;-280
92300.0;-287
92307.7;-286
92315.4;-278
92323.1;-283
92330.8;-261
92338.5;-292
92346.2;-297
92353.8;-317
92361.5;-302
92369.2;-300
92376.9;-296
92384.6;-296
92392.3;-283
92400.0;-284
92407.7;-292
92415.4;-299
92423.1;-312
92430.8;-289
92438.5;-313
92446.2;-309
92453.8;-326
92461.5;-294
92469.2;-305
92476.9;-261
92484.6;-224
92492.3;-186
92500.0;-124
92507.7;-38
92515.4;181
92523.1;576
92530.8;1023
92538.5;1387
92546.2;1323
92553.8;555
92561.5;-69
92569.2;-279
92576.9;-233
92584.6;-296
92592.3;-346
92600.0;-367
92607.7;-383
92615.4;-380
92623.1;-403
92630.8;-381
92638.5;-393
92646.2;-350
92653.8;-343
92661.5;-279
92669.2;-269
92676.9;-240
92684.6;-258
92692.3;-252
92700.0;-258
92707.7;-267
92715.4;-241
92723.1;-234
92730.8;-212
92738.5;-241
92746.2;-213
92753.8;-231
92761.5;-212
92769.2;-223
92776.9;-215
92784.6;-225
92792.3;-222
92800.0;-221
92807.7;-239
92815.4;-244
92823.1;-257
92830.8;-246
92838.5;-254
92846.2;-229
92853.8;-263
92861.5;-235
92869.2;-239
92876.9;-226
92884.6;-240
92892.3;-233
92900.0;-241
92907.7;-261
92915.4;-243
92923.1;-276
92930.8;-258
92938.5;-282
92946.2;-253
92953.8;-254
92961.5;-217
92969.2;-245
92976.9;-220
92984.6;-252
92992.3;-254
93000.0;-241
93007.7;-245
93015.4;-193
93023.1;-198
93030.8;-173
93038.5;-198
93046.2;-161
93053.8;-195
93061.5;-195
93069.2;-226
93076.9;-220
93084.6;-224
93092.3;-231
93100.0;-235
93107.7;-255
93115.4;-230
93123.1;-230
93130.8;-215
93138.5;-253
93146.2;-230
93153.8;-237
93161.5;-232
93169.2;-252
93176.9;-211
93184.6;-225
93192.3;-206
93200.0;-191
93207.7;-129
93215.4;-26
93223.1;141
93230.8;533
93238.5;983
93246.2;1461
93253.8;1558
93261.5;997
93269.2;199
93276.9;-137
93284.6;-157
93292.3;-155
93300.0;-203
93307.7;-228
93315.4;-249
93323.1;-275
93330.8;-272
93338.5;-292
93346.2;-270
93353.8;-298
93361.5;-273
93369.2;-282
93376.9;-261
93384.6;-251
93392.3;-239
93400.0;-239
93407.7;-235
93415.4;-213
93423.1;-226
93430.8;-186
93438.5;-172
93446.2;-140
93453.8;-118
93461.5;-59
93469.2;-81
93476.9;-85
93484.6;-129
93492.3;-147
93500.0;-184
93507.7;-222
93515.4;-229
93523.1;-261
93530.8;-267
93538.5;-281
93546.2;-263
93553.8;-288
93561.5;-274
93569.2;-310
93576.9;-280
93584.6;-280
93592.3;-267
93600.0;-239
93607.7;-201
93615.4;-186
93623.1;-203
93630.8;-197
93638.5;-224
93646.2;-207
93653.8;-229
93661.5;-212
93669.2;-248
93676.9;-233
93684.6;-245
93692.3;-232
93700.0;-219
93707.7;-233
93715.4;-230
93723.1;-250
93730.8;-232
93738.5;-253
93746.2;-225
93753.8;-254
93761.5;-213
93769.2;-215
93776.9;-191
93784.6;-198
93792.3;-186
93800.0;-193
93807.7;-175
93815.4;-94
93823.1;-12
93830.8;264
93838.5;633
93846.2;1073
93853.8;1383
93861.5;1293
93869.2;601
93876.9;37
93884.6;-185
93892.3;-202
93900.0;-262
93907.7;-304
93915.4;-307
93923.1;-338
93930.8;-350
93938.5;-375
93946.2;-356
93953.8;-379
93961.5;-349
93969.2;-367
93976.9;-339
93984.6;-336
93992.3;-316
94000.0;-304
94007.7;-292
94015.4;-266
94023.1;-260
94030.8;-219
94038.5;-195
94046.2;-147
94053.8;-151
94061.5;-116
94069.2;-126
94076.9;-110
94084.6;-122
94092.3;-154
94100.0;-197
94107.7;-231
94115.4;-265
94123.1;-294
94130.8;-290
94138.5;-315
94146.2;-295
94153.8;-322
94161.5;-304
94169.2;-319
94176.9;-295
94184.6;-303
94192.3;-289
94200.0;-279
94207.7;-264
94215.4;-220
94223.1;-231
94230.8;-211
94238.5;-240
94246.2;-224
94253.8;-266
94261.5;-262
94269.2;-290
94276.9;-282
94284.6;-306
94292.3;-303
94300.0;-299
94307.7;-297
94315.4;-293
94323.1;-325
94330.8;-297
94338.5;-326
94346.2;-308
94353.8;-310
94361.5;-216
94369.2;-208
94376.9;-178
94384.6;-184
94392.3;-177
94400.0;-174
94407.7;-184
94415.4;-191
94423.1;-215
94430.8;-210
94438.5;-252
94446.2;-249
94453.8;-286
94461.5;-259
94469.2;-285
94476.9;-266
94484.6;-293
94492.3;-271
94500.0;-265
94507.7;-241
94515.4;-197
94523.1;-198
94530.8;-163
94538.5;-140
94546.2;-56
94553.8;29
94561.5;342
94569.2;727
94576.9;1158
94584.6;1410
94592.3;1159
94600.0;441
94607.7;-44
94615.4;-171
94623.1;-212
94630.8;-279
94638.5;-325
94646.2;-335
94653.8;-368
94661.5;-318
94669.2;-331
94676.9;-303
94684.6;-294
94692.3;-287
94700.0;-291
94707.7;-291
94715.4;-284
94723.1;-265
94730.8;-223
94738.5;-239
94746.2;-213
94753.8;-215
94761.5;-171
94769.2;-184
94776.9;-158
94784.6;-160
94792.3;-139
94800.0;-113
94807.7;-113
94815.4;-98
94823.1;-110
94830.8;-113
94838.5;-152
94846.2;-154
94853.8;-181
94861.5;-184
94869.2;-209
94876.9;-198
94884.6;-214
94892.3;-226
94900.0;-240
94907.7;-248
94915.4;-247
94923.1;-257
94930.8;-244
94938.5;-261
94946.2;-235
94953.8;-258
94961.5;-241
94969.2;-268
94976.9;-260
94984.6;-269
94992.3;-278
95000.0;-277
95007.7;-281
95015.4;-264
95023.1;-244
95030.8;-184
95038.5;-199
95046.2;-183
95053.8;-201
95061.5;-186
95069.2;-208
95076.9;-193
95084.6;-217
95092.3;-219
95100.0;-221
95107.7;-214
95115.4;-213
95123.1;-238
95130.8;-229
95138.5;-262
95146.2;-238
95153.8;-280
95161.5;-265
95169.2;-291
95176.9;-271
95184.6;-257
95192.3;-237
95200.0;-232
95207.7;-248
95215.4;-235
95223.1;-248
95230.8;-224
95238.5;-216
95246.2;-200
95253.8;-206
95261.5;-183
95269.2;-197
95276.9;-180
95284.6;-197
95292.3;-197
95300.0;-204
95307.7;-220
95315.4;-222
95323.1;-238
95330.8;-226
95338.5;-259
95346.2;-236
95353.8;-255
95361.5;-234
95369.2;-257
95376.9;-231
95384.6;-248
95392.3;-231
95400.0;-222
95407.7;-229
95415.4;-223
95423.1;-223
95430.8;-183
95438.5;-193
95446.2;-141
95453.8;-164
95461.5;-130
95469.2;-159
95476.9;-146
95484.6;-161
95492.3;-170
95500.0;-178
95507.7;-189
95515.4;-177
95523.1;-197
95530.8;-182
95538.5;-195
95546.2;-163
95553.8;-183
95561.5;-148
95569.2;-155
95576.9;-101
95584.6;-57
95592.3;61
95600.0;367
95607.7;836
95615.4;1292
95623.1;1656
95630.8;1534
95638.5;803
95646.2;194
95653.8;-131
95661.5;-72
95669.2;-115
95676.9;-145
95684.6;-213
95692.3;-218
95700.0;-265
95707.7;-289
95715.4;-289
95723.1;-297
95730.8;-279
95738.5;-290
95746.2;-267
95753.8;-297
95761.5;-248
95769.2;-266
95776.9;-242
95784.6;-231
95792.3;-194
95800.0;-193
95807.7;-179
95815.4;-153
95823.1;-144
95830.8;-114
95838.5;-139
95846.2;-117
95853.8;-120
95861.5;-87
95869.2;-102
95876.9;-98
95884.6;-145
95892.3;-150
95900.0;-163
95907.7;-184
95915.4;-194
95923.1;-222
95930.8;-206
95938.5;-239
95946.2;-220
95953.8;-248
95961.5;-233
95969.2;-269
95976.9;-242
95984.6;-247
95992.3;-227
96000.0;-189
96007.7;-177
96015.4;-154
96023.1;-170
96030.8;-161
96038.5;-186
96046.2;-169
96053.8;-193
96061.5;-154
96069.2;-172
96076.9;-155
96084.6;-190
96092.3;-190
96100.0;-189
96107.7;-193
96115.4;-194
96123.1;-204
96130.8;-198
96138.5;-236
96146.2;-224
96153.8;-235
96161.5;-177
96169.2;-173
96176.9;-145
96184.6;-159
96192.3;-151
96200.0;-142
96207.7;-161
96215.4;-163
96223.1;-167
96230.8;-145
96238.5;-172
96246.2;-148
96253.8;-183
96261.5;-172
96269.2;-196
96276.9;-204
96284.6;-215
96292.3;-207
96300.0;-181
96307.7;-118
96315.4;31
96323.1;332
96330.8;747
96338.5;1143
96346.2;1459
96353.8;1294
96361.5;674
96369.2;131
96376.9;-86
96384.6;-103
96392.3;-121
96400.0;-172
96407.7;-199
96415.4;-203
96423.1;-242
96430.8;-246
96438.5;-287
96446.2;-295
96453.8;-331
96461.5;-304
96469.2;-311
96476.9;-295
96484.6;-312
96492.3;-285
96500.0;-279
96507.7;-276
96515.4;-238
96523.1;-242
96530.8;-199
96538.5;-206
96546.2;-165
96553.8;-181
96561.5;-138
96569.2;-128
96576.9;-98
96584.6;-116
96592.3;-110
96600.0;-113
96607.7;-132
96615.4;-161
96623.1;-204
96630.8;-195
96638.5;-240
96646.2;-229
96653.8;-260
96661.5;-243
96669.2;-270
96676.9;-259
96684.6;-260
96692.3;-271
96700.0;-271
96707.7;-271
96715.4;-265
96723.1;-297
96730.8;-291
96738.5;-316
96746.2;-287
96753.8;-307
96761.5;-283
96769.2;-292
96776.9;-287
96784.6;-297
96792.3;-296
96800.0;-294
96807.7;-275
96815.4;-237
96823.1;-221
96830.8;-202
96838.5;-228
96846.2;-213
96853.8;-248
96861.5;-224
96869.2;-255
96876.9;-246
96884.6;-255
96892.3;-263
96900.0;-259
96907.7;-271
96915.4;-257
96923.1;-246
96930.8;-218
96938.5;-231
96946.2;-176
96953.8;-127
96961.5;104
96969.2;444
96976.9;886
96984.6;1280
96992.3;1451
97000.0;1063
97007.7;387
97015.4;-7
97023.1;-146
97030.8;-148
97038.5;-241
97046.2;-280
97053.8;-317
97061.5;-304
97069.2;-327
97076.9;-328
97084.6;-328
97092.3;-328
97100.0;-328
97107.7;-346
97115.4;-346
97123.1;-341
97130.8;-317
97138.5;-328
97146.2;-282
97153.8;-277
97161.5;-251
97169.2;-246
97176.9;-213
97184.6;-221
97192.3;-196
97200.0;-179
97207.7;-169
97215.4;-158
97223.1;-160
97230.8;-105
97238.5;-134
97246.2;-141
97253.8;-193
97261.5;-194
97269.2;-229
97276.9;-247
97284.6;-275
97292.3;-291
97300.0;-308
97307.7;-321
97315.4;-332
97323.1;-342
97330.8;-327
97338.5;-358
97346.2;-344
97353.8;-372
97361.5;-344
97369.2;-353
97376.9;-317
97384.6;-313
97392.3;-310
97400.0;-293
97407.7;-301
97415.4;-294
97423.1;-282
97430.8;-226
97438.5;-236
97446.2;-201
97453.8;-233
97461.5;-222
97469.2;-259
97476.9;-257
97484.6;-280
97492.3;-286
97500.0;-295
97507.7;-316
97515.4;-318
97523.1;-320
97530.8;-303
97538.5;-305
97546.2;-288
97553.8;-296
97561.5;-279
97569.2;-305
97576.9;-279
97584.6;-291
97592.3;-270
97600.0;-276
97607.7;-278
97615.4;-265
97623.1;-289
97630.8;-257
97638.5;-267
97646.2;-235
97653.8;-216
97661.5;-119
97669.2;-17
97676.9;295
97684.6;687
97692.3;1119
97700.0;1420
97707.7;1285
97715.4;606
97723.1;18
97730.8;-167
97738.5;-206
97746.2;-232
97753.8;-314
97761.5;-298
97769.2;-354
97776.9;-332
97784.6;-356
97792.3;-345
97800.0;-362
97807.7;-355
97815.4;-335
97823.1;-357
97830.8;-324
97838.5;-341
97846.2;-316
97853.8;-336
97861.5;-302
97869.2;-299
97876.9;-244
97884.6;-210
97892.3;-148
97900.0;-128
97907.7;-96
97915.4;-69
97923.1;-71
97930.8;-43
97938.5;-71
97946.2;-57
97953.8;-104
97961.5;-104
97969.2;-161
97976.9;-178
97984.6;-212
97992.3;-228
98000.0;-241
98007.7;-257
98015.4;-258
98023.1;-266
98030.8;-242
98038.5;-264
98046.2;-239
98053.8;-273
98061.5;-239
98069.2;-252
98076.9;-217
98084.6;-218
98092.3;-168
98100.0;-87
98107.7;22
98115.4;323
98123.1;726
98130.8;1169
98138.5;1452
98146.2;1303
98153.8;594
98161.5;39
98169.2;-173
98176.9;-211
98184.6;-264
98192.3;-308
98200.0;-343
98207.7;-364
98215.4;-361
98223.1;-392
98230.8;-373
98238.5;-402
98246.2;-354
98253.8;-375
98261.5;-365
98269.2;-379
98276.9;-350
98284.6;-342
98292.3;-310
98300.0;-300
98307.7;-294
98315.4;-268
98323.1;-255
98330.8;-214
98338.5;-206
98346.2;-162
98353.8;-158
98361.5;-106
98369.2;-141
98376.9;-130
98384.6;-151
98392.3;-178
98400.0;-211
98407.7;-245
98415.4;-271
98423.1;-294
98430.8;-286
98438.5;-311
98446.2;-311
98453.8;-334
98461.5;-311
98469.2;-306
98476.9;-261
98484.6;-272
98492.3;-259
98500.0;-262
98507.7;-268
98515.4;-258
98523.1;-260
98530.8;-249
98538.5;-264
98546.2;-246
98553.8;-270
98561.5;-263
98569.2;-281
98576.9;-280
98584.6;-295
98592.3;-301
98600.0;-307
98607.7;-324
98615.4;-310
98623.1;-335
98630.8;-333
98638.5;-361
98646.2;-323
98653.8;-323
98661.5;-283
98669.2;-293
98676.9;-262
98684.6;-280
98692.3;-256
98700.0;-243
98707.7;-253
98715.4;-249
98723.1;-291
98730.8;-284
98738.5;-315
98746.2;-284
98753.8;-310
98761.5;-295
98769.2;-316
98776.9;-299
98784.6;-322
98792.3;-305
98800.0;-312
98807.7;-321
98815.4;-315
98823.1;-320
98830.8;-289
98838.5;-317
98846.2;-266
98853.8;-249
98861.5;-200
98869.2;-220
98876.9;-210
98884.6;-224
98892.3;-226
98900.0;-235
98907.7;-231
98915.4;-160
98923.1;-61
98930.8;243
98938.5;674
98946.2;1132
98953.8;1453
98961.5;1230
98969.2;453
98976.9;-70
98984.6;-264
98992.3;-222
99000.0;-290
99007.7;-340
99015.4;-351
99023.1;-403
99030.8;-388
99038.5;-388
99046.2;-354
99053.8;-386
99061.5;-364
99069.2;-385
99076.9;-366
99084.6;-366
99092.3;-374
99100.0;-353
99107.7;-367
99115.4;-363
99123.1;-341
99130.8;-324
99138.5;-323
99146.2;-299
99153.8;-306
99161.5;-273
99169.2;-300
99176.9;-273
99184.6;-267
99192.3;-238
99200.0;-249
99207.7;-243
99215.4;-237
99223.1;-252
99230.8;-248
99238.5;-281
99246.2;-263
99253.8;-298
99261.5;-302
99269.2;-326
99276.9;-302
99284.6;-309
99292.3;-283
99300.0;-280
99307.7;-281
99315.4;-264
99323.1;-263
99330.8;-259
99338.5;-283
99346.2;-266
99353.8;-290
99361.5;-286
99369.2;-315
99376.9;-309
99384.6;-325
99392.3;-285
99400.0;-283
99407.7;-287
99415.4;-277
99423.1;-287
99430.8;-255
99438.5;-259
99446.2;-236
99453.8;-256
99461.5;-238
99469.2;-262
99476.9;-234
99484.6;-233
99492.3;-240
99500.0;-254
99507.7;-271
99515.4;-263
99523.1;-272
99530.8;-261
99538.5;-294
99546.2;-265
99553.8;-218
99561.5;-24
99569.2;317
99576.9;762
99584.6;1175
99592.3;1375
99600.0;945
99607.7;284
99615.4;-26
99623.1;-156
99630.8;-177
99638.5;-263
99646.2;-275
99653.8;-330
99661.5;-324
99669.2;-363
99676.9;-359
99684.6;-391
99692.3;-401
99700.0;-409
99707.7;-413
99715.4;-380
99723.1;-396
99730.8;-347
99738.5;-334
99746.2;-297
99753.8;-309
99761.5;-267
99769.2;-268
99776.9;-225
99784.6;-230
99792.3;-217
99800.0;-203
99807.7;-213
99815.4;-200
99823.1;-231
99830.8;-246
99838.5;-292
99846.2;-296
99853.8;-341
99861.5;-335
99869.2;-357
99876.9;-348
99884.6;-341
99892.3;-292
99900.0;-294
99907.7;-287
99915.4;-274
99923.1;-278
99930.8;-264
99938.5;-292
99946.2;-278
99953.8;-306
99961.5;-294
99969.2;-334
99976.9;-326
99984.6;-332
99992.3;-331
100000.0;-335
100007.7;-343
100015.4;-334
100023.1;-352
100030.8;-305
100038.5;-303
100046.2;-259
100053.8;-275
100061.5;-235
100069.2;-264
100076.9;-221
100084.6;-234
100092.3;-238
100100.0;-227
100107.7;-239
100115.4;-239
100123.1;-270
100130.8;-255
100138.5;-285
100146.2;-274
100153.8;-327
100161.5;-325
100169.2;-347
100176.9;-329
100184.6;-346
100192.3;-331
100200.0;-305
100207.7;-287
100215.4;-239
100223.1;-237
100230.8;-204
100238.5;-215
100246.2;-179
100253.8;-193
100261.5;-150
100269.2;-136
100276.9;-70
100284.6;69
100292.3;466
100300.0;913
100307.7;1304
100315.4;1402
100323.1;800
100330.8;123
100338.5;-209
100346.2;-224
100353.8;-284
100361.5;-316
100369.2;-336
100376.9;-326
100384.6;-313
100392.3;-302
100400.0;-308
100407.7;-317
100415.4;-313
100423.1;-305
100430.8;-302
100438.5;-311
100446.2;-292
100453.8;-306
100461.5;-277
100469.2;-283
100476.9;-262
100484.6;-258
100492.3;-238
100500.0;-232
100507.7;-226
100515.4;-200
100523.1;-168
100530.8;-103
100538.5;-121
100546.2;-68
100553.8;-116
100561.5;-135
100569.2;-163
100576.9;-189
100584.6;-234
100592.3;-240
100600.0;-245
100607.7;-256
100615.4;-242
100623.1;-257
100630.8;-254
100638.5;-286
100646.2;-255
100653.8;-292
100661.5;-268
100669.2;-286
100676.9;-258
100684.6;-257
100692.3;-221
100700.0;-234
100707.7;-225
100715.4;-207
100723.1;-217
100730.8;-193
100738.5;-218
100746.2;-192
100753.8;-217
100761.5;-206
100769.2;-216
100776.9;-211
100784.6;-226
100792.3;-233
100800.0;-241
100807.7;-239
100815.4;-222
100823.1;-220
100830.8;-194
100838.5;-229
100846.2;-205
100853.8;-231
100861.5;-196
100869.2;-206
100876.9;-195
100884.6;-225
100892.3;-223
100900.0;-231
100907.7;-254
100915.4;-240
100923.1;-252
100930.8;-227
100938.5;-263
100946.2;-229
100953.8;-250
100961.5;-225
100969.2;-227
100976.9;-204
100984.6;-203
100992.3;-196
101000.0;-208
101007.7;-218
101015.4;-192
101023.1;-223
101030.8;-201
101038.5;-223
101046.2;-192
101053.8;-216
101061.5;-204
101069.2;-222
101076.9;-215
101084.6;-225
101092.3;-218
101100.0;-196
101107.7;-182
101115.4;-144
101123.1;-103
101130.8;7
101138.5;239
101146.2;676
101153.8;1060
101161.5;1467
101169.2;1573
101176.9;1060
101184.6;348
101192.3;-101
101200.0;-167
101207.7;-130
101215.4;-173
101223.1;-229
101230.8;-245
101238.5;-281
101246.2;-275
101253.8;-312
101261.5;-288
101269.2;-309
101276.9;-302
101284.6;-300
101292.3;-283
101300.0;-254
101307.7;-255
101315.4;-248
101323.1;-251
101330.8;-229
101338.5;-234
101346.2;-211
101353.8;-223
101361.5;-182
101369.2;-183
101376.9;-155
101384.6;-159
101392.3;-141
101400.0;-134
101407.7;-143
101415.4;-133
101423.1;-156
101430.8;-154
101438.5;-190
101446.2;-173
101453.8;-185
101461.5;-182
101469.2;-206
101476.9;-196
101484.6;-210
101492.3;-193
101500.0;-214
101507.7;-238
101515.4;-224
101523.1;-226
101530.8;-197
101538.5;-215
101546.2;-192
101553.8;-214
101561.5;-193
101569.2;-201
101576.9;-182
101584.6;-195
101592.3;-200
101600.0;-188
101607.7;-188
101615.4;-170
101623.1;-176
101630.8;-173
101638.5;-192
101646.2;-182
101653.8;-200
101661.5;-180
101669.2;-166
101676.9;-109
101684.6;-44
101692.3;231
101700.0;595
101707.7;995
101715.4;1324
101723.1;1201
101730.8;624
101738.5;138
101746.2;-59
101753.8;-132
101761.5;-161
101769.2;-230
101776.9;-231
101784.6;-268
101792.3;-282
101800.0;-304
101807.7;-312
101815.4;-315
101823.1;-325
101830.8;-303
101838.5;-314
101846.2;-289
101853.8;-289
101861.5;-254
101869.2;-263
101876.9;-236
101884.6;-244
101892.3;-231
101900.0;-233
101907.7;-214
101915.4;-198
101923.1;-182
101930.8;-119
101938.5;-117
101946.2;-93
101953.8;-124
101961.5;-110
101969.2;-171
101976.9;-173
101984.6;-196
101992.3;-198
102000.0;-217
102007.7;-243
102015.4;-234
102023.1;-253
102030.8;-243
102038.5;-284
102046.2;-271
102053.8;-295
102061.5;-283
102069.2;-300
102076.9;-285
102084.6;-293
102092.3;-271
102100.0;-258
102107.7;-247
102115.4;-226
102123.1;-232
102130.8;-202
102138.5;-224
102146.2;-200
102153.8;-204
102161.5;-186
102169.2;-209
102176.9;-200
102184.6;-206
102192.3;-215
102200.0;-228
102207.7;-234
102215.4;-233
102223.1;-259
102230.8;-240
102238.5;-264
102246.2;-213
102253.8;-241
102261.5;-225
102269.2;-241
102276.9;-200
102284.6;-198
102292.3;-176
102300.0;-175
102307.7;-185
102315.4;-178
102323.1;-206
102330.8;-192
102338.5;-228
102346.2;-216
102353.8;-238
102361.5;-220
102369.2;-239
102376.9;-225
102384.6;-238
102392.3;-229
102400.0;-225
102407.7;-220
102415.4;-204
102423.1;-225
102430.8;-210
102438.5;-205
102446.2;-170
102453.8;-179
102461.5;-144
102469.2;-178
102476.9;-175
102484.6;-185
102492.3;-178
102500.0;-177
102507.7;-185
102515.4;-170
102523.1;-180
102530.8;-170
102538.5;-200
102546.2;-185
102553.8;-208
102561.5;-187
102569.2;-211
102576.9;-194
102584.6;-190
102592.3;-167
102600.0;-152
102607.7;-131
102615.4;-118
102623.1;-103
102630.8;-29
102638.5;17
102646.2;261
102653.8;649
102661.5;1094
102669.2;1459
102676.9;1503
102684.6;879
102692.3;226
102700.0;-84
102707.7;-103
102715.4;-122
102723.1;-194
102730.8;-218
102738.5;-248
102746.2;-240
102753.8;-276
102761.5;-225
102769.2;-245
102776.9;-206
102784.6;-231
102792.3;-214
102800.0;-216
102807.7;-220
102815.4;-205
102823.1;-202
102830.8;-172
102838.5;-182
102846.2;-144
102853.8;-167
102861.5;-134
102869.2;-150
102876.9;-120
102884.6;-154
102892.3;-139
102900.0;-143
102907.7;-149
102915.4;-107
102923.1;-63
102930.8;-34
102938.5;-82
102946.2;-67
102953.8;-117
102961.5;-124
102969.2;-166
102976.9;-150
102984.6;-176
102992.3;-162
103000.0;-172
103007.7;-183
103015.4;-180
103023.1;-190
103030.8;-156
103038.5;-190
103046.2;-172
103053.8;-211
103061.5;-186
103069.2;-198
103076.9;-145
103084.6;-138
103092.3;-134
103100.0;-121
103107.7;-124
103115.4;-107
103123.1;-132
103130.8;-108
103138.5;-132
103146.2;-114
103153.8;-140
103161.5;-115
103169.2;-133
103176.9;-146
103184.6;-155
103192.3;-144
103200.0;-131
103207.7;-107
103215.4;-57
103223.1;105
103230.8;476
103238.5;881
103246.2;1300
103253.8;1395
103261.5;866
103269.2;193
103276.9;-83
103284.6;-100
103292.3;-109
103300.0;-166
103307.7;-200
103315.4;-224
103323.1;-249
103330.8;-260
103338.5;-274
103346.2;-245
103353.8;-271
103361.5;-249
103369.2;-268
103376.9;-235
103384.6;-249
103392.3;-216
103400.0;-198
103407.7;-174
103415.4;-145
103423.1;-129
103430.8;-93
103438.5;-95
103446.2;-65
103453.8;-77
103461.5;-31
103469.2;-45
103476.9;-24
103484.6;-57
103492.3;-44
103500.0;-66
103507.7;-91
103515.4;-113
103523.1;-136
103530.8;-132
103538.5;-167
103546.2;-133
103553.8;-176
103561.5;-168
103569.2;-197
103576.9;-166
103584.6;-183
103592.3;-191
103600.0;-189
103607.7;-204
103615.4;-195
103623.1;-209
103630.8;-191
103638.5;-207
103646.2;-182
103653.8;-198
103661.5;-171
103669.2;-178
103676.9;-173
103684.6;-173
103692.3;-162
103700.0;-140
103707.7;-140
103715.4;-131
103723.1;-140
103730.8;-116
103738.5;-131
103746.2;-81
103753.8;-44
103761.5;69
103769.2;331
103776.9;758
103784.6;1146
103792.3;1446
103800.0;1225
103807.7;485
103815.4;-44
103823.1;-177
103830.8;-118
103838.5;-179
103846.2;-202
103853.8;-259
103861.5;-239
103869.2;-257
103876.9;-254
103884.6;-272
103892.3;-275
103900.0;-267
103907.7;-269
103915.4;-261
103923.1;-256
103930.8;-209
103938.5;-212
103946.2;-166
103953.8;-178
103961.5;-141
103969.2;-136
103976.9;-104
103984.6;-114
103992.3;-85
104000.0;-73
104007.7;-67
104015.4;-38
104023.1;-65
104030.8;-69
104038.5;-108
104046.2;-108
104053.8;-158
104061.5;-155
104069.2;-187
104076.9;-172
104084.6;-181
104092.3;-153
104100.0;-149
104107.7;-142
104115.4;-135
104123.1;-161
104130.8;-159
104138.5;-188
104146.2;-172
104153.8;-216
104161.5;-198
104169.2;-236
104176.9;-208
104184.6;-219
104192.3;-216
104200.0;-212
104207.7;-216
104215.4;-193
104223.1;-204
104230.8;-168
104238.5;-178
104246.2;-138
104253.8;-152
104261.5;-115
104269.2;-130
104276.9;-118
104284.6;-119
104292.3;-124
104300.0;-135
104307.7;-153
104315.4;-133
104323.1;-154
104330.8;-142
104338.5;-184
104346.2;-172
104353.8;-215
104361.5;-206
104369.2;-210
104376.9;-201
104384.6;-208
104392.3;-199
104400.0;-194
104407.7;-191
104415.4;-168
104423.1;-165
104430.8;-125
104438.5;-144
104446.2;-123
104453.8;-150
104461.5;-124
104469.2;-115
104476.9;-53
104484.6;25
104492.3;299
104500.0;697
104507.7;1114
104515.4;1505
104523.1;1455
104530.8;830
104538.5;192
104546.2;-33
104553.8;-73
104561.5;-94
104569.2;-173
104576.9;-172
104584.6;-190
104592.3;-188
104600.0;-213
104607.7;-214
104615.4;-210
104623.1;-233
104630.8;-221
104638.5;-247
104646.2;-228
104653.8;-255
104661.5;-228
104669.2;-248
104676.9;-225
104684.6;-225
104692.3;-198
104700.0;-183
104707.7;-160
104715.4;-133
104723.1;-126
104730.8;-85
104738.5;-91
104746.2;-55
104753.8;-69
104761.5;-42
104769.2;-71
104776.9;-61
104784.6;-108
104792.3;-121
104800.0;-150
104807.7;-155
104815.4;-162
104823.1;-170
104830.8;-147
104838.5;-185
104846.2;-167
104853.8;-174
104861.5;-151
104869.2;-158
104876.9;-117
104884.6;-117
104892.3;-117
104900.0;-133
104907.7;-134
104915.4;-124
104923.1;-127
104930.8;-124
104938.5;-134
104946.2;-133
104953.8;-156
104961.5;-122
104969.2;-165
104976.9;-159
104984.6;-169
104992.3;-163
105000.0;-153
105007.7;-136
105015.4;-124
105023.1;-144
105030.8;-122
105038.5;-144
105046.2;-116
105053.8;-154
105061.5;-148
105069.2;-164
105076.9;-139
105084.6;-139
105092.3;-115
105100.0;-35
105107.7;75
105115.4;397
105123.1;805
105130.8;1280
105138.5;1553
105146.2;1274
105153.8;478
105161.5;45
105169.2;-72
105176.9;-76
105184.6;-143
105192.3;-195
105200.0;-237
105207.7;-261
105215.4;-261
105223.1;-273
105230.8;-261
105238.5;-272
105246.2;-262
105253.8;-288
105261.5;-266
105269.2;-280
105276.9;-242
105284.6;-237
105292.3;-213
105300.0;-208
105307.7;-199
105315.4;-177
105323.1;-164
105330.8;-103
105338.5;-142
105346.2;-99
105353.8;-107
105361.5;-70
105369.2;-111
105376.9;-109
105384.6;-153
105392.3;-166
105400.0;-191
105407.7;-207
105415.4;-202
105423.1;-210
105430.8;-186
105438.5;-210
105446.2;-174
105453.8;-131
105461.5;109
105469.2;331
105476.9;518
105484.6;556
105492.3;469
105500.0;490
105507.7;511
105515.4;521
105523.1;459
105530.8;366
105538.5;185
105546.2;67
105553.8;9
105561.5;-77
105569.2;-242
105576.9;-286
105584.6;-342
105592.3;-377
105600.0;-395
105607.7;-389
105615.4;-382
105623.1;-401
105630.8;-365
105638.5;-387
105646.2;-362
105653.8;-380
105661.5;-351
105669.2;-354
105676.9;-323
105684.6;-310
105692.3;-281
105700.0;-248
105707.7;-212
105715.4;-169
105723.1;-146
105730.8;-66
105738.5;-35
105746.2;37
105753.8;46
105761.5;74
105769.2;42
105776.9;25
105784.6;-35
105792.3;-66
105800.0;-112
105807.7;-163
105815.4;-182
105823.1;-219
105830.8;-220
105838.5;-251
105846.2;-235
105853.8;-262
105861.5;-223
105869.2;-243
105876.9;-228
105884.6;-230
105892.3;-202
105900.0;-219
105907.7;-208
105915.4;-180
105923.1;-198
105930.8;-182
105938.5;-218
105946.2;-210
105953.8;-230
105961.5;-209
105969.2;-228
105976.9;-201
105984.6;-228
105992.3;-214
106000.0;-210
106007.7;-203
106015.4;-188
106023.1;-205
106030.8;-192
106038.5;-214
106046.2;-186
106053.8;-190
106061.5;-162
106069.2;-177
106076.9;-155
106084.6;-166
106092.3;-163
106100.0;-166
106107.7;-166
106115.4;-143
106123.1;-101
106130.8;21
106138.5;274
106146.2;768
106153.8;1206
106161.5;1632
106169.2;1448
106176.9;664
106184.6;1
106192.3;-171
106200.0;-128
106207.7;-168
106215.4;-201
106223.1;-244
106230.8;-227
106238.5;-266
106246.2;-249
106253.8;-275
106261.5;-253
106269.2;-272
106276.9;-241
106284.6;-265
106292.3;-248
106300.0;-248
106307.7;-243
106315.4;-236
106323.1;-228
106330.8;-212
106338.5;-218
106346.2;-186
106353.8;-191
106361.5;-166
106369.2;-189
106376.9;-161
106384.6;-147
106392.3;-126
106400.0;-122
106407.7;-112
106415.4;-111
106423.1;-133
106430.8;-132
106438.5;-146
106446.2;-136
106453.8;-174
106461.5;-152
106469.2;-169
106476.9;-147
106484.6;-154
106492.3;-137
106500.0;-125
106507.7;-120
106515.4;-124
106523.1;-150
106530.8;-105
106538.5;-134
106546.2;-123
106553.8;-162
106561.5;-147
106569.2;-157
106576.9;-127
106584.6;-141
106592.3;-107
106600.0;-73
106607.7;30
106615.4;332
106623.1;716
106630.8;1152
106638.5;1396
106646.2;1268
106653.8;589
106661.5;163
106669.2;-55
106676.9;-113
106684.6;-176
106692.3;-227
106700.0;-264
106707.7;-283
106715.4;-292
106723.1;-294
106730.8;-283
106738.5;-313
106746.2;-298
106753.8;-319
106761.5;-282
106769.2;-307
106776.9;-296
106784.6;-302
106792.3;-272
106800.0;-269
106807.7;-258
106815.4;-216
106823.1;-195
106830.8;-173
106838.5;-175
106846.2;-145
106853.8;-141
106861.5;-126
106869.2;-135
106876.9;-119
106884.6;-156
106892.3;-154
106900.0;-171
106907.7;-198
106915.4;-201
106923.1;-220
106930.8;-213
106938.5;-250
106946.2;-216
106953.8;-241
106961.5;-213
106969.2;-227
106976.9;-198
106984.6;-207
106992.3;-204
107000.0;-210
107007.7;-217
107015.4;-219
107023.1;-229
107030.8;-206
107038.5;-225
107046.2;-197
107053.8;-218
107061.5;-180
107069.2;-216
107076.9;-215
107084.6;-225
107092.3;-217
107100.0;-214
107107.7;-216
107115.4;-207
107123.1;-212
107130.8;-188
107138.5;-187
107146.2;-164
107153.8;-212
107161.5;-189
107169.2;-217
107176.9;-203
107184.6;-211
107192.3;-194
107200.0;-193
107207.7;-188
107215.4;-193
107223.1;-214
107230.8;-202
107238.5;-213
107246.2;-183
107253.8;-180
107261.5;-145
107269.2;-177
107276.9;-151
107284.6;-165
107292.3;-148
107300.0;-144
107307.7;-89
107315.4;-13
107323.1;79
107330.8;366
107338.5;725
107346.2;1153
107353.8;1433
107361.5;1320
107369.2;664
107376.9;150
107384.6;-103
107392.3;-128
107400.0;-189
107407.7;-251
107415.4;-273
107423.1;-295
107430.8;-262
107438.5;-278
107446.2;-258
107453.8;-276
107461.5;-236
107469.2;-239
107476.9;-215
107484.6;-220
107492.3;-209
107500.0;-215
107507.7;-214
107515.4;-200
107523.1;-217
107530.8;-205
107538.5;-239
107546.2;-211
107553.8;-227
107561.5;-203
107569.2;-210
107576.9;-174
107584.6;-175
107592.3;-147
107600.0;-127
107607.7;-108
107615.4;-102
107623.1;-110
107630.8;-79
107638.5;-117
107646.2;-109
107653.8;-137
107661.5;-150
107669.2;-183
107676.9;-179
107684.6;-202
107692.3;-182
107700.0;-187
107707.7;-200
107715.4;-195
107723.1;-209
107730.8;-211
107738.5;-226
107746.2;-199
107753.8;-222
107761.5;-180
107769.2;-198
107776.9;-182
107784.6;-199
107792.3;-162
107800.0;-157
107807.7;-155
107815.4;-149
107823.1;-157
107830.8;-142
107838.5;-161
107846.2;-143
107853.8;-179
107861.5;-146
107869.2;-166
107876.9;-157
107884.6;-187
107892.3;-180
107900.0;-176
107907.7;-172
107915.4;-161
107923.1;-179
107930.8;-162
107938.5;-191
107946.2;-181
107953.8;-200
107961.5;-172
107969.2;-171
107976.9;-163
107984.6;-167
107992.3;-153
108000.0;-164
108007.7;-164
108015.4;-159
108023.1;-161
108030.8;-150
108038.5;-168
108046.2;-122
108053.8;-99
108061.5;-16
108069.2;120
108076.9;454
108084.6;838
108092.3;1210
108100.0;1392
108107.7;1135
108115.4;543
108123.1;79
108130.8;-59
108138.5;-100
108146.2;-113
108153.8;-200
108161.5;-206
108169.2;-252
108176.9;-255
108184.6;-256
108192.3;-249
108200.0;-248
108207.7;-241
108215.4;-240
108223.1;-270
108230.8;-253
108238.5;-274
108246.2;-252
108253.8;-270
108261.5;-249
108269.2;-264
108276.9;-231
108284.6;-225
108292.3;-191
108300.0;-164
108307.7;-144
108315.4;-121
108323.1;-128
108330.8;-106
108338.5;-119
108346.2;-99
108353.8;-104
108361.5;-70
108369.2;-102
108376.9;-93
108384.6;-116
108392.3;-131
108400.0;-166
108407.7;-202
108415.4;-204
108423.1;-229
108430.8;-218
108438.5;-238
108446.2;-192
108453.8;-223
108461.5;-177
108469.2;-174
108476.9;-159
108484.6;-167
108492.3;-158
108500.0;-153
108507.7;-156
108515.4;-159
108523.1;-163
108530.8;-162
108538.5;-194
108546.2;-167
108553.8;-190
108561.5;-169
108569.2;-185
108576.9;-164
108584.6;-178
108592.3;-163
108600.0;-159
108607.7;-144
108615.4;-139
108623.1;-127
108630.8;-91
108638.5;-118
108646.2;-105
108653.8;-131
108661.5;-125
108669.2;-146
108676.9;-128
108684.6;-141
108692.3;-139
108700.0;-140
108707.7;-151
108715.4;-154
108723.1;-144
108730.8;-137
108738.5;-159
108746.2;-123
108753.8;-159
108761.5;-132
108769.2;-136
108776.9;-96
108784.6;-107
108792.3;-71
108800.0;-8
108807.7;77
108815.4;341
108823.1;771
108830.8;1251
108838.5;1621
108846.2;1584
108853.8;868
108861.5;217
108869.2;-84
108876.9;-46
108884.6;-91
108892.3;-145
108900.0;-192
108907.7;-225
108915.4;-203
108923.1;-224
108930.8;-206
108938.5;-221
108946.2;-193
108953.8;-220
108961.5;-187
108969.2;-205
108976.9;-198
108984.6;-214
108992.3;-200
109000.0;-216
109007.7;-191
109015.4;-147
109023.1;-130
109030.8;-84
109038.5;-96
109046.2;-55
109053.8;-81
109061.5;-55
109069.2;-85
109076.9;-61
109084.6;-71
109092.3;-77
109100.0;-69
109107.7;-73
109115.4;-84
109123.1;-122
109130.8;-124
109138.5;-174
109146.2;-160
109153.8;-182
109161.5;-149
109169.2;-170
109176.9;-143
109184.6;-149
109192.3;-130
109200.0;-124
109207.7;-124
109215.4;-126
109223.1;-142
109230.8;-132
109238.5;-143
109246.2;-113
109253.8;-125
109261.5;-99
109269.2;-120
109276.9;-106
109284.6;-114
109292.3;-115
109300.0;-129
109307.7;-137
109315.4;-141
109323.1;-157
109330.8;-139
109338.5;-161
109346.2;-116
109353.8;-126
109361.5;-93
109369.2;-130
109376.9;-121
109384.6;-139
109392.3;-126
109400.0;-143
109407.7;-153
109415.4;-135
109423.1;-148
109430.8;-128
109438.5;-150
109446.2;-134
109453.8;-157
109461.5;-106
109469.2;-133
109476.9;-98
109484.6;-119
109492.3;-93
109500.0;-92
109507.7;-97
109515.4;-70
109523.1;-80
109530.8;-60
109538.5;-99
109546.2;-98
109553.8;-139
109561.5;-120
109569.2;-157
109576.9;-155
109584.6;-165
109592.3;-151
109600.0;-160
109607.7;-173
109615.4;-172
109623.1;-186
109630.8;-147
109638.5;-159
109646.2;-150
109653.8;-184
109661.5;-160
109669.2;-189
109676.9;-172
109684.6;-202
109692.3;-190
109700.0;-172
109707.7;-141
109715.4;-121
109723.1;-135
109730.8;-108
109738.5;-92
109746.2;-25
109753.8;31
109761.5;314
109769.2;723
109776.9;1180
109784.6;1570
109792.3;1518
109800.0;842
109807.7;184
109815.4;-71
109823.1;-85
109830.8;-108
109838.5;-198
109846.2;-220
109853.8;-280
109861.5;-259
109869.2;-269
109876.9;-235
109884.6;-241
109892.3;-215
109900.0;-222
109907.7;-219
109915.4;-196
109923.1;-194
109930.8;-176
109938.5;-193
109946.2;-157
109953.8;-171
109961.5;-143
109969.2;-152
109976.9;-130
109984.6;-149
109992.3;-138
110000.0;-143
110007.7;-144
110015.4;-136
110023.1;-144
110030.8;-127
110038.5;-146
110046.2;-114
110053.8;-117
110061.5;-108
110069.2;-149
110076.9;-142
110084.6;-154
110092.3;-151
110100.0;-175
110107.7;-171
110115.4;-181
110123.1;-208
110130.8;-196
110138.5;-215
110146.2;-189
110153.8;-208
110161.5;-182
110169.2;-205
110176.9;-166
110184.6;-175
110192.3;-161
110200.0;-157
110207.7;-171
110215.4;-171
110223.1;-183
110230.8;-143
110238.5;-141
110246.2;-136
110253.8;-161
110261.5;-146
110269.2;-180
110276.9;-164
110284.6;-178
110292.3;-163
110300.0;-185
110307.7;-176
110315.4;-147
110323.1;-136
110330.8;-61
110338.5;-48
110346.2;133
110353.8;439
110361.5;905
110369.2;1307
110376.9;1433
110384.6;958
110392.3;312
110400.0;-20
110407.7;-111
110415.4;-158
110423.1;-208
110430.8;-200
110438.5;-236
110446.2;-221
110453.8;-241
110461.5;-220
110469.2;-243
110476.9;-216
110484.6;-222
110492.3;-208
110500.0;-213
110507.7;-201
110515.4;-190
110523.1;-179
110530.8;-157
110538.5;-173
110546.2;-130
110553.8;-158
110561.5;-123
110569.2;-151
110576.9;-128
110584.6;-138
110592.3;-126
110600.0;-125
110607.7;-111
110615.4;-93
110623.1;-115
110630.8;-121
110638.5;-154
110646.2;-149
110653.8;-176
110661.5;-164
110669.2;-184
110676.9;-182
110684.6;-209
110692.3;-210
110700.0;-213
110707.7;-226
110715.4;-238
110723.1;-252
110730.8;-241
110738.5;-265
110746.2;-243
110753.8;-269
110761.5;-250
110769.2;-258
110776.9;-202
110784.6;-175
110792.3;-157
110800.0;-149
110807.7;-154
110815.4;-153
110823.1;-188
110830.8;-175
110838.5;-198
110846.2;-192
110853.8;-217
110861.5;-202
110869.2;-222
110876.9;-208
110884.6;-240
110892.3;-230
110900.0;-237
110907.7;-244
110915.4;-230
110923.1;-239
110930.8;-224
110938.5;-231
110946.2;-169
110953.8;-164
110961.5;-146
110969.2;-168
110976.9;-157
110984.6;-165
110992.3;-163
111000.0;-179
111007.7;-182
111015.4;-176
111023.1;-205
111030.8;-209
111038.5;-228
111046.2;-183
111053.8;-206
111061.5;-188
111069.2;-211
111076.9;-159
111084.6;-108
111092.3;-6
111100.0;231
111107.7;628
111115.4;1038
111123.1;1388
111130.8;1240
111138.5;535
111146.2;69
111153.8;-77
111161.5;-63
111169.2;-133
111176.9;-154
111184.6;-206
111192.3;-221
111200.0;-240
111207.7;-241
111215.4;-239
111223.1;-240
111230.8;-232
111238.5;-258
111246.2;-233
111253.8;-259
111261.5;-234
111269.2;-236
111276.9;-209
111284.6;-188
111292.3;-135
111300.0;-125
111307.7;-106
111315.4;-83
111323.1;-66
111330.8;-44
111338.5;-62
111346.2;-34
111353.8;-54
111361.5;-25
111369.2;-56
111376.9;-61
111384.6;-114
111392.3;-129
111400.0;-150
111407.7;-162
111415.4;-161
111423.1;-172
111430.8;-146
111438.5;-154
111446.2;-122
111453.8;-138
111461.5;-121
111469.2;-139
111476.9;-131
111484.6;-148
111492.3;-131
111500.0;-144
111507.7;-146
111515.4;-162
111523.1;-180
111530.8;-162
111538.5;-184
111546.2;-166
111553.8;-178
111561.5;-141
111569.2;-153
111576.9;-118
111584.6;-150
111592.3;-124
111600.0;-136
111607.7;-131
111615.4;-123
111623.1;-145
111630.8;-134
111638.5;-157
111646.2;-113
111653.8;-147
111661.5;-126
111669.2;-166
111676.9;-143
111684.6;-157
111692.3;-132
111700.0;-103
111707.7;-23
111715.4;164
111723.1;546
111730.8;1043
111738.5;1442
111746.2;1450
111753.8;773
111761.5;142
111769.2;-107
111776.9;-77
111784.6;-141
111792.3;-160
111800.0;-210
111807.7;-228
111815.4;-244
111823.1;-265
111830.8;-269
111838.5;-288
111846.2;-253
111853.8;-261
111861.5;-230
111869.2;-229
111876.9;-194
111884.6;-194
111892.3;-174
111900.0;-160
111907.7;-144
111915.4;-122
111923.1;-121
111930.8;-80
111938.5;-106
111946.2;-78
111953.8;-89
111961.5;-88
111969.2;-127
111976.9;-127
111984.6;-171
111992.3;-192
112000.0;-225
112007.7;-221
112015.4;-216
112023.1;-239
112030.8;-230
112038.5;-254
112046.2;-225
112053.8;-255
112061.5;-222
112069.2;-246
112076.9;-230
112084.6;-239
112092.3;-223
112100.0;-232
112107.7;-235
112115.4;-230
112123.1;-239
112130.8;-218
112138.5;-237
112146.2;-209
112153.8;-229
112161.5;-210
112169.2;-226
112176.9;-218
112184.6;-216
112192.3;-202
112200.0;-205
112207.7;-201
112215.4;-204
112223.1;-200
112230.8;-172
112238.5;-189
112246.2;-142
112253.8;-112
112261.5;16
112269.2;328
112276.9;786
112284.6;1191
112292.3;1410
112300.0;1056
112307.7;409
112315.4;11
112323.1;-100
112330.8;-116
112338.5;-199
112346.2;-217
112353.8;-265
112361.5;-261
112369.2;-288
112376.9;-284
112384.6;-299
112392.3;-292
112400.0;-293
112407.7;-288
112415.4;-278
112423.1;-287
112430.8;-271
112438.5;-281
112446.2;-237
112453.8;-279
112461.5;-220
112469.2;-219
112476.9;-175
112484.6;-162
112492.3;-143
112500.0;-148
112507.7;-149
112515.4;-148
112523.1;-153
112530.8;-151
112538.5;-178
112546.2;-173
112553.8;-212
112561.5;-219
112569.2;-263
112576.9;-257
112584.6;-281
112592.3;-272
112600.0;-293
112607.7;-288
112615.4;-280
112623.1;-265
112630.8;-221
112638.5;-251
112646.2;-239
112653.8;-266
112661.5;-250
112669.2;-286
112676.9;-257
112684.6;-256
112692.3;-230
112700.0;-230
112707.7;-224
112715.4;-219
112723.1;-231
112730.8;-215
112738.5;-245
112746.2;-222
112753.8;-246
112761.5;-224
112769.2;-224
112776.9;-176
112784.6;-151
112792.3;-57
112800.0;143
112807.7;474
112815.4;820
112823.1;1120
112830.8;1166
112838.5;660
112846.2;163
112853.8;-106
112861.5;-169
112869.2;-243
112876.9;-282
112884.6;-328
112892.3;-346
112900.0;-368
112907.7;-384
112915.4;-376
112923.1;-371
112930.8;-354
112938.5;-372
112946.2;-348
112953.8;-361
112961.5;-323
112969.2;-332
112976.9;-289
112984.6;-267
112992.3;-213
113000.0;-198
113007.7;-175
113015.4;-151
113023.1;-165
113030.8;-156
113038.5;-180
113046.2;-154
113053.8;-181
113061.5;-158
113069.2;-188
113076.9;-186
113084.6;-228
113092.3;-241
113100.0;-262
113107.7;-270
113115.4;-276
113123.1;-290
113130.8;-277
113138.5;-289
113146.2;-268
113153.8;-287
113161.5;-249
113169.2;-247
113176.9;-214
113184.6;-217
113192.3;-217
113200.0;-239
113207.7;-235
113215.4;-231
113223.1;-250
113230.8;-246
113238.5;-266
113246.2;-263
113253.8;-305
113261.5;-278
113269.2;-303
113276.9;-286
113284.6;-292
113292.3;-277
113300.0;-282
113307.7;-269
113315.4;-250
113323.1;-243
113330.8;-174
113338.5;-133
113346.2;88
113353.8;373
113361.5;786
113369.2;1105
113376.9;1218
113384.6;803
113392.3;246
113400.0;-50
113407.7;-145
113415.4;-168
113423.1;-243
113430.8;-275
113438.5;-312
113446.2;-323
113453.8;-345
113461.5;-344
113469.2;-361
113476.9;-336
113484.6;-346
113492.3;-334
113500.0;-332
113507.7;-332
113515.4;-328
113523.1;-331
113530.8;-291
113538.5;-278
113546.2;-224
113553.8;-244
113561.5;-195
113569.2;-210
113576.9;-173
113584.6;-162
113592.3;-122
113600.0;-121
113607.7;-122
113615.4;-112
113623.1;-123
113630.8;-104
113638.5;-151
113646.2;-155
113653.8;-224
113661.5;-226
113669.2;-263
113676.9;-259
113684.6;-291
113692.3;-281
113700.0;-279
113707.7;-292
113715.4;-260
113723.1;-249
113730.8;-228
113738.5;-233
113746.2;-219
113753.8;-247
113761.5;-211
113769.2;-229
113776.9;-208
113784.6;-230
113792.3;-214
113800.0;-223
113807.7;-221
113815.4;-216
113823.1;-240
113830.8;-219
113838.5;-258
113846.2;-243
113853.8;-267
113861.5;-253
113869.2;-267
113876.9;-241
113884.6;-237
113892.3;-223
113900.0;-217
113907.7;-220
113915.4;-211
113923.1;-219
113930.8;-193
113938.5;-216
113946.2;-196
113953.8;-224
113961.5;-205
113969.2;-234
113976.9;-219
113984.6;-237
113992.3;-233
114000.0;-253
114007.7;-260
114015.4;-266
114023.1;-280
114030.8;-267
114038.5;-285
114046.2;-270
114053.8;-285
114061.5;-247
114069.2;-240
114076.9;-217
114084.6;-233
114092.3;-209
114100.0;-216
114107.7;-208
114115.4;-199
114123.1;-205
114130.8;-189
114138.5;-215
114146.2;-184
114153.8;-211
114161.5;-182
114169.2;-222
114176.9;-214
114184.6;-232
114192.3;-225
114200.0;-227
114207.7;-227
114215.4;-209
114223.1;-229
114230.8;-198
114238.5;-196
114246.2;-126
114253.8;-68
114261.5;112
114269.2;472
114276.9;904
114284.6;1277
114292.3;1524
114300.0;1089
114307.7;371
114315.4;-71
114323.1;-169
114330.8;-130
114338.5;-183
114346.2;-197
114353.8;-241
114361.5;-231
114369.2;-272
114376.9;-256
114384.6;-295
114392.3;-298
114400.0;-304
114407.7;-295
114415.4;-275
114423.1;-265
114430.8;-249
114438.5;-256
114446.2;-229
114453.8;-248
114461.5;-208
114469.2;-233
114476.9;-201
114484.6;-198
114492.3;-170
114500.0;-149
114507.7;-150
114515.4;-144
114523.1;-142
114530.8;-136
114538.5;-150
114546.2;-124
114553.8;-146
114561.5;-123
114569.2;-164
114576.9;-152
114584.6;-170
114592.3;-159
114600.0;-194
114607.7;-211
114615.4;-194
114623.1;-207
114630.8;-190
114638.5;-204
114646.2;-189
114653.8;-216
114661.5;-180
114669.2;-205
114676.9;-187
114684.6;-217
114692.3;-209
114700.0;-205
114707.7;-183
114715.4;-173
114723.1;-161
114730.8;-80
114738.5;-2
114746.2;258
114753.8;592
114761.5;1026
114769.2;1328
114776.9;1401
114784.6;963
114792.3;316
114800.0;18
114807.7;-114
114815.4;-137
114823.1;-219
114830.8;-240
114838.5;-292
114846.2;-308
114853.8;-343
114861.5;-329
114869.2;-357
114876.9;-335
114884.6;-350
114892.3;-350
114900.0;-352
114907.7;-332
114915.4;-308
114923.1;-310
114930.8;-298
114938.5;-307
114946.2;-290
114953.8;-293
114961.5;-257
114969.2;-269
114976.9;-229
114984.6;-219
114992.3;-195
115000.0;-181
115007.7;-170
115015.4;-160
115023.1;-169
115030.8;-177
115038.5;-209
115046.2;-216
115053.8;-239
115061.5;-220
115069.2;-254
115076.9;-236
115084.6;-276
115092.3;-266
115100.0;-276
115107.7;-287
115115.4;-286
115123.1;-293
115130.8;-270
115138.5;-286
115146.2;-261
115153.8;-282
115161.5;-257
115169.2;-277
115176.9;-266
115184.6;-271
115192.3;-242
115200.0;-242
115207.7;-227
115215.4;-199
115223.1;-201
115230.8;-193
115238.5;-215
115246.2;-200
115253.8;-219
115261.5;-164
115269.2;-162
115276.9;-104
115284.6;-6
115292.3;280
115300.0;650
115307.7;1035
115315.4;1308
115323.1;1163
115330.8;613
115338.5;131
115346.2;-87
115353.8;-195
115361.5;-225
115369.2;-289
115376.9;-280
115384.6;-318
115392.3;-325
115400.0;-347
115407.7;-361
115415.4;-364
115423.1;-386
115430.8;-365
115438.5;-380
115446.2;-359
115453.8;-386
115461.5;-356
115469.2;-371
115476.9;-348
115484.6;-365
115492.3;-332
115500.0;-328
115507.7;-319
115515.4;-297
115523.1;-285
115530.8;-229
115538.5;-219
115546.2;-176
115553.8;-204
115561.5;-177
115569.2;-212
115576.9;-197
115584.6;-238
115592.3;-256
115600.0;-285
115607.7;-298
115615.4;-295
115623.1;-319
115630.8;-297
115638.5;-335
115646.2;-312
115653.8;-347
115661.5;-315
115669.2;-341
115676.9;-312
115684.6;-319
115692.3;-287
115700.0;-279
115707.7;-277
115715.4;-257
115723.1;-256
115730.8;-229
115738.5;-254
115746.2;-236
115753.8;-283
115761.5;-264
115769.2;-290
115776.9;-276
115784.6;-308
115792.3;-301
115800.0;-305
115807.7;-306
115815.4;-309
115823.1;-313
115830.8;-298
115838.5;-310
115846.2;-286
115853.8;-318
115861.5;-257
115869.2;-273
115876.9;-245
115884.6;-250
115892.3;-231
115900.0;-243
115907.7;-239
115915.4;-228
115923.1;-257
115930.8;-243
115938.5;-261
115946.2;-256
115953.8;-276
115961.5;-257
115969.2;-265
115976.9;-263
115984.6;-289
115992.3;-278
116000.0;-289
116007.7;-285
116015.4;-276
116023.1;-268
116030.8;-238
116038.5;-203
116046.2;-111
116053.8;-7
116061.5;332
116069.2;735
116076.9;1150
116084.6;1389
116092.3;1073
116100.0;373
116107.7;-32
116115.4;-141
116123.1;-169
116130.8;-234
116138.5;-289
116146.2;-294
116153.8;-338
116161.5;-321
116169.2;-337
116176.9;-316
116184.6;-313
116192.3;-287
116200.0;-286
116207.7;-276
116215.4;-264
116223.1;-265
116230.8;-249
116238.5;-254
116246.2;-243
116253.8;-253
116261.5;-208
116269.2;-204
116276.9;-175
116284.6;-185
116292.3;-183
116300.0;-170
116307.7;-156
116315.4;-151
116323.1;-162
116330.8;-159
116338.5;-188
116346.2;-175
116353.8;-184
116361.5;-184
116369.2;-223
116376.9;-189
116384.6;-211
116392.3;-207
116400.0;-207
116407.7;-215
116415.4;-212
116423.1;-228
116430.8;-211
116438.5;-227
116446.2;-220
116453.8;-237
116461.5;-223
116469.2;-235
116476.9;-214
116484.6;-243
116492.3;-225
116500.0;-231
116507.7;-237
116515.4;-239
116523.1;-241
116530.8;-224
116538.5;-254
116546.2;-229
116553.8;-252
116561.5;-221
116569.2;-248
116576.9;-223
116584.6;-236
116592.3;-211
116600.0;-217
116607.7;-214
116615.4;-212
116623.1;-240
116630.8;-227
116638.5;-259
116646.2;-233
116653.8;-255
116661.5;-230
116669.2;-250
116676.9;-214
116684.6;-226
116692.3;-197
116700.0;-186
116707.7;-135
116715.4;-39
116723.1;180
116730.8;627
116738.5;1060
116746.2;1450
116753.8;1314
116761.5;679
116769.2;74
116776.9;-129
116784.6;-135
116792.3;-183
116800.0;-232
116807.7;-254
116815.4;-264
116823.1;-281
116830.8;-276
116838.5;-299
116846.2;-282
116853.8;-315
116861.5;-282
116869.2;-295
116876.9;-260
116884.6;-264
116892.3;-240
116900.0;-241
116907.7;-235
116915.4;-228
116923.1;-217
116930.8;-189
116938.5;-182
116946.2;-147
116953.8;-147
116961.5;-116
116969.2;-128
116976.9;-105
116984.6;-138
116992.3;-149
117000.0;-165
117007.7;-187
117015.4;-215
117023.1;-234
117030.8;-242
117038.5;-265
117046.2;-233
117053.8;-252
117061.5;-221
117069.2;-235
117076.9;-195
117084.6;-214
117092.3;-200
117100.0;-202
117107.7;-207
117115.4;-198
117123.1;-212
117130.8;-194
117138.5;-214
117146.2;-204
117153.8;-228
117161.5;-195
117169.2;-215
117176.9;-192
117184.6;-201
117192.3;-203
117200.0;-211
117207.7;-219
117215.4;-216
117223.1;-219
117230.8;-198
117238.5;-203
117246.2;-160
117253.8;-125
117261.5;-33
117269.2;186
117276.9;594
117284.6;994
117292.3;1350
117300.0;1271
117307.7;659
117315.4;78
117323.1;-168
117330.8;-162
117338.5;-220
117346.2;-236
117353.8;-286
117361.5;-288
117369.2;-320
117376.9;-302
117384.6;-331
117392.3;-330
117400.0;-341
117407.7;-337
117415.4;-325
117423.1;-341
117430.8;-310
117438.5;-318
117446.2;-273
117453.8;-270
117461.5;-242
117469.2;-250
117476.9;-210
117484.6;-204
117492.3;-158
117500.0;-142
117507.7;-136
117515.4;-146
117523.1;-162
117530.8;-153
117538.5;-203
117546.2;-219
117553.8;-272
117561.5;-270
117569.2;-318
117576.9;-318
117584.6;-336
117592.3;-327
117600.0;-329
117607.7;-313
117615.4;-315
117623.1;-300
117630.8;-266
117638.5;-284
117646.2;-252
117653.8;-271
117661.5;-255
117669.2;-279
117676.9;-262
117684.6;-292
117692.3;-297
117700.0;-294
117707.7;-308
117715.4;-324
117723.1;-350
117730.8;-338
117738.5;-349
117746.2;-333
117753.8;-364
117761.5;-355
117769.2;-368
117776.9;-327
117784.6;-316
117792.3;-285
117800.0;-278
117807.7;-273
117815.4;-259
117823.1;-278
117830.8;-273
117838.5;-310
117846.2;-284
117853.8;-307
117861.5;-277
117869.2;-301
117876.9;-283
117884.6;-302
117892.3;-299
117900.0;-313
117907.7;-292
117915.4;-290
117923.1;-291
117930.8;-278
117938.5;-284
117946.2;-229
117953.8;-228
117961.5;-185
117969.2;-187
117976.9;-118
117984.6;-72
117992.3;151
118000.0;515
118007.7;930
118015.4;1291
118023.1;1267
118030.8;690
118038.5;97
118046.2;-108
118053.8;-196
118061.5;-238
118069.2;-310
118076.9;-292
118084.6;-310
118092.3;-307
118100.0;-319
118107.7;-317
118115.4;-305
118123.1;-302
118130.8;-286
118138.5;-323
118146.2;-297
118153.8;-324
118161.5;-295
118169.2;-307
118176.9;-288
118184.6;-286
118192.3;-258
118200.0;-260
118207.7;-238
118215.4;-224
118223.1;-210
118230.8;-170
118238.5;-184
118246.2;-160
118253.8;-207
118261.5;-200
118269.2;-241
118276.9;-229
118284.6;-255
118292.3;-248
118300.0;-273
118307.7;-271
118315.4;-283
118323.1;-306
118330.8;-297
118338.5;-310
118346.2;-288
118353.8;-303
118361.5;-250
118369.2;-269
118376.9;-245
118384.6;-254
118392.3;-234
118400.0;-227
118407.7;-225
118415.4;-233
118423.1;-256
118430.8;-245
118438.5;-271
118446.2;-240
118453.8;-249
118461.5;-241
118469.2;-266
118476.9;-250
118484.6;-263
118492.3;-259
118500.0;-281
118507.7;-276
118515.4;-259
118523.1;-252
118530.8;-239
118538.5;-245
118546.2;-229
118553.8;-246
118561.5;-212
118569.2;-243
118576.9;-205
118584.6;-213
118592.3;-159
118600.0;-119
118607.7;62
118615.4;391
118623.1;794
118630.8;1173
118638.5;1321
118646.2;973
118653.8;289
118661.5;-69
118669.2;-202
118676.9;-180
118684.6;-250
118692.3;-274
118700.0;-302
118707.7;-311
118715.4;-318
118723.1;-334
118730.8;-328
118738.5;-341
118746.2;-313
118753.8;-328
118761.5;-287
118769.2;-295
118776.9;-260
118784.6;-281
118792.3;-263
118800.0;-260
118807.7;-267
118815.4;-261
118823.1;-259
118830.8;-206
118838.5;-216
118846.2;-172
118853.8;-180
118861.5;-152
118869.2;-156
118876.9;-130
118884.6;-158
118892.3;-167
118900.0;-186
118907.7;-219
118915.4;-214
118923.1;-229
118930.8;-220
118938.5;-239
118946.2;-228
118953.8;-241
118961.5;-216
118969.2;-238
118976.9;-209
118984.6;-229
118992.3;-221
119000.0;-232
119007.7;-259
119015.4;-238
119023.1;-219
119030.8;-136
119038.5;-64
119046.2;276
119053.8;693
119061.5;1141
119069.2;1372
119076.9;1122
119084.6;373
119092.3;-61
119100.0;-177
119107.7;-193
119115.4;-225
119123.1;-272
119130.8;-281
119138.5;-327
119146.2;-309
119153.8;-355
119161.5;-330
119169.2;-362
119176.9;-350
119184.6;-361
119192.3;-346
119200.0;-350
119207.7;-326
119215.4;-322
119223.1;-325
119230.8;-303
119238.5;-302
119246.2;-270
119253.8;-271
119261.5;-216
119269.2;-224
119276.9;-182
119284.6;-178
119292.3;-129
119300.0;-151
119307.7;-158
119315.4;-188
119323.1;-226
119330.8;-230
119338.5;-266
119346.2;-256
119353.8;-286
119361.5;-258
119369.2;-287
119376.9;-251
119384.6;-271
119392.3;-259
119400.0;-257
119407.7;-243
119415.4;-252
119423.1;-248
119430.8;-227
119438.5;-253
119446.2;-239
119453.8;-252
119461.5;-226
119469.2;-264
119476.9;-232
119484.6;-270
119492.3;-253
119500.0;-262
119507.7;-264
119515.4;-264
119523.1;-272
119530.8;-246
119538.5;-258
119546.2;-247
119553.8;-274
119561.5;-245
119569.2;-281
119576.9;-265
119584.6;-293
119592.3;-272
119600.0;-277
119607.7;-276
119615.4;-284
119623.1;-279
119630.8;-238
119638.5;-268
119646.2;-233
119653.8;-266
119661.5;-246
119669.2;-272
119676.9;-246
119684.6;-262
119692.3;-241
119700.0;-239
119707.7;-215
119715.4;-177
119723.1;-148
119730.8;-46
119738.5;142
119746.2;517
119753.8;887
119761.5;1297
119769.2;1469
119776.9;1120
119784.6;450
119792.3;5
119800.0;-157
119807.7;-176
119815.4;-231
119823.1;-286
119830.8;-310
119838.5;-349
119846.2;-333
119853.8;-363
119861.5;-352
119869.2;-376
119876.9;-361
119884.6;-381
119892.3;-359
119900.0;-375
119907.7;-364
119915.4;-356
119923.1;-352
119930.8;-336
119938.5;-359
119946.2;-336
119953.8;-354
119961.5;-341
119969.2;-347
119976.9;-304
119984.6;-312
119992.3;-293
120000.0;-297
120007.7;-288
120015.4;-275
120023.1;-269
120030.8;-245
120038.5;-257
120046.2;-247
120053.8;-268
120061.5;-248
120069.2;-281
120076.9;-257
120084.6;-280
120092.3;-262
120100.0;-262
120107.7;-252
120115.4;-277
120123.1;-287
120130.8;-277
120138.5;-293
120146.2;-286
120153.8;-306
120161.5;-287
120169.2;-311
120176.9;-285
120184.6;-289
120192.3;-257
120200.0;-271
120207.7;-255
120215.4;-265
120223.1;-273
120230.8;-255
120238.5;-267
120246.2;-257
120253.8;-284
120261.5;-242
120269.2;-264
120276.9;-246
120284.6;-256
120292.3;-228
120300.0;-235
120307.7;-251
120315.4;-273
120323.1;-275
120330.8;-273
120338.5;-287
120346.2;-268
120353.8;-269
120361.5;-236
120369.2;-255
120376.9;-218
120384.6;-233
120392.3;-179
120400.0;-128
120407.7;78
120415.4;427
120423.1;829
120430.8;1205
120438.5;1310
120446.2;959
120453.8;372
120461.5;68
120469.2;-123
120476.9;-159
120484.6;-251
120492.3;-279
120500.0;-321
120507.7;-332
120515.4;-340
120523.1;-367
120530.8;-357
120538.5;-389
120546.2;-365
120553.8;-381
120561.5;-350
120569.2;-352
120576.9;-338
120584.6;-338
120592.3;-311
120600.0;-301
120607.7;-301
120615.4;-293
120623.1;-282
120630.8;-263
120638.5;-258
120646.2;-215
120653.8;-231
120661.5;-198
120669.2;-225
120676.9;-205
120684.6;-217
120692.3;-223
120700.0;-249
120707.7;-258
120715.4;-280
120723.1;-296
120730.8;-294
120738.5;-310
120746.2;-303
120753.8;-310
120761.5;-286
120769.2;-320
120776.9;-301
120784.6;-324
120792.3;-308
120800.0;-316
120807.7;-298
120815.4;-300
120823.1;-313
120830.8;-301
120838.5;-336
120846.2;-325
120853.8;-343
120861.5;-312
120869.2;-338
120876.9;-323
120884.6;-348
120892.3;-329
120900.0;-343
120907.7;-348
120915.4;-351
120923.1;-358
120930.8;-330
120938.5;-350
120946.2;-337
120953.8;-348
120961.5;-303
120969.2;-334
120976.9;-312
120984.6;-330
120992.3;-323
121000.0;-326
121007.7;-316
121015.4;-328
121023.1;-322
121030.8;-311
121038.5;-331
121046.2;-324
121053.8;-343
121061.5;-319
121069.2;-322
121076.9;-281
121084.6;-288
121092.3;-263
121100.0;-276
121107.7;-279
121115.4;-264
121123.1;-262
121130.8;-254
121138.5;-276
121146.2;-264
121153.8;-278
121161.5;-255
121169.2;-272
121176.9;-247
121184.6;-269
121192.3;-243
121200.0;-250
121207.7;-227
121215.4;-172
121223.1;-83
121230.8;193
121238.5;581
121246.2;1008
121253.8;1299
121261.5;1182
121269.2;572
121276.9;102
121284.6;-93
121292.3;-106
121300.0;-191
121307.7;-240
121315.4;-266
121323.1;-299
121330.8;-323
121338.5;-349
121346.2;-336
121353.8;-370
121361.5;-353
121369.2;-363
121376.9;-330
121384.6;-329
121392.3;-302
121400.0;-285
121407.7;-257
121415.4;-235
121423.1;-220
121430.8;-185
121438.5;-190
121446.2;-146
121453.8;-138
121461.5;-105
121469.2;-121
121476.9;-105
121484.6;-121
121492.3;-114
121500.0;-151
121507.7;-170
121515.4;-193
121523.1;-221
121530.8;-229
121538.5;-264
121546.2;-245
121553.8;-273
121561.5;-246
121569.2;-275
121576.9;-238
121584.6;-259
121592.3;-232
121600.0;-236
121607.7;-239
121615.4;-238
121623.1;-249
121630.8;-226
121638.5;-239
121646.2;-224
121653.8;-247
121661.5;-221
121669.2;-228
121676.9;-207
121684.6;-217
121692.3;-180
121700.0;-188
121707.7;-188
121715.4;-184
121723.1;-198
121730.8;-194
121738.5;-214
121746.2;-205
121753.8;-226
121761.5;-196
121769.2;-227
121776.9;-213
121784.6;-235
121792.3;-217
121800.0;-241
121807.7;-242
121815.4;-241
121823.1;-242
121830.8;-226
121838.5;-237
121846.2;-222
121853.8;-250
121861.5;-222
121869.2;-223
121876.9;-200
121884.6;-227
121892.3;-209
121900.0;-217
121907.7;-207
121915.4;-213
121923.1;-217
121930.8;-202
121938.5;-212
121946.2;-186
121953.8;-200
121961.5;-175
121969.2;-210
121976.9;-185
121984.6;-194
121992.3;-175
122000.0;-187
122007.7;-202
122015.4;-213
122023.1;-211
122030.8;-207
122038.5;-217
122046.2;-196
122053.8;-203
122061.5;-176
122069.2;-211
122076.9;-170
122084.6;-180
122092.3;-180
122100.0;-192
122107.7;-193
122115.4;-186
122123.1;-188
122130.8;-177
122138.5;-196
122146.2;-177
122153.8;-186
122161.5;-166
122169.2;-183
122176.9;-164
122184.6;-188
122192.3;-164
122200.0;-179
122207.7;-176
122215.4;-172
122223.1;-161
122230.8;-145
122238.5;-132
122246.2;-90
122253.8;-117
122261.5;-106
122269.2;-145
122276.9;-121
122284.6;-142
122292.3;-117
122300.0;-89
122307.7;-1
122315.4;167
122323.1;592
122330.8;1093
122338.5;1552
122346.2;1629
122353.8;883
122361.5;152
122369.2;-191
122376.9;-138
122384.6;-145
122392.3;-150
122400.0;-161
122407.7;-181
122415.4;-179
122423.1;-214
122430.8;-214
122438.5;-238
122446.2;-224
122453.8;-257
122461.5;-238
122469.2;-237
122476.9;-210
122484.6;-221
122492.3;-213
122500.0;-209
122507.7;-192
122515.4;-184
122523.1;-178
122530.8;-164
122538.5;-163
122546.2;-112
122553.8;-125
122561.5;-105
122569.2;-125
122576.9;-102
122584.6;-128
122592.3;-120
122600.0;-128
122607.7;-151
122615.4;-165
122623.1;-190
122630.8;-186
122638.5;-206
122646.2;-191
122653.8;-221
122661.5;-190
122669.2;-207
122676.9;-179
122684.6;-190
122692.3;-158
122700.0;-161
122707.7;-157
122715.4;-150
122723.1;-164
122730.8;-154
122738.5;-179
122746.2;-157
122753.8;-182
122761.5;-154
122769.2;-179
122776.9;-151
122784.6;-169
122792.3;-149
122800.0;-160
122807.7;-159
122815.4;-166
122823.1;-173
122830.8;-164
122838.5;-169
122846.2;-154
122853.8;-155
122861.5;-123
122869.2;-120
122876.9;-99
122884.6;-100
122892.3;-47
122900.0;22
122907.7;338
122915.4;753
122923.1;1208
122930.8;1561
122938.5;1409
122946.2;767
122953.8;180
122961.5;-43
122969.2;-124
122976.9;-168
122984.6;-233
122992.3;-235
123000.0;-267
123007.7;-270
123015.4;-280
123023.1;-275
123030.8;-262
123038.5;-268
123046.2;-241
123053.8;-258
123061.5;-232
123069.2;-241
123076.9;-214
123084.6;-210
123092.3;-181
123100.0;-172
123107.7;-149
123115.4;-145
123123.1;-156
123130.8;-146
123138.5;-134
123146.2;-102
123153.8;-125
123161.5;-102
123169.2;-128
123176.9;-138
123184.6;-189
123192.3;-207
123200.0;-233
123207.7;-245
123215.4;-248
123223.1;-264
123230.8;-249
123238.5;-266
123246.2;-246
123253.8;-255
123261.5;-239
123269.2;-254
123276.9;-241
123284.6;-265
123292.3;-251
123300.0;-243
123307.7;-238
123315.4;-223
123323.1;-215
123330.8;-209
123338.5;-244
123346.2;-225
123353.8;-238
123361.5;-216
123369.2;-234
123376.9;-208
123384.6;-191
123392.3;-109
123400.0;34
123407.7;354
123415.4;757
123423.1;1165
123430.8;1295
123438.5;789
123446.2;175
123453.8;-95
123461.5;-139
123469.2;-202
123476.9;-238
123484.6;-285
123492.3;-292
123500.0;-305
123507.7;-299
123515.4;-309
123523.1;-312
123530.8;-308
123538.5;-327
123546.2;-316
123553.8;-339
123561.5;-304
123569.2;-326
123576.9;-301
123584.6;-324
123592.3;-282
123600.0;-259
123607.7;-207
123615.4;-180
123623.1;-169
123630.8;-131
123638.5;-140
123646.2;-133
123653.8;-159
123661.5;-141
123669.2;-195
123676.9;-187
123684.6;-244
123692.3;-242
123700.0;-263
123707.7;-276
123715.4;-284
123723.1;-280
123730.8;-266
123738.5;-289
123746.2;-254
123753.8;-275
123761.5;-232
123769.2;-269
123776.9;-261
123784.6;-281
123792.3;-281
123800.0;-260
123807.7;-238
123815.4;-225
123823.1;-240
123830.8;-231
123838.5;-247
123846.2;-231
123853.8;-231
123861.5;-217
123869.2;-227
123876.9;-202
123884.6;-239
123892.3;-222
123900.0;-239
123907.7;-236
123915.4;-218
123923.1;-242
123930.8;-241
123938.5;-269
123946.2;-261
123953.8;-284
123961.5;-249
123969.2;-263
123976.9;-232
123984.6;-257
123992.3;-236
124000.0;-243
124007.7;-225
124015.4;-216
124023.1;-204
124030.8;-189
124038.5;-185
124046.2;-171
124053.8;-206
124061.5;-175
124069.2;-173
124076.9;-114
124084.6;-86
124092.3;105
124100.0;498
124107.7;956
124115.4;1403
124123.1;1558
124130.8;945
124138.5;147
124146.2;-199
124153.8;-211
124161.5;-177
124169.2;-257
124176.9;-257
124184.6;-282
124192.3;-269
124200.0;-293
124207.7;-298
124215.4;-292
124223.1;-273
124230.8;-276
124238.5;-296
124246.2;-278
124253.8;-294
124261.5;-251
124269.2;-272
124276.9;-228
124284.6;-238
124292.3;-208
124300.0;-196
124307.7;-167
124315.4;-154
124323.1;-131
124330.8;-104
124338.5;-118
124346.2;-85
124353.8;-88
124361.5;-69
124369.2;-102
124376.9;-94
124384.6;-116
124392.3;-143
124400.0;-181
124407.7;-198
124415.4;-208
124423.1;-229
124430.8;-228
124438.5;-239
124446.2;-212
124453.8;-234
124461.5;-205
124469.2;-236
124476.9;-206
124484.6;-216
124492.3;-198
124500.0;-214
124507.7;-193
124515.4;-191
124523.1;-188
124530.8;-175
124538.5;-200
124546.2;-181
124553.8;-208
124561.5;-173
124569.2;-202
124576.9;-168
124584.6;-180
124592.3;-148
124600.0;-157
124607.7;-160
124615.4;-156
124623.1;-161
124630.8;-151
124638.5;-185
124646.2;-167
124653.8;-190
124661.5;-188
124669.2;-225
124676.9;-220
124684.6;-240
124692.3;-233
124700.0;-238
124707.7;-223
124715.4;-206
124723.1;-196
124730.8;-171
124738.5;-181
124746.2;-163
124753.8;-171
124761.5;-143
124769.2;-152
124776.9;-100
124784.6;-96
124792.3;-49
124800.0;13
124807.7;197
124815.4;598
124823.1;1073
124830.8;1537
124838.5;1655
124846.2;1035
124853.8;196
124861.5;-173
124869.2;-201
124876.9;-159
124884.6;-203
124892.3;-199
124900.0;-230
124907.7;-221
124915.4;-212
124923.1;-212
124930.8;-192
124938.5;-230
124946.2;-208
124953.8;-236
124961.5;-219
124969.2;-256
124976.9;-229
124984.6;-248
124992.3;-242
125000.0;-236
125007.7;-212
125015.4;-206
125023.1;-193
125030.8;-174
125038.5;-184
125046.2;-146
125053.8;-152
125061.5;-104
125069.2;-116
125076.9;-69
125084.6;-108
125092.3;-135
125100.0;-176
125107.7;-184
125115.4;-212
125123.1;-238
125130.8;-256
125138.5;-288
125146.2;-284
125153.8;-294
125161.5;-257
125169.2;-281
125176.9;-246
125184.6;-266
125192.3;-242
125200.0;-226
125207.7;-204
125215.4;-190
125223.1;-189
125230.8;-176
125238.5;-188
125246.2;-161
125253.8;-174
125261.5;-161
125269.2;-189
125276.9;-174
125284.6;-171
125292.3;-110
125300.0;31
125307.7;357
125315.4;785
125323.1;1188
125330.8;1401
125338.5;1096
125346.2;492
125353.8;87
125361.5;-70
125369.2;-143
125376.9;-169
125384.6;-230
125392.3;-241
125400.0;-278
125407.7;-270
125415.4;-279
125423.1;-288
125430.8;-294
125438.5;-324
125446.2;-320
125453.8;-366
125461.5;-333
125469.2;-352
125476.9;-310
125484.6;-324
125492.3;-295
125500.0;-288
125507.7;-247
125515.4;-215
125523.1;-205
125530.8;-159
125538.5;-159
125546.2;-131
125553.8;-140
125561.5;-117
125569.2;-145
125576.9;-136
125584.6;-172
125592.3;-188
125600.0;-222
125607.7;-244
125615.4;-256
125623.1;-277
125630.8;-274
125638.5;-296
125646.2;-284
125653.8;-291
125661.5;-251
125669.2;-256
125676.9;-233
125684.6;-264
125692.3;-252
125700.0;-274
125707.7;-268
125715.4;-274
125723.1;-284
125730.8;-275
125738.5;-292
125746.2;-264
125753.8;-297
125761.5;-270
125769.2;-289
125776.9;-268
125784.6;-283
125792.3;-260
125800.0;-272
125807.7;-260
125815.4;-260
125823.1;-264
125830.8;-259
125838.5;-281
125846.2;-249
125853.8;-255
125861.5;-218
125869.2;-242
125876.9;-221
125884.6;-231
125892.3;-198
125900.0;-207
125907.7;-178
125915.4;-98
125923.1;169
125930.8;586
125938.5;1005
125946.2;1409
125953.8;1433
125961.5;915
125969.2;259
125976.9;-61
125984.6;-160
125992.3;-181
126000.0;-247
126007.7;-291
126015.4;-341
126023.1;-371
126030.8;-373
126038.5;-407
126046.2;-403
126053.8;-403
126061.5;-339
126069.2;-351
126076.9;-315
126084.6;-312
126092.3;-296
126100.0;-290
126107.7;-276
126115.4;-265
126123.1;-241
126130.8;-226
126138.5;-224
126146.2;-178
126153.8;-173
126161.5;-131
126169.2;-142
126176.9;-110
126184.6;-137
126192.3;-105
126200.0;-132
126207.7;-142
126215.4;-165
126223.1;-198
126230.8;-202
126238.5;-254
126246.2;-252
126253.8;-287
126261.5;-247
126269.2;-276
126276.9;-283
126284.6;-306
126292.3;-299
126300.0;-299
126307.7;-294
126315.4;-283
126323.1;-273
126330.8;-250
126338.5;-260
126346.2;-275
126353.8;-290
126361.5;-276
126369.2;-302
126376.9;-256
126384.6;-277
126392.3;-254
126400.0;-268
126407.7;-245
126415.4;-258
126423.1;-267
126430.8;-263
126438.5;-279
126446.2;-246
126453.8;-235
126461.5;-190
126469.2;-218
126476.9;-185
126484.6;-206
126492.3;-189
126500.0;-200
126507.7;-203
126515.4;-207
126523.1;-224
126530.8;-222
126538.5;-247
126546.2;-241
126553.8;-241
126561.5;-234
126569.2;-254
126576.9;-238
126584.6;-252
126592.3;-239
126600.0;-255
126607.7;-251
126615.4;-265
126623.1;-260
126630.8;-238
126638.5;-224
126646.2;-202
126653.8;-192
126661.5;-158
126669.2;-196
126676.9;-166
126684.6;-196
126692.3;-197
126700.0;-204
126707.7;-207
126715.4;-220
126723.1;-220
126730.8;-209
126738.5;-215
126746.2;-183
126753.8;-202
126761.5;-135
126769.2;-69
126776.9;190
126784.6;608
126792.3;1093
126800.0;1516
126807.7;1606
126815.4;995
126823.1;293
126830.8;-109
126838.5;-169
126846.2;-121
126853.8;-200
126861.5;-226
126869.2;-283
126876.9;-268
126884.6;-299
126892.3;-294
126900.0;-312
126907.7;-315
126915.4;-319
126923.1;-329
126930.8;-311
126938.5;-332
126946.2;-306
126953.8;-284
126961.5;-230
126969.2;-238
126976.9;-206
126984.6;-224
126992.3;-190
127000.0;-200
127007.7;-176
127015.4;-178
127023.1;-182
127030.8;-164
127038.5;-162
127046.2;-128
127053.8;-137
127061.5;-99
127069.2;-146
127076.9;-143
127084.6;-186
127092.3;-198
127100.0;-213
127107.7;-215
127115.4;-223
127123.1;-228
127130.8;-213
127138.5;-227
127146.2;-215
127153.8;-232
127161.5;-206
127169.2;-227
127176.9;-201
127184.6;-237
127192.3;-220
127200.0;-235
127207.7;-222
127215.4;-205
127223.1;-213
127230.8;-206
127238.5;-218
127246.2;-197
127253.8;-201
127261.5;-177
127269.2;-204
127276.9;-188
127284.6;-214
127292.3;-197
127300.0;-228
127307.7;-226
127315.4;-230
127323.1;-241
127330.8;-233
127338.5;-258
127346.2;-244
127353.8;-275
127361.5;-251
127369.2;-272
127376.9;-247
127384.6;-278
127392.3;-266
127400.0;-262
127407.7;-243
127415.4;-237
127423.1;-237
127430.8;-223
127438.5;-233
127446.2;-213
127453.8;-234
127461.5;-208
127469.2;-243
127476.9;-223
127484.6;-249
127492.3;-229
127500.0;-251
127507.7;-229
127515.4;-231
127523.1;-237
127530.8;-227
127538.5;-243
127546.2;-211
127553.8;-236
127561.5;-209
127569.2;-228
127576.9;-197
127584.6;-202
127592.3;-175
127600.0;-128
127607.7;-27
127615.4;217
127623.1;673
127630.8;1150
127638.5;1541
127646.2;1605
127653.8;921
127661.5;199
127669.2;-224
127676.9;-213
127684.6;-218
127692.3;-249
127700.0;-276
127707.7;-286
127715.4;-301
127723.1;-315
127730.8;-316
127738.5;-345
127746.2;-320
127753.8;-357
127761.5;-320
127769.2;-345
127776.9;-312
127784.6;-315
127792.3;-289
127800.0;-277
127807.7;-272
127815.4;-259
127823.1;-258
127830.8;-227
127838.5;-227
127846.2;-178
127853.8;-202
127861.5;-180
127869.2;-197
127876.9;-180
127884.6;-187
127892.3;-187
127900.0;-192
127907.7;-201
127915.4;-231
127923.1;-261
127930.8;-271
127938.5;-300
127946.2;-297
127953.8;-327
127961.5;-304
127969.2;-319
127976.9;-283
127984.6;-291
127992.3;-261
128000.0;-276
128007.7;-258
128015.4;-232
128023.1;-236
128030.8;-222
128038.5;-245
128046.2;-225
128053.8;-256
128061.5;-222
128069.2;-248
128076.9;-232
128084.6;-247
128092.3;-237
128100.0;-238
128107.7;-219
128115.4;-202
128123.1;-176
128130.8;-93
128138.5;59
128146.2;415
128153.8;826
128161.5;1244
128169.2;1341
128176.9;904
128184.6;282
128192.3;-29
128200.0;-192
128207.7;-237
128215.4;-311
128223.1;-336
128230.8;-345
128238.5;-370
128246.2;-356
128253.8;-383
128261.5;-350
128269.2;-380
128276.9;-349
128284.6;-372
128292.3;-347
128300.0;-334
128307.7;-315
128315.4;-321
128323.1;-299
128330.8;-267
128338.5;-248
128346.2;-208
128353.8;-199
128361.5;-147
128369.2;-148
128376.9;-107
128384.6;-117
128392.3;-117
128400.0;-158
128407.7;-179
128415.4;-223
128423.1;-261
128430.8;-285
128438.5;-321
128446.2;-312
128453.8;-340
128461.5;-311
128469.2;-332
128476.9;-303
128484.6;-319
128492.3;-316
128500.0;-321
128507.7;-306
128515.4;-299
128523.1;-302
128530.8;-280
128538.5;-318
128546.2;-311
128553.8;-336
128561.5;-291
128569.2;-316
128576.9;-297
128584.6;-321
128592.3;-315
128600.0;-331
128607.7;-328
128615.4;-325
128623.1;-314
128630.8;-298
128638.5;-304
128646.2;-288
128653.8;-304
128661.5;-260
128669.2;-280
128676.9;-260
128684.6;-284
128692.3;-266
128700.0;-286
128707.7;-286
128715.4;-258
128723.1;-253
128730.8;-222
128738.5;-192
128746.2;-93
128753.8;216
128761.5;741
128769.2;1182
128776.9;1447
128784.6;1009
128792.3;228
128800.0;-185
128807.7;-236
128815.4;-253
128823.1;-313
128830.8;-334
128838.5;-353
128846.2;-324
128853.8;-345
128861.5;-341
128869.2;-375
128876.9;-346
128884.6;-358
128892.3;-346
128900.0;-365
128907.7;-359
128915.4;-351
128923.1;-347
128930.8;-319
128938.5;-316
128946.2;-274
128953.8;-280
128961.5;-223
128969.2;-235
128976.9;-182
128984.6;-174
128992.3;-156
129000.0;-152
129007.7;-148
129015.4;-170
129023.1;-197
129030.8;-202
129038.5;-246
129046.2;-253
129053.8;-278
129061.5;-276
129069.2;-296
129076.9;-270
129084.6;-297
129092.3;-273
129100.0;-292
129107.7;-273
129115.4;-258
129123.1;-260
129130.8;-256
129138.5;-273
129146.2;-279
129153.8;-319
129161.5;-299
129169.2;-315
129176.9;-300
129184.6;-325
129192.3;-297
129200.0;-313
129207.7;-301
129215.4;-265
129223.1;-238
129230.8;-174
129238.5;-83
129246.2;210
129253.8;645
129261.5;1150
129269.2;1429
129276.9;1077
129284.6;218
129292.3;-243
129300.0;-284
129307.7;-270
129315.4;-328
129323.1;-358
129330.8;-368
129338.5;-397
129346.2;-392
129353.8;-411
129361.5;-387
129369.2;-402
129376.9;-349
129384.6;-348
129392.3;-324
129400.0;-308
129407.7;-297
129415.4;-283
129423.1;-273
129430.8;-242
129438.5;-258
129446.2;-235
129453.8;-245
129461.5;-201
129469.2;-216
129476.9;-176
129484.6;-188
129492.3;-183
129500.0;-222
129507.7;-238
129515.4;-254
129523.1;-265
129530.8;-253
129538.5;-285
129546.2;-252
129553.8;-290
129561.5;-264
129569.2;-290
129576.9;-267
129584.6;-278
129592.3;-281
129600.0;-291
129607.7;-282
129615.4;-296
129623.1;-301
129630.8;-303
129638.5;-313
129646.2;-307
129653.8;-346
129661.5;-301
129669.2;-326
129676.9;-293
129684.6;-305
129692.3;-288
129700.0;-290
129707.7;-282
129715.4;-277
129723.1;-262
129730.8;-262
129738.5;-260
129746.2;-239
129753.8;-275
129761.5;-259
129769.2;-282
129776.9;-261
129784.6;-278
129792.3;-257
129800.0;-283
129807.7;-288
129815.4;-286
129823.1;-280
129830.8;-272
129838.5;-264
129846.2;-210
129853.8;-161
129861.5;34
129869.2;424
129876.9;942
129884.6;1385
129892.3;1648
129900.0;1145
129907.7;320
129915.4;-155
129923.1;-247
129930.8;-240
129938.5;-328
129946.2;-339
129953.8;-407
129961.5;-400
129969.2;-432
129976.9;-425
129984.6;-446
129992.3;-429
130000.0;-416
130007.7;-396
130015.4;-390
130023.1;-386
130030.8;-353
130038.5;-375
130046.2;-328
130053.8;-339
130061.5;-317
130069.2;-350
130076.9;-332
130084.6;-350
130092.3;-331
130100.0;-335
130107.7;-306
130115.4;-280
130123.1;-280
130130.8;-268
130138.5;-277
130146.2;-253
130153.8;-292
130161.5;-262
130169.2;-306
130176.9;-293
130184.6;-307
130192.3;-290
130200.0;-297
130207.7;-300
130215.4;-300
130223.1;-314
130230.8;-316
130238.5;-328
130246.2;-316
130253.8;-333
130261.5;-308
130269.2;-323
130276.9;-304
130284.6;-309
130292.3;-283
130300.0;-302
130307.7;-285
130315.4;-274
130323.1;-284
130330.8;-290
130338.5;-286
130346.2;-270
130353.8;-299
130361.5;-286
130369.2;-298
130376.9;-293
130384.6;-311
130392.3;-304
130400.0;-325
130407.7;-304
130415.4;-306
130423.1;-310
130430.8;-303
130438.5;-332
130446.2;-302
130453.8;-298
130461.5;-264
130469.2;-295
130476.9;-266
130484.6;-275
130492.3;-249
130500.0;-231
130507.7;-162
130515.4;27
130523.1;386
130530.8;847
130538.5;1240
130546.2;1407
130553.8;873
130561.5;209
130569.2;-159
130576.9;-222
130584.6;-285
130592.3;-345
130600.0;-384
130607.7;-394
130615.4;-413
130623.1;-413
130630.8;-400
130638.5;-405
130646.2;-392
130653.8;-420
130661.5;-400
130669.2;-421
130676.9;-399
130684.6;-418
130692.3;-398
130700.0;-394
130707.7;-375
130715.4;-347
130723.1;-339
130730.8;-320
130738.5;-316
130746.2;-287
130753.8;-292
130761.5;-261
130769.2;-273
130776.9;-254
130784.6;-268
130792.3;-282
130800.0;-325
130807.7;-349
130815.4;-363
130823.1;-391
130830.8;-404
130838.5;-445
130846.2;-428
130853.8;-437
130861.5;-413
130869.2;-417
130876.9;-374
130884.6;-384
130892.3;-374
130900.0;-381
130907.7;-386
130915.4;-383
130923.1;-387
130930.8;-369
130938.5;-376
130946.2;-353
130953.8;-333
130961.5;-294
130969.2;-307
130976.9;-280
130984.6;-246
130992.3;-104
131000.0;181
131007.7;512
131015.4;902
131023.1;1210
131030.8;1202
131038.5;645
131046.2;69
131053.8;-207
131061.5;-265
131069.2;-330
131076.9;-367
131084.6;-403
131092.3;-416
131100.0;-447
131107.7;-450
131115.4;-457
131123.1;-469
131130.8;-465
131138.5;-488
131146.2;-456
131153.8;-474
131161.5;-444
131169.2;-472
131176.9;-449
131184.6;-458
131192.3;-437
131200.0;-426
131207.7;-392
131215.4;-364
131223.1;-356
131230.8;-321
131238.5;-304
131246.2;-265
131253.8;-275
131261.5;-235
131269.2;-245
131276.9;-239
131284.6;-290
131292.3;-319
131300.0;-356
131307.7;-386
131315.4;-398
131323.1;-433
131330.8;-421
131338.5;-422
131346.2;-413
131353.8;-427
131361.5;-409
131369.2;-413
131376.9;-388
131384.6;-411
131392.3;-379
131400.0;-383
131407.7;-364
131415.4;-354
131423.1;-351
131430.8;-350
131438.5;-364
131446.2;-350
131453.8;-368
131461.5;-341
131469.2;-373
131476.9;-355
131484.6;-383
131492.3;-367
131500.0;-383
131507.7;-369
131515.4;-360
131523.1;-358
131530.8;-345
131538.5;-349
131546.2;-342
131553.8;-363
131561.5;-326
131569.2;-356
131576.9;-338
131584.6;-361
131592.3;-338
131600.0;-341
131607.7;-339
131615.4;-339
131623.1;-355
131630.8;-341
131638.5;-380
131646.2;-354
131653.8;-371
131661.5;-338
131669.2;-365
131676.9;-349
131684.6;-351
131692.3;-325
131700.0;-337
131707.7;-340
131715.4;-345
131723.1;-347
131730.8;-342
131738.5;-364
131746.2;-337
131753.8;-367
131761.5;-339
131769.2;-360
131776.9;-330
131784.6;-330
131792.3;-310
131800.0;-294
131807.7;-263
131815.4;-208
131823.1;-133
131830.8;101
131838.5;511
131846.2;971
131853.8;1359
131861.5;1488
131869.2;816
131876.9;125
131884.6;-275
131892.3;-289
131900.0;-275
131907.7;-326
131915.4;-353
131923.1;-395
131930.8;-396
131938.5;-434
131946.2;-419
131953.8;-425
131961.5;-398
131969.2;-414
131976.9;-400
131984.6;-430
131992.3;-397
132000.0;-413
132007.7;-396
132015.4;-402
132023.1;-393
132030.8;-356
132038.5;-332
132046.2;-290
132053.8;-281
132061.5;-232
132069.2;-251
132076.9;-234
132084.6;-254
132092.3;-237
132100.0;-230
132107.7;-229
132115.4;-232
132123.1;-221
132130.8;-211
132138.5;-240
132146.2;-250
132153.8;-294
132161.5;-299
132169.2;-340
132176.9;-336
132184.6;-352
132192.3;-336
132200.0;-358
132207.7;-335
132215.4;-343
132223.1;-332
132230.8;-311
132238.5;-297
132246.2;-238
132253.8;-259
132261.5;-231
132269.2;-257
132276.9;-239
132284.6;-247
132292.3;-234
132300.0;-244
132307.7;-245
132315.4;-247
132323.1;-257
132330.8;-255
132338.5;-272
132346.2;-276
132353.8;-301
132361.5;-286
132369.2;-315
132376.9;-288
132384.6;-303
132392.3;-284
132400.0;-293
132407.7;-276
132415.4;-277
132423.1;-280
132430.8;-284
132438.5;-303
132446.2;-291
132453.8;-331
132461.5;-299
132469.2;-305
132476.9;-263
132484.6;-277
132492.3;-272
132500.0;-286
132507.7;-301
132515.4;-320
132523.1;-332
132530.8;-314
132538.5;-326
132546.2;-309
132553.8;-327
132561.5;-297
132569.2;-332
132576.9;-302
132584.6;-301
132592.3;-273
132600.0;-272
132607.7;-275
132615.4;-283
132623.1;-280
132630.8;-256
132638.5;-266
132646.2;-251
132653.8;-259
132661.5;-232
132669.2;-267
132676.9;-261
132684.6;-289
132692.3;-237
132700.0;-173
132707.7;-75
132715.4;194
132723.1;647
132730.8;1121
132738.5;1518
132746.2;1418
132753.8;625
132761.5;12
132769.2;-259
132776.9;-237
132784.6;-289
132792.3;-306
132800.0;-332
132807.7;-343
132815.4;-357
132823.1;-366
132830.8;-370
132838.5;-397
132846.2;-389
132853.8;-417
132861.5;-415
132869.2;-433
132876.9;-389
132884.6;-372
132892.3;-327
132900.0;-326
132907.7;-311
132915.4;-295
132923.1;-293
132930.8;-290
132938.5;-305
132946.2;-301
132953.8;-317
132961.5;-296
132969.2;-307
132976.9;-267
132984.6;-298
132992.3;-288
133000.0;-337
133007.7;-351
133015.4;-384
133023.1;-399
133030.8;-400
133038.5;-430
133046.2;-410
133053.8;-429
133061.5;-391
133069.2;-416
133076.9;-392
133084.6;-416
133092.3;-370
133100.0;-366
133107.7;-354
133115.4;-332
133123.1;-309
133130.8;-296
133138.5;-320
133146.2;-314
133153.8;-353
133161.5;-333
133169.2;-373
133176.9;-359
133184.6;-372
133192.3;-347
133200.0;-342
133207.7;-336
133215.4;-335
133223.1;-357
133230.8;-336
133238.5;-364
133246.2;-349
133253.8;-377
133261.5;-353
133269.2;-377
133276.9;-357
133284.6;-356
133292.3;-327
133300.0;-349
133307.7;-361
133315.4;-364
133323.1;-380
133330.8;-370
133338.5;-379
133346.2;-336
133353.8;-337
133361.5;-305
133369.2;-312
133376.9;-290
133384.6;-323
133392.3;-322
133400.0;-334
133407.7;-345
133415.4;-349
133423.1;-363
133430.8;-349
133438.5;-364
133446.2;-357
133453.8;-374
133461.5;-347
133469.2;-344
133476.9;-308
133484.6;-305
133492.3;-233
133500.0;-177
133507.7;45
133515.4;406
133523.1;806
133530.8;1210
133538.5;1389
133546.2;1068
133553.8;385
133561.5;-6
133569.2;-174
133576.9;-193
133584.6;-268
133592.3;-300
133600.0;-345
133607.7;-354
133615.4;-380
133623.1;-398
133630.8;-394
133638.5;-407
133646.2;-384
133653.8;-415
133661.5;-381
133669.2;-403
133676.9;-381
133684.6;-397
133692.3;-374
133700.0;-380
133707.7;-368
133715.4;-334
133723.1;-305
133730.8;-274
133738.5;-266
133746.2;-242
133753.8;-245
133761.5;-201
133769.2;-215
133776.9;-197
133784.6;-235
133792.3;-214
133800.0;-237
133807.7;-265
133815.4;-301
133823.1;-320
133830.8;-324
133838.5;-374
133846.2;-374
133853.8;-405
133861.5;-388
133869.2;-434
133876.9;-422
133884.6;-425
133892.3;-385
133900.0;-379
133907.7;-366
133915.4;-345
133923.1;-349
133930.8;-329
133938.5;-343
133946.2;-324
133953.8;-354
133961.5;-328
133969.2;-326
133976.9;-306
133984.6;-334
133992.3;-334
134000.0;-357
134007.7;-375
134015.4;-385
134023.1;-415
134030.8;-404
134038.5;-422
134046.2;-407
134053.8;-443
134061.5;-418
134069.2;-433
134076.9;-358
134084.6;-367
134092.3;-349
134100.0;-337
134107.7;-349
134115.4;-350
134123.1;-349
134130.8;-309
134138.5;-307
134146.2;-307
134153.8;-339
134161.5;-322
134169.2;-361
134176.9;-342
134184.6;-381
134192.3;-378
134200.0;-391
134207.7;-379
134215.4;-382
134223.1;-386
134230.8;-376
134238.5;-394
134246.2;-367
134253.8;-385
134261.5;-349
134269.2;-345
134276.9;-305
134284.6;-307
134292.3;-257
134300.0;-218
134307.7;-159
134315.4;-36
134323.1;284
134330.8;719
134338.5;1106
134346.2;1319
134353.8;830
134361.5;129
134369.2;-243
134376.9;-281
134384.6;-309
134392.3;-368
134400.0;-391
134407.7;-397
134415.4;-412
134423.1;-418
134430.8;-399
134438.5;-399
134446.2;-352
134453.8;-350
134461.5;-311
134469.2;-336
134476.9;-316
134484.6;-335
134492.3;-321
134500.0;-325
134507.7;-329
134515.4;-310
134523.1;-304
134530.8;-289
134538.5;-287
134546.2;-249
134553.8;-246
134561.5;-208
134569.2;-223
134576.9;-195
134584.6;-230
134592.3;-218
134600.0;-254
134607.7;-267
134615.4;-287
134623.1;-336
134630.8;-338
134638.5;-360
134646.2;-353
134653.8;-373
134661.5;-339
134669.2;-339
134676.9;-319
134684.6;-348
134692.3;-321
134700.0;-330
134707.7;-325
134715.4;-326
134723.1;-321
134730.8;-305
134738.5;-308
134746.2;-288
134753.8;-297
134761.5;-267
134769.2;-298
134776.9;-288
134784.6;-317
134792.3;-303
134800.0;-327
134807.7;-341
134815.4;-339
134823.1;-355
134830.8;-351
134838.5;-342
134846.2;-311
134853.8;-331
134861.5;-285
134869.2;-324
134876.9;-287
134884.6;-291
134892.3;-274
134900.0;-290
134907.7;-288
134915.4;-285
134923.1;-292
134930.8;-277
134938.5;-309
134946.2;-285
134953.8;-326
134961.5;-322
134969.2;-340
134976.9;-341
134984.6;-362
134992.3;-334
135000.0;-362
135007.7;-339
135015.4;-342
135023.1;-335
135030.8;-289
135038.5;-287
135046.2;-254
135053.8;-268
135061.5;-248
135069.2;-267
135076.9;-232
135084.6;-202
135092.3;-96
135100.0;120
135107.7;559
135115.4;1005
135123.1;1411
135130.8;1440
135138.5;733
135146.2;15
135153.8;-360
135161.5;-332
135169.2;-357
135176.9;-374
135184.6;-403
135192.3;-393
135200.0;-395
135207.7;-405
135215.4;-419
135223.1;-371
135230.8;-349
135238.5;-370
135246.2;-329
135253.8;-349
135261.5;-330
135269.2;-353
135276.9;-338
135284.6;-352
135292.3;-334
135300.0;-321
135307.7;-299
135315.4;-304
135323.1;-289
135330.8;-258
135338.5;-266
135346.2;-235
135353.8;-249
135361.5;-212
135369.2;-252
135376.9;-252
135384.6;-297
135392.3;-311
135400.0;-322
135407.7;-329
135415.4;-348
135423.1;-372
135430.8;-373
135438.5;-406
135446.2;-389
135453.8;-410
135461.5;-391
135469.2;-409
135476.9;-372
135484.6;-389
135492.3;-383
135500.0;-390
135507.7;-387
135515.4;-361
135523.1;-367
135530.8;-345
135538.5;-365
135546.2;-327
135553.8;-351
135561.5;-333
135569.2;-353
135576.9;-335
135584.6;-321
135592.3;-313
135600.0;-323
135607.7;-328
135615.4;-323
135623.1;-335
135630.8;-316
135638.5;-321
135646.2;-302
135653.8;-334
135661.5;-324
135669.2;-345
135676.9;-335
135684.6;-355
135692.3;-341
135700.0;-344
135707.7;-344
135715.4;-334
135723.1;-355
135730.8;-341
135738.5;-364
135746.2;-360
135753.8;-380
135761.5;-338
135769.2;-323
135776.9;-225
135784.6;-127
135792.3;197
135800.0;619
135807.7;1047
135815.4;1351
135823.1;1144
135830.8;476
135838.5;-50
135846.2;-228
135853.8;-313
135861.5;-345
135869.2;-427
135876.9;-432
135884.6;-461
135892.3;-469
135900.0;-482
135907.7;-486
135915.4;-475
135923.1;-463
135930.8;-429
135938.5;-419
135946.2;-403
135953.8;-420
135961.5;-352
135969.2;-363
135976.9;-328
135984.6;-341
135992.3;-311
136000.0;-323
136007.7;-298
136015.4;-291
136023.1;-290
136030.8;-274
136038.5;-290
136046.2;-260
136053.8;-294
136061.5;-289
136069.2;-343
136076.9;-356
136084.6;-379
136092.3;-385
136100.0;-430
136107.7;-435
136115.4;-430
136123.1;-440
136130.8;-445
136138.5;-458
136146.2;-415
136153.8;-432
136161.5;-406
136169.2;-443
136176.9;-431
136184.6;-437
136192.3;-439
136200.0;-451
136207.7;-432
136215.4;-423
136223.1;-430
136230.8;-422
136238.5;-439
136246.2;-416
136253.8;-440
136261.5;-406
136269.2;-423
136276.9;-387
136284.6;-412
136292.3;-388
136300.0;-389
136307.7;-391
136315.4;-380
136323.1;-402
136330.8;-385
136338.5;-421
136346.2;-410
136353.8;-420
136361.5;-406
136369.2;-417
136376.9;-389
136384.6;-416
136392.3;-418
136400.0;-431
136407.7;-442
136415.4;-451
136423.1;-441
136430.8;-432
136438.5;-459
136446.2;-432
136453.8;-443
136461.5;-403
136469.2;-422
136476.9;-390
136484.6;-408
136492.3;-388
136500.0;-397
136507.7;-391
136515.4;-390
136523.1;-381
136530.8;-384
136538.5;-400
136546.2;-379
136553.8;-399
136561.5;-381
136569.2;-408
136576.9;-382
136584.6;-392
136592.3;-378
136600.0;-396
136607.7;-399
136615.4;-404
136623.1;-404
136630.8;-397
136638.5;-402
136646.2;-358
136653.8;-360
136661.5;-276
136669.2;-224
136676.9;-10
136684.6;322
136692.3;735
136700.0;1085
136707.7;1290
136715.4;981
136723.1;295
136730.8;-142
136738.5;-307
136746.2;-294
136753.8;-391
136761.5;-403
136769.2;-463
136776.9;-463
136784.6;-491
136792.3;-470
136800.0;-495
136807.7;-480
136815.4;-481
136823.1;-473
136830.8;-453
136838.5;-465
136846.2;-422
136853.8;-437
136861.5;-401
136869.2;-422
136876.9;-383
136884.6;-383
136892.3;-348
136900.0;-329
136907.7;-315
136915.4;-288
136923.1;-287
136930.8;-251
136938.5;-257
136946.2;-232
136953.8;-253
136961.5;-226
136969.2;-265
136976.9;-265
136984.6;-310
136992.3;-326
137000.0;-366
137007.7;-399
137015.4;-415
137023.1;-431
137030.8;-432
137038.5;-456
137046.2;-431
137053.8;-394
137061.5;-370
137069.2;-403
137076.9;-394
137084.6;-407
137092.3;-383
137100.0;-388
137107.7;-379
137115.4;-375
137123.1;-379
137130.8;-359
137138.5;-369
137146.2;-346
137153.8;-375
137161.5;-346
137169.2;-384
137176.9;-360
137184.6;-374
137192.3;-360
137200.0;-376
137207.7;-390
137215.4;-398
137223.1;-411
137230.8;-374
137238.5;-361
137246.2;-333
137253.8;-347
137261.5;-327
137269.2;-366
137276.9;-345
137284.6;-368
137292.3;-369
137300.0;-385
137307.7;-380
137315.4;-368
137323.1;-381
137330.8;-368
137338.5;-386
137346.2;-364
137353.8;-362
137361.5;-325
137369.2;-304
137376.9;-219
137384.6;-128
137392.3;183
137400.0;616
137407.7;1043
137415.4;1391
137423.1;1283
137430.8;597
137438.5;-44
137446.2;-293
137453.8;-290
137461.5;-301
137469.2;-385
137476.9;-402
137484.6;-447
137492.3;-453
137500.0;-472
137507.7;-458
137515.4;-450
137523.1;-447
137530.8;-428
137538.5;-458
137546.2;-445
137553.8;-443
137561.5;-378
137569.2;-387
137576.9;-352
137584.6;-368
137592.3;-331
137600.0;-321
137607.7;-306
137615.4;-291
137623.1;-267
137630.8;-231
137638.5;-233
137646.2;-194
137653.8;-216
137661.5;-226
137669.2;-262
137676.9;-265
137684.6;-312
137692.3;-306
137700.0;-322
137707.7;-330
137715.4;-350
137723.1;-355
137730.8;-364
137738.5;-380
137746.2;-367
137753.8;-408
137761.5;-390
137769.2;-417
137776.9;-401
137784.6;-411
137792.3;-414
137800.0;-426
137807.7;-428
137815.4;-452
137823.1;-414
137830.8;-378
137838.5;-362
137846.2;-325
137853.8;-345
137861.5;-313
137869.2;-341
137876.9;-334
137884.6;-355
137892.3;-337
137900.0;-352
137907.7;-354
137915.4;-358
137923.1;-367
137930.8;-361
137938.5;-377
137946.2;-358
137953.8;-387
137961.5;-362
137969.2;-383
137976.9;-345
137984.6;-352
137992.3;-335
138000.0;-349
138007.7;-338
138015.4;-327
138023.1;-334
138030.8;-322
138038.5;-319
138046.2;-292
138053.8;-292
138061.5;-205
138069.2;-120
138076.9;217
138084.6;629
138092.3;1068
138100.0;1399
138107.7;1293
138115.4;613
138123.1;-24
138130.8;-318
138138.5;-329
138146.2;-308
138153.8;-361
138161.5;-358
138169.2;-424
138176.9;-411
138184.6;-437
138192.3;-420
138200.0;-425
138207.7;-430
138215.4;-432
138223.1;-437
138230.8;-428
138238.5;-440
138246.2;-423
138253.8;-445
138261.5;-413
138269.2;-420
138276.9;-384
138284.6;-391
138292.3;-348
138300.0;-327
138307.7;-299
138315.4;-291
138323.1;-285
138330.8;-266
138338.5;-269
138346.2;-219
138353.8;-253
138361.5;-246
138369.2;-281
138376.9;-295
138384.6;-352
138392.3;-357
138400.0;-375
138407.7;-389
138415.4;-398
138423.1;-417
138430.8;-413
138438.5;-436
138446.2;-417
138453.8;-434
138461.5;-402
138469.2;-417
138476.9;-397
138484.6;-421
138492.3;-423
138500.0;-426
138507.7;-417
138515.4;-409
138523.1;-416
138530.8;-411
138538.5;-425
138546.2;-416
138553.8;-431
138561.5;-402
138569.2;-432
138576.9;-407
138584.6;-399
138592.3;-372
138600.0;-350
138607.7;-327
138615.4;-334
138623.1;-337
138630.8;-325
138638.5;-342
138646.2;-322
138653.8;-351
138661.5;-320
138669.2;-315
138676.9;-273
138684.6;-249
138692.3;-182
138700.0;10
138707.7;369
138715.4;785
138723.1;1175
138730.8;1351
138738.5;1057
138746.2;393
138753.8;-128
138761.5;-294
138769.2;-363
138776.9;-400
138784.6;-445
138792.3;-453
138800.0;-461
138807.7;-451
138815.4;-459
138823.1;-456
138830.8;-436
138838.5;-454
138846.2;-438
138853.8;-465
138861.5;-419
138869.2;-442
138876.9;-430
138884.6;-446
138892.3;-439
138900.0;-424
138907.7;-406
138915.4;-392
138923.1;-387
138930.8;-359
138938.5;-364
138946.2;-338
138953.8;-347
138961.5;-315
138969.2;-327
138976.9;-302
138984.6;-342
138992.3;-345
139000.0;-390
139007.7;-423
139015.4;-392
139023.1;-372
139030.8;-368
139038.5;-394
139046.2;-383
139053.8;-412
139061.5;-401
139069.2;-425
139076.9;-413
139084.6;-437
139092.3;-425
139100.0;-436
139107.7;-441
139115.4;-430
139123.1;-436
139130.8;-406
139138.5;-417
139146.2;-399
139153.8;-414
139161.5;-392
139169.2;-402
139176.9;-378
139184.6;-389
139192.3;-356
139200.0;-308
139207.7;-215
139215.4;-14
139223.1;296
139230.8;679
139238.5;1071
139246.2;1171
139253.8;714
139261.5;56
139269.2;-285
139276.9;-316
139284.6;-360
139292.3;-411
139300.0;-461
139307.7;-478
139315.4;-485
139323.1;-484
139330.8;-478
139338.5;-505
139346.2;-487
139353.8;-518
139361.5;-487
139369.2;-509
139376.9;-501
139384.6;-518
139392.3;-509
139400.0;-485
139407.7;-428
139415.4;-401
139423.1;-395
139430.8;-371
139438.5;-357
139446.2;-331
139453.8;-347
139461.5;-300
139469.2;-307
139476.9;-274
139484.6;-296
139492.3;-309
139500.0;-345
139507.7;-370
139515.4;-405
139523.1;-430
139530.8;-433
139538.5;-467
139546.2;-462
139553.8;-499
139561.5;-471
139569.2;-485
139576.9;-453
139584.6;-462
139592.3;-456
139600.0;-453
139607.7;-416
139615.4;-399
139623.1;-381
139630.8;-351
139638.5;-377
139646.2;-378
139653.8;-402
139661.5;-387
139669.2;-404
139676.9;-365
139684.6;-384
139692.3;-382
139700.0;-398
139707.7;-400
139715.4;-415
139723.1;-421
139730.8;-419
139738.5;-427
139746.2;-403
139753.8;-438
139761.5;-413
139769.2;-427
139776.9;-407
139784.6;-418
139792.3;-410
139800.0;-435
139807.7;-420
139815.4;-417
139823.1;-399
139830.8;-386
139838.5;-417
139846.2;-398
139853.8;-423
139861.5;-415
139869.2;-446
139876.9;-423
139884.6;-436
139892.3;-426
139900.0;-431
139907.7;-420
139915.4;-413
139923.1;-412
139930.8;-385
139938.5;-384
139946.2;-363
139953.8;-362
139961.5;-344
139969.2;-362
139976.9;-326
139984.6;-313
139992.3;-232
140000.0;-123
140007.7;227
140015.4;686
140023.1;1113
140030.8;1397
140038.5;927
140046.2;196
140053.8;-299
140061.5;-376
140069.2;-316
140076.9;-360
140084.6;-380
140092.3;-389
140100.0;-418
140107.7;-414
140115.4;-426
140123.1;-426
140130.8;-416
140138.5;-443
140146.2;-427
140153.8;-463
140161.5;-442
140169.2;-453
140176.9;-417
140184.6;-426
140192.3;-392
140200.0;-391
140207.7;-388
140215.4;-379
140223.1;-377
140230.8;-342
140238.5;-347
140246.2;-305
140253.8;-313
140261.5;-280
140269.2;-291
140276.9;-264
140284.6;-292
140292.3;-292
140300.0;-308
140307.7;-321
140315.4;-340
140323.1;-374
140330.8;-376
140338.5;-409
140346.2;-382
140353.8;-386
140361.5;-356
140369.2;-375
140376.9;-354
140384.6;-362
140392.3;-338
140400.0;-350
140407.7;-343
140415.4;-322
140423.1;-317
140430.8;-303
140438.5;-325
140446.2;-316
140453.8;-334
140461.5;-315
140469.2;-348
140476.9;-345
140484.6;-355
140492.3;-343
140500.0;-362
140507.7;-383
140515.4;-384
140523.1;-391
140530.8;-364
140538.5;-358
140546.2;-337
140553.8;-358
140561.5;-357
140569.2;-359
140576.9;-339
140584.6;-359
140592.3;-358
140600.0;-381
140607.7;-391
140615.4;-395
140623.1;-406
140630.8;-417
140638.5;-431
140646.2;-413
140653.8;-436
140661.5;-414
140669.2;-429
140676.9;-417
140684.6;-442
140692.3;-399
140700.0;-385
140707.7;-371
140715.4;-367
140723.1;-380
140730.8;-338
140738.5;-332
140746.2;-313
140753.8;-339
140761.5;-312
140769.2;-322
140776.9;-291
140784.6;-290
140792.3;-207
140800.0;-97
140807.7;239
140815.4;695
140823.1;1110
140830.8;1383
140838.5;947
140846.2;205
140853.8;-267
140861.5;-317
140869.2;-307
140876.9;-346
140884.6;-390
140892.3;-391
140900.0;-411
140907.7;-420
140915.4;-416
140923.1;-430
140930.8;-414
140938.5;-439
140946.2;-427
140953.8;-446
140961.5;-419
140969.2;-445
140976.9;-416
140984.6;-425
140992.3;-408
141000.0;-403
141007.7;-378
141015.4;-365
141023.1;-366
141030.8;-358
141038.5;-371
141046.2;-353
141053.8;-366
141061.5;-345
141069.2;-361
141076.9;-339
141084.6;-373
141092.3;-373
141100.0;-383
141107.7;-383
141115.4;-392
141123.1;-408
141130.8;-379
141138.5;-380
141146.2;-357
141153.8;-373
141161.5;-346
141169.2;-363
141176.9;-334
141184.6;-362
141192.3;-329
141200.0;-335
141207.7;-334
141215.4;-330
141223.1;-341
141230.8;-341
141238.5;-360
141246.2;-357
141253.8;-404
141261.5;-386
141269.2;-419
141276.9;-382
141284.6;-402
141292.3;-392
141300.0;-397
141307.7;-386
141315.4;-362
141323.1;-334
141330.8;-326
141338.5;-353
141346.2;-346
141353.8;-365
141361.5;-352
141369.2;-386
141376.9;-367
141384.6;-398
141392.3;-390
141400.0;-413
141407.7;-420
141415.4;-443
141423.1;-455
141430.8;-427
141438.5;-450
141446.2;-429
141453.8;-458
141461.5;-426
141469.2;-448
141476.9;-414
141484.6;-426
141492.3;-397
141500.0;-384
141507.7;-338
141515.4;-303
141523.1;-320
141530.8;-297
141538.5;-326
141546.2;-329
141553.8;-368
141561.5;-337
141569.2;-368
141576.9;-362
141584.6;-377
141592.3;-377
141600.0;-392
141607.7;-366
141615.4;-351
141623.1;-324
141630.8;-245
141638.5;-104
141646.2;211
141653.8;572
141661.5;993
141669.2;1267
141676.9;1071
141684.6;364
141692.3;-115
141700.0;-247
141707.7;-276
141715.4;-360
141723.1;-441
141730.8;-447
141738.5;-480
141746.2;-469
141753.8;-492
141761.5;-476
141769.2;-501
141776.9;-482
141784.6;-484
141792.3;-441
141800.0;-443
141807.7;-424
141815.4;-400
141823.1;-395
141830.8;-359
141838.5;-362
141846.2;-340
141853.8;-344
141861.5;-306
141869.2;-310
141876.9;-268
141884.6;-294
141892.3;-264
141900.0;-270
141907.7;-281
141915.4;-291
141923.1;-305
141930.8;-318
141938.5;-345
141946.2;-340
141953.8;-372
141961.5;-359
141969.2;-389
141976.9;-389
141984.6;-420
141992.3;-426
142000.0;-453
142007.7;-442
142015.4;-441
142023.1;-444
142030.8;-431
142038.5;-443
142046.2;-404
142053.8;-419
142061.5;-382
142069.2;-391
142076.9;-349
142084.6;-363
142092.3;-332
142100.0;-339
142107.7;-324
142115.4;-297
142123.1;-248
142130.8;-90
142138.5;172
142146.2;525
142153.8;890
142161.5;1129
142169.2;811
142176.9;206
142184.6;-180
142192.3;-314
142200.0;-347
142207.7;-405
142215.4;-435
142223.1;-444
142230.8;-441
142238.5;-475
142246.2;-471
142253.8;-501
142261.5;-477
142269.2;-493
142276.9;-469
142284.6;-463
142292.3;-428
142300.0;-421
142307.7;-416
142315.4;-392
142323.1;-380
142330.8;-343
142338.5;-328
142346.2;-276
142353.8;-273
142361.5;-238
142369.2;-239
142376.9;-206
142384.6;-206
142392.3;-209
142400.0;-253
142407.7;-287
142415.4;-316
142423.1;-363
142430.8;-378
142438.5;-426
142446.2;-408
142453.8;-440
142461.5;-411
142469.2;-409
142476.9;-382
142484.6;-390
142492.3;-389
142500.0;-381
142507.7;-381
142515.4;-380
142523.1;-369
142530.8;-370
142538.5;-387
142546.2;-362
142553.8;-371
142561.5;-366
142569.2;-391
142576.9;-385
142584.6;-404
142592.3;-396
142600.0;-411
142607.7;-407
142615.4;-401
142623.1;-398
142630.8;-384
142638.5;-384
142646.2;-355
142653.8;-355
142661.5;-323
142669.2;-339
142676.9;-319
142684.6;-345
142692.3;-336
142700.0;-357
142707.7;-352
142715.4;-371
142723.1;-386
142730.8;-381
142738.5;-386
142746.2;-373
142753.8;-398
142761.5;-383
142769.2;-413
142776.9;-392
142784.6;-411
142792.3;-393
142800.0;-381
142807.7;-346
142815.4;-322
142823.1;-318
142830.8;-316
142838.5;-305
142846.2;-284
142853.8;-311
142861.5;-301
142869.2;-327
142876.9;-329
142884.6;-355
142892.3;-349
142900.0;-357
142907.7;-358
142915.4;-348
142923.1;-369
142930.8;-356
142938.5;-355
142946.2;-321
142953.8;-313
142961.5;-215
142969.2;-172
142976.9;73
142984.6;532
142992.3;1020
143000.0;1429
143007.7;1308
143015.4;519
143023.1;-149
143030.8;-344
143038.5;-299
143046.2;-316
143053.8;-383
143061.5;-393
143069.2;-437
143076.9;-421
143084.6;-435
143092.3;-414
143100.0;-411
143107.7;-409
143115.4;-391
143123.1;-398
143130.8;-376
143138.5;-390
143146.2;-363
143153.8;-369
143161.5;-346
143169.2;-367
143176.9;-347
143184.6;-363
143192.3;-323
143200.0;-315
143207.7;-297
143215.4;-255
143223.1;-225
143230.8;-205
143238.5;-203
143246.2;-174
143253.8;-202
143261.5;-181
143269.2;-224
143276.9;-230
143284.6;-275
143292.3;-282
143300.0;-317
143307.7;-338
143315.4;-355
143323.1;-362
143330.8;-351
143338.5;-373
143346.2;-357
143353.8;-382
143361.5;-350
143369.2;-374
143376.9;-342
143384.6;-331
143392.3;-269
143400.0;-256
143407.7;-236
143415.4;-200
143423.1;-130
143430.8;80
143438.5;439
143446.2;928
143453.8;1324
143461.5;1426
143469.2;961
143476.9;230
143484.6;-149
143492.3;-267
143500.0;-337
143507.7;-393
143515.4;-442
143523.1;-465
143530.8;-468
143538.5;-484
143546.2;-456
143553.8;-480
143561.5;-458
143569.2;-473
143576.9;-418
143584.6;-435
143592.3;-410
143600.0;-424
143607.7;-417
143615.4;-417
143623.1;-413
143630.8;-409
143638.5;-397
143646.2;-366
143653.8;-382
143661.5;-332
143669.2;-349
143676.9;-323
143684.6;-305
143692.3;-296
143700.0;-303
143707.7;-298
143715.4;-320
143723.1;-349
143730.8;-354
143738.5;-406
143746.2;-396
143753.8;-435
143761.5;-403
143769.2;-413
143776.9;-393
143784.6;-413
143792.3;-397
143800.0;-401
143807.7;-404
143815.4;-408
143823.1;-405
143830.8;-411
143838.5;-437
143846.2;-399
143853.8;-414
143861.5;-389
143869.2;-392
143876.9;-355
143884.6;-394
143892.3;-375
143900.0;-390
143907.7;-403
143915.4;-400
143923.1;-411
143930.8;-403
143938.5;-423
143946.2;-414
143953.8;-435
143961.5;-397
143969.2;-402
143976.9;-397
143984.6;-425
143992.3;-395
144000.0;-416
144007.7;-406
144015.4;-408
144023.1;-425
144030.8;-398
144038.5;-409
144046.2;-377
144053.8;-405
144061.5;-380
144069.2;-413
144076.9;-395
144084.6;-412
144092.3;-386
144100.0;-403
144107.7;-401
144115.4;-394
144123.1;-403
144130.8;-401
144138.5;-435
144146.2;-427
144153.8;-443
144161.5;-392
144169.2;-407
144176.9;-383
144184.6;-381
144192.3;-359
144200.0;-364
144207.7;-340
144215.4;-331
144223.1;-336
144230.8;-335
144238.5;-364
144246.2;-359
144253.8;-396
144261.5;-365
144269.2;-368
144276.9;-357
144284.6;-364
144292.3;-332
144300.0;-322
144307.7;-259
144315.4;-104
144323.1;189
144330.8;558
144338.5;919
144346.2;1200
144353.8;1045
144361.5;502
144369.2;-5
144376.9;-252
144384.6;-345
144392.3;-339
144400.0;-397
144407.7;-413
144415.4;-446
144423.1;-462
144430.8;-450
144438.5;-484
144446.2;-476
144453.8;-507
144461.5;-477
144469.2;-508
144476.9;-482
144484.6;-499
144492.3;-488
144500.0;-489
144507.7;-476
144515.4;-460
144523.1;-460
144530.8;-435
144538.5;-439
144546.2;-397
144553.8;-390
144561.5;-338
144569.2;-331
144576.9;-294
144584.6;-291
144592.3;-265
144600.0;-278
144607.7;-275
144615.4;-279
144623.1;-307
144630.8;-342
144638.5;-379
144646.2;-370
144653.8;-386
144661.5;-385
144669.2;-420
144676.9;-406
144684.6;-421
144692.3;-412
144700.0;-425
144707.7;-412
144715.4;-410
144723.1;-397
144730.8;-388
144738.5;-399
144746.2;-372
144753.8;-396
144761.5;-375
144769.2;-391
144776.9;-363
144784.6;-399
144792.3;-378
144800.0;-365
144807.7;-358
144815.4;-367
144823.1;-410
144830.8;-403
144838.5;-412
144846.2;-386
144853.8;-405
144861.5;-395
144869.2;-414
144876.9;-401
144884.6;-426
144892.3;-411
144900.0;-413
144907.7;-414
144915.4;-398
144923.1;-394
144930.8;-374
144938.5;-383
144946.2;-370
144953.8;-387
144961.5;-376
144969.2;-404
144976.9;-380
144984.6;-405
144992.3;-362
145000.0;-381
145007.7;-373
145015.4;-391
145023.1;-393
145030.8;-367
145038.5;-381
145046.2;-327
145053.8;-362
145061.5;-330
145069.2;-369
145076.9;-339
145084.6;-341
145092.3;-324
145100.0;-339
145107.7;-315
145115.4;-298
145123.1;-317
145130.8;-310
145138.5;-339
145146.2;-314
145153.8;-341
145161.5;-330
145169.2;-367
145176.9;-353
145184.6;-378
145192.3;-381
145200.0;-383
145207.7;-389
145215.4;-372
145223.1;-342
145230.8;-295
145238.5;-256
145246.2;-191
145253.8;-133
145261.5;172
145269.2;547
145276.9;971
145284.6;1302
145292.3;1249
145300.0;633
145307.7;68
145315.4;-210
145323.1;-270
145330.8;-294
145338.5;-390
145346.2;-402
145353.8;-446
145361.5;-423
145369.2;-443
145376.9;-426
145384.6;-442
145392.3;-422
145400.0;-432
145407.7;-433
145415.4;-427
145423.1;-411
145430.8;-371
145438.5;-341
145446.2;-303
145453.8;-293
145461.5;-261
145469.2;-268
145476.9;-243
145484.6;-253
145492.3;-213
145500.0;-231
145507.7;-215
145515.4;-215
145523.1;-210
145530.8;-189
145538.5;-194
145546.2;-180
145553.8;-222
145561.5;-218
145569.2;-257
145576.9;-254
145584.6;-272
145592.3;-266
145600.0;-299
145607.7;-302
145615.4;-298
145623.1;-319
145630.8;-307
145638.5;-301
145646.2;-268
145653.8;-287
145661.5;-290
145669.2;-298
145676.9;-282
145684.6;-299
145692.3;-288
145700.0;-304
145707.7;-287
145715.4;-301
145723.1;-295
145730.8;-269
145738.5;-283
145746.2;-261
145753.8;-286
145761.5;-279
145769.2;-288
145776.9;-265
145784.6;-258
145792.3;-182
145800.0;-119
145807.7;124
145815.4;524
145823.1;912
145830.8;1277
145838.5;1204
145846.2;581
145853.8;-38
145861.5;-305
145869.2;-289
145876.9;-264
145884.6;-322
145892.3;-303
145900.0;-344
145907.7;-342
145915.4;-346
145923.1;-350
145930.8;-355
145938.5;-363
145946.2;-342
145953.8;-356
145961.5;-333
145969.2;-351
145976.9;-312
145984.6;-297
145992.3;-239
146000.0;-231
146007.7;-207
146015.4;-187
146023.1;-168
146030.8;-139
146038.5;-136
146046.2;-102
146053.8;-106
146061.5;-88
146069.2;-130
146076.9;-149
146084.6;-203
146092.3;-224
146100.0;-273
146107.7;-313
146115.4;-324
146123.1;-329
146130.8;-334
146138.5;-352
146146.2;-333
146153.8;-347
146161.5;-331
146169.2;-330
146176.9;-289
146184.6;-305
146192.3;-289
146200.0;-290
146207.7;-303
146215.4;-305
146223.1;-312
146230.8;-300
146238.5;-304
146246.2;-291
146253.8;-305
146261.5;-302
146269.2;-324
146276.9;-291
146284.6;-307
146292.3;-300
146300.0;-316
146307.7;-318
146315.4;-320
146323.1;-321
146330.8;-315
146338.5;-326
146346.2;-293
146353.8;-305
146361.5;-295
146369.2;-323
146376.9;-311
146384.6;-333
146392.3;-331
146400.0;-349
146407.7;-342
146415.4;-343
146423.1;-355
146430.8;-339
146438.5;-338
146446.2;-320
146453.8;-354
146461.5;-331
146469.2;-346
146476.9;-334
146484.6;-362
146492.3;-346
146500.0;-347
146507.7;-334
146515.4;-325
146523.1;-330
146530.8;-306
146538.5;-305
146546.2;-257
146553.8;-287
146561.5;-258
146569.2;-282
146576.9;-269
146584.6;-300
146592.3;-280
146600.0;-295
146607.7;-264
146615.4;-275
146623.1;-242
146630.8;-169
146638.5;-8
146646.2;414
146653.8;853
146661.5;1318
146669.2;1383
146676.9;745
146684.6;-20
146692.3;-329
146700.0;-295
146707.7;-290
146715.4;-316
146723.1;-332
146730.8;-335
146738.5;-378
146746.2;-374
146753.8;-400
146761.5;-398
146769.2;-445
146776.9;-410
146784.6;-441
146792.3;-422
146800.0;-434
146807.7;-421
146815.4;-410
146823.1;-394
146830.8;-371
146838.5;-375
146846.2;-350
146853.8;-366
146861.5;-326
146869.2;-325
146876.9;-269
146884.6;-250
146892.3;-224
146900.0;-260
146907.7;-249
146915.4;-250
146923.1;-276
146930.8;-285
146938.5;-326
146946.2;-339
146953.8;-379
146961.5;-368
146969.2;-396
146976.9;-358
146984.6;-381
146992.3;-366
147000.0;-358
147007.7;-351
147015.4;-336
147023.1;-322
147030.8;-312
147038.5;-331
147046.2;-300
147053.8;-318
147061.5;-259
147069.2;-282
147076.9;-272
147084.6;-299
147092.3;-285
147100.0;-291
147107.7;-299
147115.4;-305
147123.1;-319
147130.8;-339
147138.5;-365
147146.2;-357
147153.8;-360
147161.5;-335
147169.2;-349
147176.9;-304
147184.6;-334
147192.3;-332
147200.0;-344
147207.7;-328
147215.4;-332
147223.1;-349
147230.8;-363
147238.5;-374
147246.2;-336
147253.8;-313
147261.5;-300
147269.2;-322
147276.9;-320
147284.6;-329
147292.3;-326
147300.0;-301
147307.7;-229
147315.4;-80
147323.1;286
147330.8;735
147338.5;1144
147346.2;1390
147353.8;1049
147361.5;352
147369.2;-78
147376.9;-201
147384.6;-263
147392.3;-324
147400.0;-362
147407.7;-380
147415.4;-399
147423.1;-416
147430.8;-390
147438.5;-408
147446.2;-391
147453.8;-421
147461.5;-388
147469.2;-399
147476.9;-339
147484.6;-369
147492.3;-325
147500.0;-321
147507.7;-305
147515.4;-309
147523.1;-302
147530.8;-292
147538.5;-299
147546.2;-274
147553.8;-285
147561.5;-245
147569.2;-268
147576.9;-250
147584.6;-298
147592.3;-305
147600.0;-338
147607.7;-350
147615.4;-362
147623.1;-361
147630.8;-318
147638.5;-336
147646.2;-317
147653.8;-324
147661.5;-318
147669.2;-345
147676.9;-340
147684.6;-362
147692.3;-363
147700.0;-389
147707.7;-375
147715.4;-368
147723.1;-398
147730.8;-384
147738.5;-400
147746.2;-382
147753.8;-397
147761.5;-369
147769.2;-383
147776.9;-337
147784.6;-346
147792.3;-322
147800.0;-321
147807.7;-307
147815.4;-318
147823.1;-306
147830.8;-274
147838.5;-298
147846.2;-293
147853.8;-317
147861.5;-298
147869.2;-331
147876.9;-308
147884.6;-340
147892.3;-331
147900.0;-332
147907.7;-325
147915.4;-315
147923.1;-309
147930.8;-252
147938.5;-214
147946.2;-97
147953.8;181
147961.5;649
147969.2;1055
147976.9;1358
147984.6;1076
147992.3;363
148000.0;-105
148007.7;-245
148015.4;-255
148023.1;-286
148030.8;-309
148038.5;-354
148046.2;-351
148053.8;-378
148061.5;-360
148069.2;-380
148076.9;-372
148084.6;-386
148092.3;-360
148100.0;-369
148107.7;-354
148115.4;-350
148123.1;-332
148130.8;-308
148138.5;-328
148146.2;-295
148153.8;-315
148161.5;-278
148169.2;-283
148176.9;-250
148184.6;-252
148192.3;-218
148200.0;-211
148207.7;-175
148215.4;-152
148223.1;-168
148230.8;-208
148238.5;-260
148246.2;-266
148253.8;-296
148261.5;-287
148269.2;-325
148276.9;-322
148284.6;-356
148292.3;-342
148300.0;-359
148307.7;-355
148315.4;-376
148323.1;-391
148330.8;-374
148338.5;-403
148346.2;-384
148353.8;-413
148361.5;-398
148369.2;-427
148376.9;-402
148384.6;-424
148392.3;-398
148400.0;-373
148407.7;-317
148415.4;-275
148423.1;-291
148430.8;-280
148438.5;-284
148446.2;-265
148453.8;-292
148461.5;-284
148469.2;-308
148476.9;-285
148484.6;-328
148492.3;-311
148500.0;-321
148507.7;-333
148515.4;-332
148523.1;-336
148530.8;-339
148538.5;-367
148546.2;-361
148553.8;-367
148561.5;-348
148569.2;-369
148576.9;-339
148584.6;-367
148592.3;-335
148600.0;-349
148607.7;-312
148615.4;-285
148623.1;-253
148630.8;-254
148638.5;-288
148646.2;-275
148653.8;-291
148661.5;-276
148669.2;-299
148676.9;-290
148684.6;-313
148692.3;-299
148700.0;-315
148707.7;-307
148715.4;-308
148723.1;-317
148730.8;-313
148738.5;-341
148746.2;-332
148753.8;-349
148761.5;-310
148769.2;-314
148776.9;-278
148784.6;-262
148792.3;-181
148800.0;-53
148807.7;342
148815.4;851
148823.1;1337
148830.8;1600
148838.5;1026
148846.2;214
148853.8;-261
148861.5;-261
148869.2;-216
148876.9;-235
148884.6;-299
148892.3;-294
148900.0;-315
148907.7;-320
148915.4;-333
148923.1;-347
148930.8;-336
148938.5;-351
148946.2;-336
148953.8;-362
148961.5;-323
148969.2;-352
148976.9;-319
148984.6;-325
148992.3;-289
149000.0;-268
149007.7;-219
149015.4;-196
149023.1;-182
149030.8;-146
149038.5;-155
149046.2;-122
149053.8;-122
149061.5;-87
149069.2;-123
149076.9;-118
149084.6;-169
149092.3;-186
149100.0;-241
149107.7;-269
149115.4;-309
149123.1;-327
149130.8;-327
149138.5;-355
149146.2;-351
149153.8;-359
149161.5;-332
149169.2;-363
149176.9;-322
149184.6;-323
149192.3;-275
149200.0;-258
149207.7;-226
149215.4;-210
149223.1;-205
149230.8;-175
149238.5;-195
149246.2;-180
149253.8;-217
149261.5;-193
149269.2;-221
149276.9;-204
149284.6;-231
149292.3;-237
149300.0;-259
149307.7;-273
149315.4;-255
149323.1;-272
149330.8;-274
149338.5;-281
149346.2;-265
149353.8;-270
149361.5;-249
149369.2;-241
149376.9;-160
149384.6;-81
149392.3;263
149400.0;722
149407.7;1211
149415.4;1539
149423.1;1266
149430.8;528
149438.5;-84
149446.2;-298
149453.8;-280
149461.5;-285
149469.2;-366
149476.9;-386
149484.6;-420
149492.3;-407
149500.0;-412
149507.7;-403
149515.4;-411
149523.1;-409
149530.8;-402
149538.5;-404
149546.2;-368
149553.8;-382
149561.5;-347
149569.2;-357
149576.9;-317
149584.6;-321
149592.3;-301
149600.0;-299
149607.7;-293
149615.4;-281
149623.1;-266
149630.8;-223
149638.5;-218
149646.2;-191
149653.8;-198
149661.5;-170
149669.2;-212
149676.9;-211
149684.6;-250
149692.3;-257
149700.0;-283
149707.7;-297
149715.4;-315
149723.1;-324
149730.8;-348
149738.5;-365
149746.2;-345
149753.8;-371
149761.5;-366
149769.2;-389
149776.9;-369
149784.6;-409
149792.3;-398
149800.0;-398
149807.7;-397
149815.4;-409
149823.1;-394
149830.8;-389
149838.5;-383
149846.2;-353
149853.8;-387
149861.5;-363
149869.2;-388
149876.9;-393
149884.6;-431
149892.3;-413
149900.0;-457
149907.7;-460
149915.4;-476
149923.1;-454
149930.8;-413
149938.5;-281
149946.2;49
149953.8;428
149961.5;879
149969.2;1090
149976.9;816
149984.6;117
149992.3;-284
150000.0;-527
150007.7;-592
150015.4;-602
150023.1;-624
150030.8;-614
150038.5;-631
150046.2;-614
150053.8;-642
150061.5;-617
150069.2;-633
150076.9;-599
150084.6;-606
150092.3;-578
150100.0;-582
150107.7;-565
150115.4;-548
150123.1;-534
150130.8;-512
150138.5;-503
150146.2;-463
150153.8;-468
150161.5;-429
150169.2;-412
150176.9;-366
150184.6;-368
150192.3;-323
150200.0;-316
150207.7;-299
150215.4;-280
150223.1;-280
150230.8;-286
150238.5;-310
150246.2;-293
150253.8;-337
150261.5;-332
150269.2;-371
150276.9;-356
150284.6;-395
150292.3;-392
150300.0;-400
150307.7;-398
150315.4;-389
150323.1;-388
150330.8;-371
150338.5;-383
150346.2;-368
150353.8;-365
150361.5;-348
150369.2;-382
150376.9;-368
150384.6;-398
150392.3;-368
150400.0;-384
150407.7;-360
150415.4;-344
150423.1;-332
150430.8;-324
150438.5;-316
150446.2;-286
150453.8;-303
150461.5;-288
150469.2;-323
150476.9;-299
150484.6;-318
150492.3;-299
150500.0;-320
150507.7;-324
150515.4;-320
150523.1;-308
150530.8;-285
150538.5;-308
150546.2;-303
150553.8;-336
150561.5;-302
150569.2;-346
150576.9;-311
150584.6;-338
150592.3;-329
150600.0;-343
150607.7;-329
150615.4;-333
150623.1;-311
150630.8;-277
150638.5;-271
150646.2;-241
150653.8;-274
150661.5;-257
150669.2;-274
150676.9;-260
150684.6;-281
150692.3;-253
150700.0;-255
150707.7;-262
150715.4;-266
150723.1;-277
150730.8;-274
150738.5;-297
150746.2;-265
150753.8;-286
150761.5;-270
150769.2;-282
150776.9;-263
150784.6;-267
150792.3;-241
150800.0;-225
150807.7;-167
150815.4;-105
150823.1;93
150830.8;501
150838.5;923
150846.2;1360
150853.8;1502
150861.5;1020
150869.2;292
150876.9;-82
150884.6;-160
150892.3;-150
150900.0;-235
150907.7;-252
150915.4;-281
150923.1;-303
150930.8;-309
150938.5;-337
150946.2;-324
150953.8;-350
150961.5;-338
150969.2;-356
150976.9;-341
150984.6;-356
150992.3;-326
151000.0;-333
151007.7;-328
151015.4;-314
151023.1;-270
151030.8;-240
151038.5;-233
151046.2;-194
151053.8;-196
151061.5;-146
151069.2;-150
151076.9;-76
151084.6;-48
151092.3;-25
151100.0;-39
151107.7;-58
151115.4;-77
151123.1;-111
151130.8;-126
151138.5;-154
151146.2;-179
151153.8;-222
151161.5;-217
151169.2;-247
151176.9;-237
151184.6;-283
151192.3;-274
151200.0;-289
151207.7;-274
151215.4;-269
151223.1;-266
151230.8;-250
151238.5;-257
151246.2;-228
151253.8;-224
151261.5;-176
151269.2;-180
151276.9;-155
151284.6;-172
151292.3;-171
151300.0;-198
151307.7;-182
151315.4;-178
151323.1;-181
151330.8;-189
151338.5;-217
151346.2;-219
151353.8;-254
151361.5;-249
151369.2;-273
151376.9;-256
151384.6;-264
151392.3;-233
151400.0;-248
151407.7;-230
151415.4;-238
151423.1;-221
151430.8;-187
151438.5;-197
151446.2;-184
151453.8;-203
151461.5;-182
151469.2;-198
151476.9;-171
151484.6;-189
151492.3;-178
151500.0;-201
151507.7;-208
151515.4;-211
151523.1;-222
151530.8;-218
151538.5;-225
151546.2;-205
151553.8;-204
151561.5;-142
151569.2;-108
151576.9;96
151584.6;429
151592.3;847
151600.0;1208
151607.7;1393
151615.4;979
151623.1;341
151630.8;7
151638.5;-111
151646.2;-126
151653.8;-218
151661.5;-236
151669.2;-281
151676.9;-281
151684.6;-322
151692.3;-301
151700.0;-320
151707.7;-314
151715.4;-319
151723.1;-300
151730.8;-285
151738.5;-297
151746.2;-264
151753.8;-292
151761.5;-250
151769.2;-257
151776.9;-207
151784.6;-208
151792.3;-166
151800.0;-157
151807.7;-116
151815.4;-109
151823.1;-99
151830.8;-69
151838.5;-82
151846.2;-50
151853.8;-81
151861.5;-78
151869.2;-120
151876.9;-118
151884.6;-176
151892.3;-193
151900.0;-215
151907.7;-229
151915.4;-241
151923.1;-244
151930.8;-237
151938.5;-253
151946.2;-242
151953.8;-271
151961.5;-258
151969.2;-293
151976.9;-258
151984.6;-257
151992.3;-233
152000.0;-260
152007.7;-246
152015.4;-231
152023.1;-241
152030.8;-238
152038.5;-248
152046.2;-226
152053.8;-237
152061.5;-215
152069.2;-231
152076.9;-209
152084.6;-211
152092.3;-194
152100.0;-222
152107.7;-230
152115.4;-248
152123.1;-239
152130.8;-244
152138.5;-264
152146.2;-237
152153.8;-260
152161.5;-233
152169.2;-244
152176.9;-192
152184.6;-189
152192.3;-174
152200.0;-203
152207.7;-196
152215.4;-198
152223.1;-219
152230.8;-187
152238.5;-202
152246.2;-167
152253.8;-194
152261.5;-164
152269.2;-200
152276.9;-188
152284.6;-212
152292.3;-193
152300.0;-212
152307.7;-223
152315.4;-228
152323.1;-246
152330.8;-233
152338.5;-267
152346.2;-240
152353.8;-254
152361.5;-213
152369.2;-223
152376.9;-149
152384.6;-43
152392.3;214
152400.0;676
152407.7;1171
152415.4;1594
152423.1;1649
152430.8;996
152438.5;216
152446.2;-117
152453.8;-149
152461.5;-122
152469.2;-211
152476.9;-209
152484.6;-267
152492.3;-257
152500.0;-281
152507.7;-285
152515.4;-305
152523.1;-308
152530.8;-296
152538.5;-304
152546.2;-286
152553.8;-295
152561.5;-267
152569.2;-277
152576.9;-245
152584.6;-247
152592.3;-199
152600.0;-207
152607.7;-188
152615.4;-178
152623.1;-166
152630.8;-151
152638.5;-148
152646.2;-118
152653.8;-137
152661.5;-128
152669.2;-173
152676.9;-174
152684.6;-207
152692.3;-210
152700.0;-219
152707.7;-236
152715.4;-252
152723.1;-260
152730.8;-258
152738.5;-282
152746.2;-260
152753.8;-268
152761.5;-215
152769.2;-236
152776.9;-219
152784.6;-230
152792.3;-203
152800.0;-218
152807.7;-216
152815.4;-227
152823.1;-220
152830.8;-204
152838.5;-212
152846.2;-194
152853.8;-215
152861.5;-199
152869.2;-240
152876.9;-221
152884.6;-255
152892.3;-256
152900.0;-266
152907.7;-270
152915.4;-286
152923.1;-288
152930.8;-267
152938.5;-255
152946.2;-250
152953.8;-260
152961.5;-240
152969.2;-257
152976.9;-241
152984.6;-283
152992.3;-257
153000.0;-260
153007.7;-242
153015.4;-244
153023.1;-206
153030.8;-130
153038.5;57
153046.2;472
153053.8;932
153061.5;1369
153069.2;1412
153076.9;868
153084.6;128
153092.3;-203
153100.0;-262
153107.7;-289
153115.4;-332
153123.1;-347
153130.8;-347
153138.5;-376
153146.2;-360
153153.8;-393
153161.5;-360
153169.2;-376
153176.9;-376
153184.6;-396
153192.3;-386
153200.0;-401
153207.7;-387
153215.4;-384
153223.1;-374
153230.8;-356
153238.5;-352
153246.2;-316
153253.8;-322
153261.5;-282
153269.2;-286
153276.9;-247
153284.6;-255
153292.3;-211
153300.0;-216
153307.7;-211
153315.4;-252
153323.1;-284
153330.8;-319
153338.5;-355
153346.2;-359
153353.8;-404
153361.5;-399
153369.2;-424
153376.9;-396
153384.6;-422
153392.3;-405
153400.0;-419
153407.7;-415
153415.4;-423
153423.1;-432
153430.8;-418
153438.5;-444
153446.2;-419
153453.8;-432
153461.5;-405
153469.2;-399
153476.9;-369
153484.6;-358
153492.3;-333
153500.0;-345
153507.7;-347
153515.4;-362
153523.1;-380
153530.8;-387
153538.5;-405
153546.2;-397
153553.8;-424
153561.5;-398
153569.2;-424
153576.9;-407
153584.6;-419
153592.3;-413
153600.0;-419
153607.7;-428
153615.4;-424
153623.1;-436
153630.8;-417
153638.5;-416
153646.2;-393
153653.8;-383
153661.5;-370
153669.2;-414
153676.9;-386
153684.6;-398
153692.3;-379
153700.0;-389
153707.7;-402
153715.4;-412
153723.1;-410
153730.8;-410
153738.5;-427
153746.2;-397
153753.8;-418
153761.5;-397
153769.2;-429
153776.9;-398
153784.6;-414
153792.3;-385
153800.0;-390
153807.7;-369
153815.4;-358
153823.1;-360
153830.8;-338
153838.5;-356
153846.2;-305
153853.8;-270
153861.5;-186
153869.2;-117
153876.9;171
153884.6;528
153892.3;973
153900.0;1300
153907.7;1274
153915.4;676
153923.1;144
153930.8;-132
153938.5;-226
153946.2;-266
153953.8;-374
153961.5;-356
153969.2;-406
153976.9;-398
153984.6;-446
153992.3;-429
154000.0;-448
154007.7;-461
154015.4;-447
154023.1;-420
154030.8;-394
154038.5;-408
154046.2;-383
154053.8;-392
154061.5;-359
154069.2;-361
154076.9;-309
154084.6;-314
154092.3;-275
154100.0;-258
154107.7;-235
154115.4;-213
154123.1;-178
154130.8;-147
154138.5;-159
154146.2;-154
154153.8;-198
154161.5;-192
154169.2;-227
154176.9;-236
154184.6;-287
154192.3;-299
154200.0;-330
154207.7;-315
154215.4;-303
154223.1;-289
154230.8;-278
154238.5;-296
154246.2;-285
154253.8;-297
154261.5;-264
154269.2;-301
154276.9;-272
154284.6;-295
154292.3;-273
154300.0;-301
154307.7;-296
154315.4;-312
154323.1;-315
154330.8;-308
154338.5;-304
154346.2;-268
154353.8;-275
154361.5;-241
154369.2;-275
154376.9;-252
154384.6;-290
154392.3;-261
154400.0;-249
154407.7;-242
154415.4;-233
154423.1;-246
154430.8;-259
154438.5;-256
154446.2;-223
154453.8;-266
154461.5;-263
154469.2;-292
154476.9;-292
154484.6;-331
154492.3;-311
154500.0;-306
154507.7;-268
154515.4;-251
154523.1;-239
154530.8;-225
154538.5;-210
154546.2;-111
154553.8;91
154561.5;536
154569.2;1025
154576.9;1434
154584.6;1633
154592.3;1285
154600.0;439
154607.7;-67
154615.4;-158
154623.1;-193
154630.8;-263
154638.5;-303
154646.2;-308
154653.8;-338
154661.5;-343
154669.2;-362
154676.9;-352
154684.6;-373
154692.3;-355
154700.0;-356
154707.7;-347
154715.4;-338
154723.1;-327
154730.8;-288
154738.5;-279
154746.2;-256
154753.8;-267
154761.5;-224
154769.2;-243
154776.9;-167
154784.6;-156
154792.3;-136
154800.0;-144
154807.7;-138
154815.4;-130
154823.1;-140
154830.8;-149
154838.5;-175
154846.2;-185
154853.8;-235
154861.5;-252
154869.2;-291
154876.9;-287
154884.6;-334
154892.3;-300
154900.0;-304
154907.7;-287
154915.4;-288
154923.1;-299
154930.8;-289
154938.5;-288
154946.2;-289
154953.8;-283
154961.5;-246
154969.2;-266
154976.9;-231
154984.6;-236
154992.3;-221
155000.0;-228
155007.7;-191
155015.4;-161
155023.1;-61
155030.8;270
155038.5;695
155046.2;1181
155053.8;1498
155061.5;1434
155069.2;703
155076.9;101
155084.6;-162
155092.3;-219
155100.0;-301
155107.7;-364
155115.4;-387
155123.1;-408
155130.8;-400
155138.5;-420
155146.2;-402
155153.8;-414
155161.5;-387
155169.2;-405
155176.9;-381
155184.6;-392
155192.3;-367
155200.0;-375
155207.7;-371
155215.4;-352
155223.1;-346
155230.8;-309
155238.5;-309
155246.2;-289
155253.8;-299
155261.5;-273
155269.2;-299
155276.9;-266
155284.6;-260
155292.3;-237
155300.0;-253
155307.7;-254
155315.4;-262
155323.1;-260
155330.8;-268
155338.5;-297
155346.2;-290
155353.8;-325
155361.5;-320
155369.2;-339
155376.9;-317
155384.6;-339
155392.3;-314
155400.0;-340
155407.7;-335
155415.4;-354
155423.1;-348
155430.8;-355
155438.5;-366
155446.2;-353
155453.8;-387
155461.5;-373
155469.2;-405
155476.9;-382
155484.6;-396
155492.3;-356
155500.0;-356
155507.7;-330
155515.4;-345
155523.1;-332
155530.8;-333
155538.5;-346
155546.2;-311
155553.8;-317
155561.5;-285
155569.2;-331
155576.9;-306
155584.6;-338
155592.3;-301
155600.0;-308
155607.7;-302
155615.4;-296
155623.1;-299
155630.8;-257
155638.5;-209
155646.2;-20
155653.8;340
155661.5;779
155669.2;1112
155676.9;1345
155684.6;959
155692.3;305
155700.0;-161
155707.7;-299
155715.4;-299
155723.1;-379
155730.8;-414
155738.5;-458
155746.2;-447
155753.8;-480
155761.5;-456
155769.2;-487
155776.9;-468
155784.6;-493
155792.3;-475
155800.0;-491
155807.7;-481
155815.4;-482
155823.1;-479
155830.8;-452
155838.5;-457
155846.2;-405
155853.8;-395
155861.5;-359
155869.2;-371
155876.9;-342
155884.6;-351
155892.3;-316
155900.0;-318
155907.7;-294
155915.4;-319
155923.1;-320
155930.8;-334
155938.5;-376
155946.2;-388
155953.8;-430
155961.5;-420
155969.2;-450
155976.9;-421
155984.6;-453
155992.3;-423
156000.0;-437
156007.7;-428
156015.4;-429
156023.1;-413
156030.8;-399
156038.5;-404
156046.2;-365
156053.8;-377
156061.5;-344
156069.2;-363
156076.9;-329
156084.6;-346
156092.3;-306
156100.0;-336
156107.7;-340
156115.4;-359
156123.1;-391
156130.8;-381
156138.5;-412
156146.2;-397
156153.8;-422
156161.5;-401
156169.2;-429
156176.9;-401
156184.6;-416
156192.3;-390
156200.0;-399
156207.7;-399
156215.4;-395
156223.1;-390
156230.8;-380
156238.5;-395
156246.2;-373
156253.8;-407
156261.5;-380
156269.2;-389
156276.9;-368
156284.6;-373
156292.3;-320
156300.0;-325
156307.7;-336
156315.4;-336
156323.1;-339
156330.8;-309
156338.5;-260
156346.2;-106
156353.8;162
156361.5;556
156369.2;901
156376.9;1182
156384.6;1090
156392.3;568
156400.0;94
156407.7;-172
156415.4;-297
156423.1;-332
156430.8;-399
156438.5;-438
156446.2;-435
156453.8;-470
156461.5;-456
156469.2;-498
156476.9;-476
156484.6;-501
156492.3;-486
156500.0;-489
156507.7;-482
156515.4;-473
156523.1;-480
156530.8;-469
156538.5;-473
156546.2;-445
156553.8;-455
156561.5;-406
156569.2;-398
156576.9;-347
156584.6;-352
156592.3;-321
156600.0;-313
156607.7;-282
156615.4;-265
156623.1;-259
156630.8;-249
156638.5;-289
156646.2;-291
156653.8;-342
156661.5;-337
156669.2;-372
156676.9;-370
156684.6;-408
156692.3;-412
156700.0;-434
156707.7;-428
156715.4;-439
156723.1;-440
156730.8;-414
156738.5;-428
156746.2;-411
156753.8;-416
156761.5;-380
156769.2;-395
156776.9;-361
156784.6;-372
156792.3;-357
156800.0;-366
156807.7;-364
156815.4;-354
156823.1;-356
156830.8;-356
156838.5;-375
156846.2;-362
156853.8;-393
156861.5;-379
156869.2;-405
156876.9;-361
156884.6;-378
156892.3;-365
156900.0;-370
156907.7;-355
156915.4;-365
156923.1;-367
156930.8;-336
156938.5;-338
156946.2;-334
156953.8;-360
156961.5;-333
156969.2;-350
156976.9;-325
156984.6;-327
156992.3;-303
157000.0;-330
157007.7;-331
157015.4;-330
157023.1;-328
157030.8;-330
157038.5;-336
157046.2;-299
157053.8;-251
157061.5;-111
157069.2;165
157076.9;612
157084.6;1062
157092.3;1470
157100.0;1487
157107.7;930
157115.4;206
157123.1;-168
157130.8;-234
157138.5;-266
157146.2;-292
157153.8;-337
157161.5;-333
157169.2;-385
157176.9;-375
157184.6;-407
157192.3;-402
157200.0;-403
157207.7;-407
157215.4;-417
157223.1;-425
157230.8;-414
157238.5;-443
157246.2;-404
157253.8;-386
157261.5;-357
157269.2;-354
157276.9;-319
157284.6;-319
157292.3;-294
157300.0;-287
157307.7;-266
157315.4;-270
157323.1;-248
157330.8;-236
157338.5;-234
157346.2;-203
157353.8;-231
157361.5;-217
157369.2;-252
157376.9;-252
157384.6;-306
157392.3;-293
157400.0;-318
157407.7;-326
157415.4;-328
157423.1;-339
157430.8;-330
157438.5;-339
157446.2;-324
157453.8;-324
157461.5;-288
157469.2;-296
157476.9;-268
157484.6;-273
157492.3;-242
157500.0;-256
157507.7;-238
157515.4;-234
157523.1;-240
157530.8;-239
157538.5;-240
157546.2;-237
157553.8;-259
157561.5;-234
157569.2;-247
157576.9;-228
157584.6;-253
157592.3;-234
157600.0;-253
157607.7;-253
157615.4;-275
157623.1;-294
157630.8;-297
157638.5;-295
157646.2;-304
157653.8;-316
157661.5;-303
157669.2;-325
157676.9;-288
157684.6;-308
157692.3;-288
157700.0;-314
157707.7;-316
157715.4;-325
157723.1;-301
157730.8;-277
157738.5;-280
157746.2;-264
157753.8;-277
157761.5;-236
157769.2;-224
157776.9;-130
157784.6;25
157792.3;411
157800.0;862
157807.7;1307
157815.4;1487
157823.1;1046
157830.8;320
157838.5;-135
157846.2;-253
157853.8;-283
157861.5;-333
157869.2;-389
157876.9;-382
157884.6;-394
157892.3;-378
157900.0;-399
157907.7;-391
157915.4;-385
157923.1;-374
157930.8;-367
157938.5;-375
157946.2;-344
157953.8;-363
157961.5;-322
157969.2;-332
157976.9;-303
157984.6;-319
157992.3;-287
158000.0;-300
158007.7;-294
158015.4;-294
158023.1;-311
158030.8;-302
158038.5;-296
158046.2;-255
158053.8;-286
158061.5;-270
158069.2;-300
158076.9;-299
158084.6;-344
158092.3;-324
158100.0;-345
158107.7;-334
158115.4;-344
158123.1;-352
158130.8;-342
158138.5;-361
158146.2;-351
158153.8;-381
158161.5;-354
158169.2;-377
158176.9;-343
158184.6;-365
158192.3;-348
158200.0;-364
158207.7;-353
158215.4;-358
158223.1;-353
158230.8;-339
158238.5;-330
158246.2;-316
158253.8;-330
158261.5;-307
158269.2;-300
158276.9;-200
158284.6;-69
158292.3;234
158300.0;588
158307.7;987
158315.4;1129
158323.1;783
158330.8;219
158338.5;-115
158346.2;-249
158353.8;-304
158361.5;-361
158369.2;-431
158376.9;-440
158384.6;-468
158392.3;-454
158400.0;-474
158407.7;-462
158415.4;-461
158423.1;-464
158430.8;-448
158438.5;-443
158446.2;-422
158453.8;-427
158461.5;-401
158469.2;-406
158476.9;-372
158484.6;-382
158492.3;-361
158500.0;-370
158507.7;-335
158515.4;-331
158523.1;-332
158530.8;-299
158538.5;-291
158546.2;-275
158553.8;-313
158561.5;-313
158569.2;-361
158576.9;-357
158584.6;-407
158592.3;-409
158600.0;-428
158607.7;-416
158615.4;-422
158623.1;-423
158630.8;-421
158638.5;-424
158646.2;-415
158653.8;-442
158661.5;-419
158669.2;-439
158676.9;-415
158684.6;-434
158692.3;-416
158700.0;-433
158707.7;-425
158715.4;-425
158723.1;-414
158730.8;-406
158738.5;-417
158746.2;-410
158753.8;-430
158761.5;-410
158769.2;-423
158776.9;-416
158784.6;-427
158792.3;-421
158800.0;-449
158807.7;-445
158815.4;-442
158823.1;-446
158830.8;-434
158838.5;-438
158846.2;-420
158853.8;-447
158861.5;-454
158869.2;-475
158876.9;-453
158884.6;-471
158892.3;-431
158900.0;-450
158907.7;-447
158915.4;-456
158923.1;-451
158930.8;-447
158938.5;-459
158946.2;-420
158953.8;-436
158961.5;-420
158969.2;-462
158976.9;-456
158984.6;-477
158992.3;-456
159000.0;-491
159007.7;-473
159015.4;-478
159023.1;-488
159030.8;-490
159038.5;-497
159046.2;-465
159053.8;-453
159061.5;-416
159069.2;-430
159076.9;-396
159084.6;-418
159092.3;-401
159100.0;-405
159107.7;-373
159115.4;-378
159123.1;-366
159130.8;-363
159138.5;-383
159146.2;-370
159153.8;-390
159161.5;-360
159169.2;-391
159176.9;-374
159184.6;-400
159192.3;-383
159200.0;-385
159207.7;-354
159215.4;-344
159223.1;-295
159230.8;-194
159238.5;68
159246.2;525
159253.8;930
159261.5;1283
159269.2;1036
159276.9;318
159284.6;-177
159292.3;-276
159300.0;-277
159307.7;-337
159315.4;-401
159323.1;-435
159330.8;-440
159338.5;-472
159346.2;-443
159353.8;-466
159361.5;-443
159369.2;-483
159376.9;-449
159384.6;-449
159392.3;-436
159400.0;-437
159407.7;-423
159415.4;-400
159423.1;-379
159430.8;-361
159438.5;-354
159446.2;-327
159453.8;-330
159461.5;-288
159469.2;-319
159476.9;-275
159484.6;-290
159492.3;-252
159500.0;-248
159507.7;-224
159515.4;-221
159523.1;-233
159530.8;-235
159538.5;-263
159546.2;-259
159553.8;-308
159561.5;-295
159569.2;-326
159576.9;-295
159584.6;-316
159592.3;-281
159600.0;-291
159607.7;-303
159615.4;-315
159623.1;-331
159630.8;-326
159638.5;-333
159646.2;-311
159653.8;-336
159661.5;-295
159669.2;-320
159676.9;-292
159684.6;-298
159692.3;-269
159700.0;-247
159707.7;-165
159715.4;13
159723.1;368
159730.8;848
159738.5;1290
159746.2;1485
159753.8;993
159761.5;120
159769.2;-327
159776.9;-321
159784.6;-317
159792.3;-348
159800.0;-387
159807.7;-386
159815.4;-397
159823.1;-409
159830.8;-412
159838.5;-444
159846.2;-427
159853.8;-434
159861.5;-410
159869.2;-417
159876.9;-391
159884.6;-391
159892.3;-369
159900.0;-384
159907.7;-354
159915.4;-358
159923.1;-337
159930.8;-293
159938.5;-275
159946.2;-229
159953.8;-223
159961.5;-187
159969.2;-198
159976.9;-192
159984.6;-242
159992.3;-252
160000.0;-293
160007.7;-292
160015.4;-333
160023.1;-333
160030.8;-347
160038.5;-358
160046.2;-359
160053.8;-382
160061.5;-359
160069.2;-377
160076.9;-345
160084.6;-373
160092.3;-351
160100.0;-348
160107.7;-328
160115.4;-301
160123.1;-296
160130.8;-293
160138.5;-310
160146.2;-292
160153.8;-316
160161.5;-277
160169.2;-320
160176.9;-293
160184.6;-321
160192.3;-313
160200.0;-333
160207.7;-350
160215.4;-349
160223.1;-352
160230.8;-329
160238.5;-350
160246.2;-339
160253.8;-338
160261.5;-315
160269.2;-335
160276.9;-246
160284.6;-183
160292.3;91
160300.0;489
160307.7;966
160315.4;1352
160323.1;1360
160330.8;756
160338.5;70
160346.2;-232
160353.8;-297
160361.5;-314
160369.2;-392
160376.9;-408
160384.6;-453
160392.3;-449
160400.0;-487
160407.7;-498
160415.4;-509
160423.1;-495
160430.8;-480
160438.5;-479
160446.2;-453
160453.8;-464
160461.5;-438
160469.2;-461
160476.9;-444
160484.6;-445
160492.3;-403
160500.0;-401
160507.7;-394
160515.4;-397
160523.1;-362
160530.8;-341
160538.5;-352
160546.2;-337
160553.8;-332
160561.5;-315
160569.2;-342
160576.9;-327
160584.6;-366
160592.3;-365
160600.0;-388
160607.7;-382
160615.4;-395
160623.1;-396
160630.8;-390
160638.5;-399
160646.2;-374
160653.8;-360
160661.5;-308
160669.2;-302
160676.9;-218
160684.6;-51
160692.3;382
160700.0;843
160707.7;1204
160715.4;1145
160723.1;583
160730.8;-16
160738.5;-261
160746.2;-293
160753.8;-369
160761.5;-390
160769.2;-426
160776.9;-422
160784.6;-469
160792.3;-463
160800.0;-480
160807.7;-472
160815.4;-497
160823.1;-498
160830.8;-486
160838.5;-504
160846.2;-466
160853.8;-475
160861.5;-426
160869.2;-428
160876.9;-396
160884.6;-401
160892.3;-363
160900.0;-357
160907.7;-336
160915.4;-309
160923.1;-290
160930.8;-254
160938.5;-236
160946.2;-208
160953.8;-245
160961.5;-234
160969.2;-286
160976.9;-304
160984.6;-332
160992.3;-345
161000.0;-359
161007.7;-361
161015.4;-371
161023.1;-387
161030.8;-382
161038.5;-403
161046.2;-370
161053.8;-384
161061.5;-340
161069.2;-290
161076.9;-56
161084.6;295
161092.3;730
161100.0;1161
161107.7;1298
161115.4;917
161123.1;213
161130.8;-168
161138.5;-348
161146.2;-377
161153.8;-434
161161.5;-433
161169.2;-487
161176.9;-488
161184.6;-510
161192.3;-496
161200.0;-521
161207.7;-520
161215.4;-538
161223.1;-551
161230.8;-551
161238.5;-574
161246.2;-565
161253.8;-584
161261.5;-543
161269.2;-545
161276.9;-511
161284.6;-518
161292.3;-503
161300.0;-503
161307.7;-470
161315.4;-445
161323.1;-422
161330.8;-385
161338.5;-380
161346.2;-353
161353.8;-371
161361.5;-338
161369.2;-370
161376.9;-368
161384.6;-407
161392.3;-401
161400.0;-431
161407.7;-438
161415.4;-454
161423.1;-473
161430.8;-455
161438.5;-462
161446.2;-435
161453.8;-446
161461.5;-425
161469.2;-428
161476.9;-414
161484.6;-433
161492.3;-406
161500.0;-414
161507.7;-400
161515.4;-345
161523.1;-242
161530.8;4
161538.5;319
161546.2;688
161553.8;1014
161561.5;1111
161569.2;735
161576.9;133
161584.6;-238
161592.3;-367
161600.0;-432
161607.7;-484
161615.4;-536
161623.1;-558
161630.8;-568
161638.5;-593
161646.2;-572
161653.8;-590
161661.5;-571
161669.2;-591
161676.9;-568
161684.6;-559
161692.3;-516
161700.0;-514
161707.7;-488
161715.4;-501
161723.1;-495
161730.8;-477
161738.5;-483
161746.2;-477
161753.8;-494
161761.5;-468
161769.2;-483
161776.9;-448
161784.6;-455
161792.3;-416
161800.0;-415
161807.7;-398
161815.4;-418
161823.1;-432
161830.8;-437
161838.5;-473
161846.2;-457
161853.8;-483
161861.5;-464
161869.2;-489
161876.9;-460
161884.6;-469
161892.3;-433
161900.0;-439
161907.7;-403
161915.4;-417
161923.1;-411
161930.8;-412
161938.5;-421
161946.2;-391
161953.8;-418
161961.5;-395
161969.2;-436
161976.9;-425
161984.6;-440
161992.3;-433
162000.0;-451
162007.7;-456
162015.4;-469
162023.1;-485
162030.8;-477
162038.5;-495
162046.2;-490
162053.8;-478
162061.5;-429
162069.2;-435
162076.9;-417
162084.6;-420
162092.3;-407
162100.0;-404
162107.7;-394
162115.4;-406
162123.1;-409
162130.8;-379
162138.5;-369
162146.2;-352
162153.8;-363
162161.5;-339
162169.2;-345
162176.9;-339
162184.6;-361
162192.3;-309
162200.0;-265
162207.7;-131
162215.4;185
162223.1;623
162230.8;1019
162238.5;1318
162246.2;1114
162253.8;380
162261.5;-154
162269.2;-376
162276.9;-333
162284.6;-392
162292.3;-405
162300.0;-453
162307.7;-468
162315.4;-477
162323.1;-486
162330.8;-475
162338.5;-464
162346.2;-458
162353.8;-476
162361.5;-449
162369.2;-486
162376.9;-455
162384.6;-471
162392.3;-443
162400.0;-456
162407.7;-450
162415.4;-449
162423.1;-439
162430.8;-432
162438.5;-450
162446.2;-422
162453.8;-420
162461.5;-375
162469.2;-382
162476.9;-349
162484.6;-337
162492.3;-290
162500.0;-300
162507.7;-283
162515.4;-283
162523.1;-303
162530.8;-307
162538.5;-313
162546.2;-315
162553.8;-349
162561.5;-327
162569.2;-353
162576.9;-330
162584.6;-361
162592.3;-335
162600.0;-345
162607.7;-331
162615.4;-352
162623.1;-346
162630.8;-314
162638.5;-307
162646.2;-272
162653.8;-276
162661.5;-263
162669.2;-275
162676.9;-245
162684.6;-255
162692.3;-209
162700.0;-232
162707.7;-226
162715.4;-208
162723.1;-163
162730.8;-6
162738.5;304
162746.2;719
162753.8;1112
162761.5;1364
162769.2;1058
162776.9;352
162784.6;-187
162792.3;-314
162800.0;-306
162807.7;-333
162815.4;-379
162823.1;-417
162830.8;-423
162838.5;-433
162846.2;-414
162853.8;-440
162861.5;-416
162869.2;-429
162876.9;-398
162884.6;-404
162892.3;-405
162900.0;-422
162907.7;-423
162915.4;-421
162923.1;-417
162930.8;-417
162938.5;-426
162946.2;-411
162953.8;-426
162961.5;-403
162969.2;-413
162976.9;-391
162984.6;-390
162992.3;-351
163000.0;-361
163007.7;-330
163015.4;-330
163023.1;-335
163030.8;-319
163038.5;-323
163046.2;-302
163053.8;-339
163061.5;-317
163069.2;-366
163076.9;-363
163084.6;-402
163092.3;-390
163100.0;-414
163107.7;-400
163115.4;-394
163123.1;-399
163130.8;-388
163138.5;-391
163146.2;-363
163153.8;-392
163161.5;-387
163169.2;-401
163176.9;-376
163184.6;-398
163192.3;-391
163200.0;-402
163207.7;-404
163215.4;-413
163223.1;-408
163230.8;-379
163238.5;-389
163246.2;-378
163253.8;-390
163261.5;-371
163269.2;-407
163276.9;-389
163284.6;-406
163292.3;-383
163300.0;-388
163307.7;-374
163315.4;-369
163323.1;-370
163330.8;-372
163338.5;-403
163346.2;-394
163353.8;-404
163361.5;-383
163369.2;-414
163376.9;-389
163384.6;-400
163392.3;-378
163400.0;-398
163407.7;-385
163415.4;-392
163423.1;-388
163430.8;-379
163438.5;-373
163446.2;-354
163453.8;-366
163461.5;-338
163469.2;-345
163476.9;-307
163484.6;-328
163492.3;-308
163500.0;-295
163507.7;-226
163515.4;-95
163523.1;226
163530.8;631
163538.5;1032
163546.2;1304
163553.8;997
163561.5;345
163569.2;-181
163576.9;-323
163584.6;-344
163592.3;-374
163600.0;-442
163607.7;-451
163615.4;-450
163623.1;-445
163630.8;-443
163638.5;-456
163646.2;-444
163653.8;-463
163661.5;-441
163669.2;-463
163676.9;-427
163684.6;-453
163692.3;-427
163700.0;-453
163707.7;-443
163715.4;-445
163723.1;-454
163730.8;-434
163738.5;-446
163746.2;-426
163753.8;-454
163761.5;-420
163769.2;-424
163776.9;-382
163784.6;-374
163792.3;-342
163800.0;-349
163807.7;-317
163815.4;-320
163823.1;-320
163830.8;-308
163838.5;-334
163846.2;-345
163853.8;-394
163861.5;-380
163869.2;-406
163876.9;-399
163884.6;-419
163892.3;-385
163900.0;-399
163907.7;-384
163915.4;-381
163923.1;-380
163930.8;-376
163938.5;-404
163946.2;-403
163953.8;-418
163961.5;-393
163969.2;-419
163976.9;-377
163984.6;-397
163992.3;-381
164000.0;-413
164007.7;-405
164015.4;-422
164023.1;-428
164030.8;-432
164038.5;-445
164046.2;-440
164053.8;-478
164061.5;-471
164069.2;-499
164076.9;-486
164084.6;-520
164092.3;-511
164100.0;-523
164107.7;-532
164115.4;-550
164123.1;-548
164130.8;-565
164138.5;-573
164146.2;-566
164153.8;-571
164161.5;-548
164169.2;-565
164176.9;-532
164184.6;-552
164192.3;-521
164200.0;-519
164207.7;-491
164215.4;-459
164223.1;-392
164230.8;-204
164238.5;147
164246.2;591
164253.8;979
164261.5;1147
164269.2;683
164276.9;74
164284.6;-269
164292.3;-354
164300.0;-410
164307.7;-440
164315.4;-469
164323.1;-474
164330.8;-459
164338.5;-468
164346.2;-474
164353.8;-490
164361.5;-474
164369.2;-508
164376.9;-494
164384.6;-517
164392.3;-498
164400.0;-511
164407.7;-500
164415.4;-512
164423.1;-494
164430.8;-488
164438.5;-490
164446.2;-452
164453.8;-468
164461.5;-432
164469.2;-440
164476.9;-397
164484.6;-390
164492.3;-341
164500.0;-330
164507.7;-307
164515.4;-316
164523.1;-331
164530.8;-338
164538.5;-362
164546.2;-370
164553.8;-409
164561.5;-407
164569.2;-418
164576.9;-394
164584.6;-407
164592.3;-388
164600.0;-402
164607.7;-381
164615.4;-372
164623.1;-366
164630.8;-345
164638.5;-332
164646.2;-318
164653.8;-343
164661.5;-307
164669.2;-328
164676.9;-290
164684.6;-306
164692.3;-282
164700.0;-330
164707.7;-338
164715.4;-375
164723.1;-380
164730.8;-391
164738.5;-408
164746.2;-385
164753.8;-399
164761.5;-372
164769.2;-399
164776.9;-368
164784.6;-386
164792.3;-365
164800.0;-356
164807.7;-350
164815.4;-367
164823.1;-348
164830.8;-310
164838.5;-318
164846.2;-301
164853.8;-314
164861.5;-286
164869.2;-314
164876.9;-299
164884.6;-324
164892.3;-298
164900.0;-318
164907.7;-303
164915.4;-312
164923.1;-307
164930.8;-314
164938.5;-329
164946.2;-313
164953.8;-347
164961.5;-344
164969.2;-353
164976.9;-317
164984.6;-320
164992.3;-280
165000.0;-283
165007.7;-258
165015.4;-257
165023.1;-259
165030.8;-263
165038.5;-274
165046.2;-280
165053.8;-292
165061.5;-274
165069.2;-294
165076.9;-272
165084.6;-308
165092.3;-286
165100.0;-308
165107.7;-296
165115.4;-314
165123.1;-304
165130.8;-297
165138.5;-305
165146.2;-276
165153.8;-269
165161.5;-223
165169.2;-251
165176.9;-229
165184.6;-255
165192.3;-249
165200.0;-269
165207.7;-255
165215.4;-267
165223.1;-262
165230.8;-259
165238.5;-259
165246.2;-246
165253.8;-259
165261.5;-220
165269.2;-184
165276.9;-53
165284.6;210
165292.3;677
165300.0;1083
165307.7;1336
165315.4;952
165323.1;274
165330.8;-109
165338.5;-155
165346.2;-151
165353.8;-250
165361.5;-265
165369.2;-319
165376.9;-328
165384.6;-353
165392.3;-325
165400.0;-361
165407.7;-341
165415.4;-339
165423.1;-335
165430.8;-316
165438.5;-318
165446.2;-316
165453.8;-328
165461.5;-304
165469.2;-336
165476.9;-306
165484.6;-326
165492.3;-303
165500.0;-309
165507.7;-289
165515.4;-270
165523.1;-251
165530.8;-227
165538.5;-223
165546.2;-182
165553.8;-183
165561.5;-148
165569.2;-167
165576.9;-146
165584.6;-181
165592.3;-173
165600.0;-220
165607.7;-226
165615.4;-250
165623.1;-259
165630.8;-284
165638.5;-307
165646.2;-300
165653.8;-322
165661.5;-305
165669.2;-341
165676.9;-327
165684.6;-345
165692.3;-295
165700.0;-258
165707.7;-215
165715.4;-206
165723.1;-187
165730.8;-188
165738.5;-199
165746.2;-203
165753.8;-229
165761.5;-223
165769.2;-258
165776.9;-234
165784.6;-264
165792.3;-254
165800.0;-267
165807.7;-258
165815.4;-267
165823.1;-259
165830.8;-226
165838.5;-174
165846.2;86
165853.8;502
165861.5;985
165869.2;1371
165876.9;1242
165884.6;488
165892.3;-80
165900.0;-210
165907.7;-155
165915.4;-237
165923.1;-265
165930.8;-300
165938.5;-329
165946.2;-322
165953.8;-361
165961.5;-353
165969.2;-377
165976.9;-354
165984.6;-380
165992.3;-336
166000.0;-336
166007.7;-318
166015.4;-308
166023.1;-295
166030.8;-283
166038.5;-275
166046.2;-237
166053.8;-213
166061.5;-173
166069.2;-149
166076.9;-108
166084.6;-153
166092.3;-128
166100.0;-171
166107.7;-159
166115.4;-185
166123.1;-215
166130.8;-238
166138.5;-272
166146.2;-277
166153.8;-303
166161.5;-286
166169.2;-298
166176.9;-280
166184.6;-316
166192.3;-296
166200.0;-304
166207.7;-287
166215.4;-295
166223.1;-296
166230.8;-287
166238.5;-278
166246.2;-254
166253.8;-262
166261.5;-244
166269.2;-270
166276.9;-256
166284.6;-292
166292.3;-267
166300.0;-279
166307.7;-274
166315.4;-281
166323.1;-281
166330.8;-280
166338.5;-293
166346.2;-286
166353.8;-300
166361.5;-273
166369.2;-298
166376.9;-267
166384.6;-287
166392.3;-234
166400.0;-176
166407.7;29
166415.4;409
166423.1;860
166430.8;1302
166438.5;1418
166446.2;912
166453.8;162
166461.5;-202
166469.2;-260
166476.9;-240
166484.6;-336
166492.3;-337
166500.0;-372
166507.7;-368
166515.4;-386
166523.1;-391
166530.8;-382
166538.5;-406
166546.2;-386
166553.8;-413
166561.5;-391
166569.2;-396
166576.9;-373
166584.6;-361
166592.3;-330
166600.0;-326
166607.7;-302
166615.4;-297
166623.1;-289
166630.8;-284
166638.5;-279
166646.2;-261
166653.8;-266
166661.5;-220
166669.2;-240
166676.9;-217
166684.6;-255
166692.3;-251
166700.0;-291
166707.7;-290
166715.4;-310
166723.1;-329
166730.8;-348
166738.5;-378
166746.2;-363
166753.8;-357
166761.5;-326
166769.2;-335
166776.9;-314
166784.6;-319
166792.3;-310
166800.0;-311
166807.7;-293
166815.4;-289
166823.1;-284
166830.8;-282
166838.5;-275
166846.2;-285
166853.8;-303
166861.5;-290
166869.2;-331
166876.9;-324
166884.6;-355
166892.3;-339
166900.0;-372
166907.7;-355
166915.4;-374
166923.1;-357
166930.8;-323
166938.5;-262
166946.2;-165
166953.8;-42
166961.5;299
166969.2;662
166976.9;1106
166984.6;1273
166992.3;920
167000.0;275
167007.7;-73
167015.4;-205
167023.1;-260
167030.8;-324
167038.5;-381
167046.2;-400
167053.8;-448
167061.5;-430
167069.2;-459
167076.9;-445
167084.6;-464
167092.3;-444
167100.0;-455
167107.7;-446
167115.4;-438
167123.1;-416
167130.8;-402
167138.5;-394
167146.2;-342
167153.8;-342
167161.5;-302
167169.2;-323
167176.9;-301
167184.6;-326
167192.3;-289
167200.0;-286
167207.7;-281
167215.4;-289
167223.1;-287
167230.8;-298
167238.5;-328
167246.2;-325
167253.8;-347
167261.5;-349
167269.2;-388
167276.9;-358
167284.6;-381
167292.3;-370
167300.0;-395
167307.7;-395
167315.4;-407
167323.1;-407
167330.8;-412
167338.5;-431
167346.2;-419
167353.8;-395
167361.5;-354
167369.2;-365
167376.9;-341
167384.6;-378
167392.3;-360
167400.0;-384
167407.7;-377
167415.4;-379
167423.1;-377
167430.8;-370
167438.5;-382
167446.2;-378
167453.8;-377
167461.5;-355
167469.2;-391
167476.9;-366
167484.6;-398
167492.3;-378
167500.0;-397
167507.7;-375
167515.4;-384
167523.1;-373
167530.8;-356
167538.5;-334
167546.2;-262
167553.8;-58
167561.5;290
167569.2;675
167576.9;1031
167584.6;1124
167592.3;784
167600.0;139
167607.7;-209
167615.4;-315
167623.1;-335
167630.8;-383
167638.5;-421
167646.2;-438
167653.8;-473
167661.5;-466
167669.2;-495
167676.9;-479
167684.6;-501
167692.3;-468
167700.0;-486
167707.7;-468
167715.4;-496
167723.1;-506
167730.8;-488
167738.5;-451
167746.2;-424
167753.8;-432
167761.5;-412
167769.2;-438
167776.9;-408
167784.6;-408
167792.3;-363
167800.0;-364
167807.7;-338
167815.4;-330
167823.1;-334
167830.8;-343
167838.5;-345
167846.2;-350
167853.8;-379
167861.5;-380
167869.2;-417
167876.9;-410
167884.6;-415
167892.3;-419
167900.0;-445
167907.7;-425
167915.4;-415
167923.1;-402
167930.8;-398
167938.5;-398
167946.2;-389
167953.8;-407
167961.5;-368
167969.2;-377
167976.9;-366
167984.6;-407
167992.3;-367
168000.0;-373
168007.7;-356
168015.4;-368
168023.1;-362
168030.8;-361
168038.5;-366
168046.2;-363
168053.8;-375
168061.5;-374
168069.2;-410
168076.9;-377
168084.6;-391
168092.3;-362
168100.0;-399
168107.7;-387
168115.4;-388
168123.1;-376
168130.8;-373
168138.5;-371
168146.2;-349
168153.8;-371
168161.5;-349
168169.2;-370
168176.9;-360
168184.6;-375
168192.3;-352
168200.0;-355
168207.7;-352
168215.4;-363
168223.1;-359
168230.8;-361
168238.5;-371
168246.2;-371
168253.8;-395
168261.5;-400
168269.2;-404
168276.9;-374
168284.6;-357
168292.3;-296
168300.0;-260
168307.7;-177
168315.4;-32
168323.1;295
168330.8;691
168338.5;1056
168346.2;1278
168353.8;951
168361.5;290
168369.2;-165
168376.9;-279
168384.6;-286
168392.3;-303
168400.0;-367
168407.7;-381
168415.4;-407
168423.1;-410
168430.8;-419
168438.5;-442
168446.2;-443
168453.8;-476
168461.5;-462
168469.2;-491
168476.9;-474
168484.6;-464
168492.3;-390
168500.0;-366
168507.7;-347
168515.4;-350
168523.1;-336
168530.8;-324
168538.5;-327
168546.2;-323
168553.8;-344
168561.5;-317
168569.2;-322
168576.9;-287
168584.6;-278
168592.3;-235
168600.0;-255
168607.7;-231
168615.4;-267
168623.1;-268
168630.8;-294
168638.5;-322
168646.2;-325
168653.8;-352
168661.5;-334
168669.2;-351
168676.9;-306
168684.6;-315
168692.3;-281
168700.0;-285
168707.7;-276
168715.4;-284
168723.1;-300
168730.8;-275
168738.5;-273
168746.2;-269
168753.8;-291
168761.5;-276
168769.2;-301
168776.9;-281
168784.6;-302
168792.3;-281
168800.0;-292
168807.7;-291
168815.4;-302
168823.1;-295
168830.8;-312
168838.5;-308
168846.2;-309
168853.8;-314
168861.5;-300
168869.2;-326
168876.9;-256
168884.6;-260
168892.3;-239
168900.0;-256
168907.7;-202
168915.4;-191
168923.1;-115
168930.8;77
168938.5;473
168946.2;907
168953.8;1299
168961.5;1390
168969.2;761
168976.9;86
168984.6;-277
168992.3;-267
169000.0;-292
169007.7;-331
169015.4;-373
169023.1;-378
169030.8;-386
169038.5;-379
169046.2;-374
169053.8;-399
169061.5;-388
169069.2;-424
169076.9;-393
169084.6;-407
169092.3;-374
169100.0;-380
169107.7;-328
169115.4;-341
169123.1;-327
169130.8;-316
169138.5;-332
169146.2;-308
169153.8;-323
169161.5;-288
169169.2;-316
169176.9;-271
169184.6;-262
169192.3;-231
169200.0;-251
169207.7;-248
169215.4;-272
169223.1;-285
169230.8;-301
169238.5;-322
169246.2;-319
169253.8;-357
169261.5;-347
169269.2;-381
169276.9;-371
169284.6;-375
169292.3;-326
169300.0;-339
169307.7;-311
169315.4;-317
169323.1;-302
169330.8;-297
169338.5;-304
169346.2;-296
169353.8;-314
169361.5;-295
169369.2;-326
169376.9;-298
169384.6;-329
169392.3;-305
169400.0;-327
169407.7;-299
169415.4;-329
169423.1;-341
169430.8;-364
169438.5;-363
169446.2;-350
169453.8;-360
169461.5;-335
169469.2;-356
169476.9;-318
169484.6;-309
169492.3;-266
169500.0;-303
169507.7;-281
169515.4;-301
169523.1;-307
169530.8;-312
169538.5;-302
169546.2;-282
169553.8;-276
169561.5;-200
169569.2;-86
169576.9;273
169584.6;653
169592.3;1078
169600.0;1296
169607.7;995
169615.4;323
169623.1;-118
169630.8;-271
169638.5;-292
169646.2;-341
169653.8;-402
169661.5;-400
169669.2;-443
169676.9;-434
169684.6;-452
169692.3;-442
169700.0;-456
169707.7;-420
169715.4;-436
169723.1;-424
169730.8;-425
169738.5;-427
169746.2;-407
169753.8;-402
169761.5;-374
169769.2;-386
169776.9;-369
169784.6;-386
169792.3;-361
169800.0;-385
169807.7;-361
169815.4;-355
169823.1;-355
169830.8;-333
169838.5;-311
169846.2;-307
169853.8;-323
169861.5;-323
169869.2;-369
169876.9;-367
169884.6;-404
169892.3;-405
169900.0;-419
169907.7;-382
169915.4;-387
169923.1;-392
169930.8;-412
169938.5;-402
169946.2;-364
169953.8;-364
169961.5;-325
169969.2;-346
169976.9;-330
169984.6;-343
169992.3;-325
170000.0;-345
170007.7;-338
170015.4;-336
170023.1;-331
170030.8;-320
170038.5;-340
170046.2;-339
170053.8;-361
170061.5;-337
170069.2;-367
170076.9;-354
170084.6;-378
170092.3;-352
170100.0;-375
170107.7;-360
170115.4;-371
170123.1;-362
170130.8;-304
170138.5;-264
170146.2;-213
170153.8;-9
170161.5;397
170169.2;800
170176.9;1166
170184.6;1067
170192.3;486
170200.0;-55
170207.7;-213
170215.4;-264
170223.1;-306
170230.8;-362
170238.5;-415
170246.2;-432
170253.8;-467
170261.5;-461
170269.2;-469
170276.9;-446
170284.6;-464
170292.3;-434
170300.0;-462
170307.7;-436
170315.4;-450
170323.1;-413
170330.8;-377
170338.5;-352
170346.2;-342
170353.8;-343
170361.5;-315
170369.2;-325
170376.9;-280
170384.6;-285
170392.3;-263
170400.0;-291
170407.7;-277
170415.4;-290
170423.1;-306
170430.8;-316
170438.5;-351
170446.2;-356
170453.8;-380
170461.5;-384
170469.2;-420
170476.9;-402
170484.6;-416
170492.3;-379
170500.0;-383
170507.7;-383
170515.4;-385
170523.1;-369
170530.8;-362
170538.5;-373
170546.2;-368
170553.8;-386
170561.5;-366
170569.2;-391
170576.9;-367
170584.6;-390
170592.3;-380
170600.0;-403
170607.7;-399
170615.4;-421
170623.1;-395
170630.8;-402
170638.5;-404
170646.2;-389
170653.8;-388
170661.5;-382
170669.2;-400
170676.9;-326
170684.6;-309
170692.3;-283
170700.0;-293
170707.7;-263
170715.4;-203
170723.1;58
170730.8;473
170738.5;931
170746.2;1222
170753.8;875
170761.5;157
170769.2;-230
170776.9;-265
170784.6;-334
170792.3;-399
170800.0;-438
170807.7;-452
170815.4;-470
170823.1;-444
170830.8;-443
170838.5;-433
170846.2;-431
170853.8;-453
170861.5;-421
170869.2;-435
170876.9;-425
170884.6;-451
170892.3;-419
170900.0;-435
170907.7;-409
170915.4;-403
170923.1;-381
170930.8;-374
170938.5;-359
170946.2;-333
170953.8;-334
170961.5;-319
170969.2;-307
170976.9;-271
170984.6;-292
170992.3;-286
171000.0;-329
171007.7;-314
171015.4;-342
171023.1;-342
171030.8;-341
171038.5;-344
171046.2;-330
171053.8;-325
171061.5;-302
171069.2;-334
171076.9;-309
171084.6;-331
171092.3;-308
171100.0;-339
171107.7;-329
171115.4;-321
171123.1;-298
171130.8;-295
171138.5;-304
171146.2;-312
171153.8;-328
171161.5;-310
171169.2;-325
171176.9;-312
171184.6;-333
171192.3;-315
171200.0;-325
171207.7;-296
171215.4;-286
171223.1;-261
171230.8;-274
171238.5;-291
171246.2;-291
171253.8;-319
171261.5;-304
171269.2;-328
171276.9;-296
171284.6;-318
171292.3;-289
171300.0;-311
171307.7;-302
171315.4;-299
171323.1;-296
171330.8;-297
171338.5;-313
171346.2;-311
171353.8;-322
171361.5;-297
171369.2;-285
171376.9;-243
171384.6;-256
171392.3;-242
171400.0;-276
171407.7;-264
171415.4;-275
171423.1;-256
171430.8;-263
171438.5;-262
171446.2;-245
171453.8;-259
171461.5;-211
171469.2;-188
171476.9;-45
171484.6;240
171492.3;724
171500.0;1121
171507.7;1460
171515.4;1177
171523.1;446
171530.8;-116
171538.5;-258
171546.2;-203
171553.8;-276
171561.5;-296
171569.2;-320
171576.9;-309
171584.6;-347
171592.3;-323
171600.0;-355
171607.7;-347
171615.4;-365
171623.1;-356
171630.8;-364
171638.5;-365
171646.2;-360
171653.8;-360
171661.5;-320
171669.2;-332
171676.9;-300
171684.6;-312
171692.3;-281
171700.0;-312
171707.7;-293
171715.4;-309
171723.1;-270
171730.8;-255
171738.5;-237
171746.2;-226
171753.8;-228
171761.5;-212
171769.2;-247
171776.9;-225
171784.6;-263
171792.3;-256
171800.0;-267
171807.7;-250
171815.4;-269
171823.1;-270
171830.8;-273
171838.5;-266
171846.2;-252
171853.8;-265
171861.5;-232
171869.2;-247
171876.9;-225
171884.6;-247
171892.3;-230
171900.0;-260
171907.7;-251
171915.4;-251
171923.1;-240
171930.8;-246
171938.5;-259
171946.2;-246
171953.8;-277
171961.5;-262
171969.2;-287
171976.9;-258
171984.6;-288
171992.3;-256
172000.0;-265
172007.7;-250
172015.4;-263
172023.1;-258
172030.8;-256
172038.5;-267
172046.2;-269
172053.8;-290
172061.5;-264
172069.2;-298
172076.9;-269
172084.6;-284
172092.3;-252
172100.0;-256
172107.7;-242
172115.4;-257
172123.1;-237
172130.8;-213
172138.5;-170
172146.2;-38
172153.8;281
172161.5;740
172169.2;1158
172176.9;1495
172184.6;1241
172192.3;544
172200.0;-49
172207.7;-207
172215.4;-213
172223.1;-270
172230.8;-313
172238.5;-353
172246.2;-343
172253.8;-356
172261.5;-345
172269.2;-359
172276.9;-334
172284.6;-358
172292.3;-337
172300.0;-350
172307.7;-321
172315.4;-319
172323.1;-305
172330.8;-293
172338.5;-317
172346.2;-304
172353.8;-315
172361.5;-322
172369.2;-348
172376.9;-337
172384.6;-351
172392.3;-316
172400.0;-320
172407.7;-278
172415.4;-276
172423.1;-264
172430.8;-262
172438.5;-276
172446.2;-278
172453.8;-295
172461.5;-276
172469.2;-309
172476.9;-301
172484.6;-343
172492.3;-320
172500.0;-358
172507.7;-338
172515.4;-355
172523.1;-345
172530.8;-347
172538.5;-348
172546.2;-326
172553.8;-338
172561.5;-288
172569.2;-315
172576.9;-273
172584.6;-300
172592.3;-276
172600.0;-300
172607.7;-287
172615.4;-302
172623.1;-294
172630.8;-316
172638.5;-321
172646.2;-314
172653.8;-345
172661.5;-326
172669.2;-330
172676.9;-313
172684.6;-346
172692.3;-320
172700.0;-346
172707.7;-314
172715.4;-323
172723.1;-309
172730.8;-309
172738.5;-300
172746.2;-291
172753.8;-302
172761.5;-282
172769.2;-306
172776.9;-285
172784.6;-313
172792.3;-283
172800.0;-327
172807.7;-310
172815.4;-344
172823.1;-327
172830.8;-349
172838.5;-329
172846.2;-299
172853.8;-295
172861.5;-278
172869.2;-289
172876.9;-263
172884.6;-288
172892.3;-268
172900.0;-294
172907.7;-264
172915.4;-260
172923.1;-246
172930.8;-258
172938.5;-274
172946.2;-272
172953.8;-297
172961.5;-297
172969.2;-344
172976.9;-305
172984.6;-326
172992.3;-295
173000.0;-300
173007.7;-269
173015.4;-279
173023.1;-241
173030.8;-190
173038.5;-140
173046.2;-52
173053.8;228
173061.5;653
173069.2;1024
173076.9;1376
173084.6;1281
173092.3;689
173100.0;89
173107.7;-148
173115.4;-176
173123.1;-215
173130.8;-285
173138.5;-323
173146.2;-342
173153.8;-377
173161.5;-354
173169.2;-368
173176.9;-346
173184.6;-363
173192.3;-341
173200.0;-350
173207.7;-329
173215.4;-349
173223.1;-337
173230.8;-346
173238.5;-338
173246.2;-322
173253.8;-323
173261.5;-294
173269.2;-300
173276.9;-272
173284.6;-293
173292.3;-258
173300.0;-278
173307.7;-252
173315.4;-273
173323.1;-257
173330.8;-243
173338.5;-241
173346.2;-219
173353.8;-225
173361.5;-189
173369.2;-221
173376.9;-222
173384.6;-273
173392.3;-280
173400.0;-302
173407.7;-294
173415.4;-309
173423.1;-310
173430.8;-316
173438.5;-313
173446.2;-309
173453.8;-319
173461.5;-294
173469.2;-313
173476.9;-296
173484.6;-318
173492.3;-294
173500.0;-304
173507.7;-291
173515.4;-317
173523.1;-277
173530.8;-269
173538.5;-281
173546.2;-285
173553.8;-294
173561.5;-268
173569.2;-275
173576.9;-247
173584.6;-268
173592.3;-225
173600.0;-247
173607.7;-224
173615.4;-234
173623.1;-227
173630.8;-204
173638.5;-149
173646.2;4
173653.8;318
173661.5;721
173669.2;1067
173676.9;1263
173684.6;893
173692.3;263
173700.0;-126
173707.7;-208
173715.4;-239
173723.1;-299
173730.8;-346
173738.5;-356
173746.2;-369
173753.8;-380
173761.5;-356
173769.2;-378
173776.9;-346
173784.6;-359
173792.3;-324
173800.0;-348
173807.7;-316
173815.4;-316
173823.1;-294
173830.8;-288
173838.5;-297
173846.2;-293
173853.8;-311
173861.5;-274
173869.2;-269
173876.9;-231
173884.6;-239
173892.3;-184
173900.0;-186
173907.7;-157
173915.4;-183
173923.1;-194
173930.8;-222
173938.5;-258
173946.2;-282
173953.8;-314
173961.5;-326
173969.2;-345
173976.9;-327
173984.6;-348
173992.3;-307
174000.0;-360
174007.7;-355
174015.4;-372
174023.1;-335
174030.8;-315
174038.5;-314
174046.2;-313
174053.8;-318
174061.5;-280
174069.2;-296
174076.9;-276
174084.6;-302
174092.3;-266
174100.0;-306
174107.7;-278
174115.4;-300
174123.1;-291
174130.8;-312
174138.5;-327
174146.2;-333
174153.8;-342
174161.5;-316
174169.2;-329
174176.9;-302
174184.6;-324
174192.3;-263
174200.0;-265
174207.7;-253
174215.4;-267
174223.1;-242
174230.8;-237
174238.5;-241
174246.2;-254
174253.8;-265
174261.5;-262
174269.2;-292
174276.9;-272
174284.6;-293
174292.3;-276
174300.0;-299
174307.7;-291
174315.4;-303
174323.1;-292
174330.8;-299
174338.5;-306
174346.2;-294
174353.8;-292
174361.5;-261
174369.2;-262
174376.9;-253
174384.6;-266
174392.3;-227
174400.0;-240
174407.7;-200
174415.4;-213
174423.1;-156
174430.8;-85
174438.5;156
174446.2;595
174453.8;1023
174461.5;1430
174469.2;1386
174476.9;728
174484.6;43
174492.3;-241
174500.0;-254
174507.7;-223
174515.4;-290
174523.1;-302
174530.8;-331
174538.5;-343
174546.2;-325
174553.8;-341
174561.5;-334
174569.2;-357
174576.9;-325
174584.6;-344
174592.3;-335
174600.0;-363
174607.7;-353
174615.4;-369
174623.1;-362
174630.8;-365
174638.5;-348
174646.2;-332
174653.8;-335
174661.5;-304
174669.2;-325
174676.9;-304
174684.6;-308
174692.3;-267
174700.0;-274
174707.7;-246
174715.4;-235
174723.1;-214
174730.8;-202
174738.5;-212
174746.2;-220
174753.8;-252
174761.5;-259
174769.2;-307
174776.9;-308
174784.6;-343
174792.3;-314
174800.0;-334
174807.7;-308
174815.4;-310
174823.1;-301
174830.8;-278
174838.5;-274
174846.2;-265
174853.8;-263
174861.5;-254
174869.2;-282
174876.9;-258
174884.6;-302
174892.3;-274
174900.0;-288
174907.7;-285
174915.4;-313
174923.1;-314
174930.8;-321
174938.5;-323
174946.2;-320
174953.8;-342
174961.5;-318
174969.2;-345
174976.9;-298
174984.6;-319
174992.3;-286
175000.0;-317
175007.7;-296
175015.4;-304
175023.1;-306
175030.8;-293
175038.5;-312
175046.2;-300
175053.8;-295
175061.5;-279
175069.2;-330
175076.9;-306
175084.6;-309
175092.3;-309
175100.0;-326
175107.7;-311
175115.4;-336
175123.1;-330
175130.8;-343
175138.5;-337
175146.2;-324
175153.8;-310
175161.5;-288
175169.2;-309
175176.9;-283
175184.6;-293
175192.3;-271
175200.0;-286
175207.7;-267
175215.4;-263
175223.1;-263
175230.8;-266
175238.5;-267
175246.2;-268
175253.8;-275
175261.5;-265
175269.2;-283
175276.9;-288
175284.6;-317
175292.3;-283
175300.0;-293
175307.7;-258
175315.4;-284
175323.1;-274
175330.8;-278
175338.5;-284
175346.2;-286
175353.8;-301
175361.5;-259
175369.2;-262
175376.9;-215
175384.6;-179
175392.3;-71
175400.0;69
175407.7;423
175415.4;805
175423.1;1197
175430.8;1380
175438.5;963
175446.2;303
175453.8;-97
175461.5;-165
175469.2;-181
175476.9;-239
175484.6;-315
175492.3;-329
175500.0;-373
175507.7;-366
175515.4;-379
175523.1;-371
175530.8;-378
175538.5;-394
175546.2;-373
175553.8;-403
175561.5;-383
175569.2;-393
175576.9;-352
175584.6;-367
175592.3;-334
175600.0;-347
175607.7;-317
175615.4;-312
175623.1;-286
175630.8;-279
175638.5;-284
175646.2;-285
175653.8;-291
175661.5;-281
175669.2;-301
175676.9;-279
175684.6;-292
175692.3;-249
175700.0;-282
175707.7;-279
175715.4;-306
175723.1;-328
175730.8;-335
175738.5;-335
175746.2;-345
175753.8;-329
175761.5;-301
175769.2;-320
175776.9;-305
175784.6;-330
175792.3;-309
175800.0;-330
175807.7;-312
175815.4;-334
175823.1;-331
175830.8;-323
175838.5;-334
175846.2;-321
175853.8;-325
175861.5;-304
175869.2;-334
175876.9;-331
175884.6;-343
175892.3;-294
175900.0;-301
175907.7;-278
175915.4;-277
175923.1;-265
175930.8;-279
175938.5;-293
175946.2;-309
175953.8;-312
175961.5;-293
175969.2;-311
175976.9;-292
175984.6;-335
175992.3;-320
176000.0;-349
176007.7;-319
176015.4;-334
176023.1;-320
176030.8;-305
176038.5;-220
176046.2;-110
176053.8;178
176061.5;646
176069.2;1095
176076.9;1391
176084.6;1028
176092.3;316
176100.0;-128
176107.7;-179
176115.4;-234
176123.1;-300
176130.8;-355
176138.5;-373
176146.2;-387
176153.8;-424
176161.5;-407
176169.2;-426
176176.9;-407
176184.6;-435
176192.3;-400
176200.0;-409
176207.7;-384
176215.4;-385
176223.1;-357
176230.8;-347
176238.5;-346
176246.2;-328
176253.8;-322
176261.5;-314
176269.2;-307
176276.9;-261
176284.6;-278
176292.3;-248
176300.0;-245
176307.7;-224
176315.4;-240
176323.1;-248
176330.8;-279
176338.5;-306
176346.2;-321
176353.8;-355
176361.5;-358
176369.2;-385
176376.9;-367
176384.6;-366
176392.3;-363
176400.0;-391
176407.7;-359
176415.4;-359
176423.1;-347
176430.8;-362
176438.5;-372
176446.2;-351
176453.8;-363
176461.5;-337
176469.2;-347
176476.9;-325
176484.6;-338
176492.3;-318
176500.0;-340
176507.7;-331
176515.4;-344
176523.1;-339
176530.8;-336
176538.5;-330
176546.2;-321
176553.8;-337
176561.5;-327
176569.2;-349
176576.9;-324
176584.6;-338
176592.3;-308
176600.0;-344
176607.7;-319
176615.4;-344
176623.1;-332
176630.8;-327
176638.5;-315
176646.2;-296
176653.8;-303
176661.5;-288
176669.2;-314
176676.9;-296
176684.6;-333
176692.3;-298
176700.0;-291
176707.7;-267
176715.4;-305
176723.1;-277
176730.8;-293
176738.5;-287
176746.2;-270
176753.8;-261
176761.5;-207
176769.2;-160
176776.9;127
176784.6;565
176792.3;1055
176800.0;1396
176807.7;1255
176815.4;473
176823.1;-118
176830.8;-303
176838.5;-245
176846.2;-274
176853.8;-330
176861.5;-317
176869.2;-356
176876.9;-350
176884.6;-380
176892.3;-368
176900.0;-397
176907.7;-386
176915.4;-395
176923.1;-380
176930.8;-369
176938.5;-368
176946.2;-369
176953.8;-370
176961.5;-345
176969.2;-346
176976.9;-319
176984.6;-306
176992.3;-268
177000.0;-278
177007.7;-257
177015.4;-249
177023.1;-216
177030.8;-214
177038.5;-201
177046.2;-217
177053.8;-254
177061.5;-248
177069.2;-288
177076.9;-297
177084.6;-348
177092.3;-338
177100.0;-364
177107.7;-339
177115.4;-365
177123.1;-334
177130.8;-337
177138.5;-331
177146.2;-318
177153.8;-313
177161.5;-293
177169.2;-313
177176.9;-277
177184.6;-301
177192.3;-275
177200.0;-299
177207.7;-267
177215.4;-297
177223.1;-278
177230.8;-289
177238.5;-288
177246.2;-302
177253.8;-302
177261.5;-284
177269.2;-300
177276.9;-227
177284.6;-168
177292.3;109
177300.0;505
177307.7;971
177315.4;1308
177323.1;1158
177330.8;468
177338.5;-74
177346.2;-265
177353.8;-229
177361.5;-264
177369.2;-336
177376.9;-349
177384.6;-401
177392.3;-392
177400.0;-430
177407.7;-404
177415.4;-430
177423.1;-424
177430.8;-414
177438.5;-411
177446.2;-399
177453.8;-407
177461.5;-361
177469.2;-361
177476.9;-325
177484.6;-336
177492.3;-301
177500.0;-303
177507.7;-276
177515.4;-271
177523.1;-237
177530.8;-217
177538.5;-232
177546.2;-224
177553.8;-244
177561.5;-253
177569.2;-300
177576.9;-288
177584.6;-314
177592.3;-292
177600.0;-323
177607.7;-310
177615.4;-330
177623.1;-319
177630.8;-324
177638.5;-332
177646.2;-319
177653.8;-353
177661.5;-339
177669.2;-334
177676.9;-302
177684.6;-332
177692.3;-313
177700.0;-313
177707.7;-282
177715.4;-295
177723.1;-282
177730.8;-295
177738.5;-285
177746.2;-274
177753.8;-270
177761.5;-254
177769.2;-284
177776.9;-267
177784.6;-297
177792.3;-276
177800.0;-307
177807.7;-279
177815.4;-304
177823.1;-310
177830.8;-307
177838.5;-321
177846.2;-334
177853.8;-331
177861.5;-315
177869.2;-342
177876.9;-317
177884.6;-335
177892.3;-310
177900.0;-332
177907.7;-289
177915.4;-312
177923.1;-282
177930.8;-286
177938.5;-301
177946.2;-291
177953.8;-302
177961.5;-297
177969.2;-303
177976.9;-275
177984.6;-289
177992.3;-242
178000.0;-209
178007.7;-88
178015.4;199
178023.1;666
178030.8;1125
178038.5;1427
178046.2;1087
178053.8;334
178061.5;-84
178069.2;-191
178076.9;-191
178084.6;-274
178092.3;-290
178100.0;-358
178107.7;-367
178115.4;-398
178123.1;-398
178130.8;-422
178138.5;-434
178146.2;-428
178153.8;-400
178161.5;-362
178169.2;-378
178176.9;-339
178184.6;-351
178192.3;-311
178200.0;-318
178207.7;-278
178215.4;-292
178223.1;-277
178230.8;-267
178238.5;-228
178246.2;-212
178253.8;-204
178261.5;-192
178269.2;-222
178276.9;-219
178284.6;-257
178292.3;-238
178300.0;-267
178307.7;-251
178315.4;-302
178323.1;-293
178330.8;-321
178338.5;-320
178346.2;-316
178353.8;-333
178361.5;-315
178369.2;-341
178376.9;-306
178384.6;-315
178392.3;-288
178400.0;-318
178407.7;-312
178415.4;-317
178423.1;-298
178430.8;-299
178438.5;-290
178446.2;-292
178453.8;-281
178461.5;-271
178469.2;-289
178476.9;-259
178484.6;-278
178492.3;-240
178500.0;-215
178507.7;-115
178515.4;96
178523.1;470
178530.8;895
178538.5;1185
178546.2;1101
178553.8;505
178561.5;22
178569.2;-188
178576.9;-214
178584.6;-273
178592.3;-288
178600.0;-348
178607.7;-356
178615.4;-373
178623.1;-371
178630.8;-386
178638.5;-381
178646.2;-392
178653.8;-396
178661.5;-372
178669.2;-375
178676.9;-344
178684.6;-367
178692.3;-320
178700.0;-340
178707.7;-310
178715.4;-322
178723.1;-287
178730.8;-287
178738.5;-279
178746.2;-244
178753.8;-240
178761.5;-219
178769.2;-227
178776.9;-201
178784.6;-231
178792.3;-211
178800.0;-247
178807.7;-247
178815.4;-264
178823.1;-263
178830.8;-274
178838.5;-278
178846.2;-252
178853.8;-274
178861.5;-274
178869.2;-288
178876.9;-271
178884.6;-292
178892.3;-284
178900.0;-299
178907.7;-304
178915.4;-319
178923.1;-299
178930.8;-306
178938.5;-266
178946.2;-172
178953.8;77
178961.5;463
178969.2;852
178976.9;1275
178984.6;1330
178992.3;929
179000.0;214
179007.7;-67
179015.4;-194
179023.1;-232
179030.8;-284
179038.5;-323
179046.2;-341
179053.8;-380
179061.5;-391
179069.2;-416
179076.9;-411
179084.6;-432
179092.3;-411
179100.0;-423
179107.7;-405
179115.4;-413
179123.1;-404
179130.8;-416
179138.5;-409
179146.2;-410
179153.8;-389
179161.5;-377
179169.2;-367
179176.9;-321
179184.6;-327
179192.3;-278
179200.0;-274
179207.7;-228
179215.4;-226
179223.1;-209
179230.8;-245
179238.5;-249
179246.2;-253
179253.8;-275
179261.5;-281
179269.2;-331
179276.9;-344
179284.6;-383
179292.3;-380
179300.0;-395
179307.7;-386
179315.4;-406
179323.1;-400
179330.8;-411
179338.5;-391
179346.2;-366
179353.8;-343
179361.5;-318
179369.2;-330
179376.9;-297
179384.6;-286
179392.3;-240
179400.0;-252
179407.7;-240
179415.4;-272
179423.1;-266
179430.8;-277
179438.5;-282
179446.2;-284
179453.8;-292
179461.5;-307
179469.2;-335
179476.9;-343
179484.6;-378
179492.3;-358
179500.0;-384
179507.7;-361
179515.4;-386
179523.1;-359
179530.8;-319
179538.5;-274
179546.2;-258
179553.8;-206
179561.5;-124
179569.2;48
179576.9;450
179584.6;845
179592.3;1239
179600.0;1214
179607.7;652
179615.4;48
179623.1;-182
179630.8;-206
179638.5;-250
179646.2;-325
179653.8;-369
179661.5;-396
179669.2;-452
179676.9;-438
179684.6;-459
179692.3;-395
179700.0;-402
179707.7;-367
179715.4;-379
179723.1;-353
179730.8;-365
179738.5;-345
179746.2;-350
179753.8;-345
179761.5;-330
179769.2;-340
179776.9;-311
179784.6;-333
179792.3;-304
179800.0;-335
179807.7;-316
179815.4;-352
179823.1;-319
179830.8;-294
179838.5;-276
179846.2;-260
179853.8;-227
179861.5;-166
179869.2;-197
179876.9;-193
179884.6;-236
179892.3;-241
179900.0;-270
179907.7;-245
179915.4;-274
179923.1;-261
179930.8;-278
179938.5;-267
179946.2;-268
179953.8;-287
179961.5;-279
179969.2;-306
179976.9;-283
179984.6;-305
179992.3;-272
180000.0;-275
180007.7;-243
180015.4;-231
180023.1;-208
180030.8;-231
180038.5;-241
180046.2;-243
180053.8;-254
180061.5;-247
180069.2;-245
180076.9;-220
180084.6;-224
180092.3;-171
180100.0;-144
180107.7;-6
180115.4;270
180123.1;646
180130.8;967
180138.5;1195
180146.2;964
180153.8;341
180161.5;-110
180169.2;-281
180176.9;-247
180184.6;-275
180192.3;-266
180200.0;-307
180207.7;-299
180215.4;-336
180223.1;-335
180230.8;-356
180238.5;-357
180246.2;-370
180253.8;-389
180261.5;-381
180269.2;-410
180276.9;-387
180284.6;-421
180292.3;-402
180300.0;-417
180307.7;-376
180315.4;-376
180323.1;-349
180330.8;-340
180338.5;-328
180346.2;-294
180353.8;-279
180361.5;-248
180369.2;-242
180376.9;-198
180384.6;-215
180392.3;-213
180400.0;-231
180407.7;-228
180415.4;-261
180423.1;-260
180430.8;-302
180438.5;-311
180446.2;-322
180453.8;-343
180461.5;-341
180469.2;-340
180476.9;-312
180484.6;-322
180492.3;-293
180500.0;-301
180507.7;-275
180515.4;-272
180523.1;-236
180530.8;-237
180538.5;-217
180546.2;-225
180553.8;-226
180561.5;-203
180569.2;-177
180576.9;-49
180584.6;195
180592.3;583
180600.0;960
180607.7;1299
180615.4;1239
180623.1;736
180630.8;117
180638.5;-119
180646.2;-211
180653.8;-264
180661.5;-296
180669.2;-358
180676.9;-367
180684.6;-400
180692.3;-361
180700.0;-377
180707.7;-362
180715.4;-379
180723.1;-391
180730.8;-405
180738.5;-401
180746.2;-411
180753.8;-413
180761.5;-392
180769.2;-417
180776.9;-383
180784.6;-394
180792.3;-380
180800.0;-398
180807.7;-393
180815.4;-403
180823.1;-388
180830.8;-373
180838.5;-324
180846.2;-306
180853.8;-281
180861.5;-246
180869.2;-245
180876.9;-246
180884.6;-288
180892.3;-286
180900.0;-329
180907.7;-313
180915.4;-351
180923.1;-330
180930.8;-352
180938.5;-339
180946.2;-323
180953.8;-329
180961.5;-303
180969.2;-319
180976.9;-293
180984.6;-312
180992.3;-295
181000.0;-307
181007.7;-293
181015.4;-302
181023.1;-275
181030.8;-271
181038.5;-260
181046.2;-271
181053.8;-293
181061.5;-288
181069.2;-301
181076.9;-300
181084.6;-318
181092.3;-303
181100.0;-336
181107.7;-319
181115.4;-322
181123.1;-308
181130.8;-304
181138.5;-315
181146.2;-311
181153.8;-315
181161.5;-314
181169.2;-327
181176.9;-301
181184.6;-327
181192.3;-290
181200.0;-295
181207.7;-264
181215.4;-281
181223.1;-266
181230.8;-284
181238.5;-274
181246.2;-267
181253.8;-269
181261.5;-251
181269.2;-253
181276.9;-201
181284.6;-168
181292.3;-42
181300.0;183
181307.7;534
181315.4;876
181323.1;1196
181330.8;1134
181338.5;600
181346.2;86
181353.8;-169
181361.5;-220
181369.2;-282
181376.9;-293
181384.6;-329
181392.3;-324
181400.0;-350
181407.7;-344
181415.4;-368
181423.1;-357
181430.8;-361
181438.5;-361
181446.2;-347
181453.8;-375
181461.5;-374
181469.2;-391
181476.9;-388
181484.6;-413
181492.3;-394
181500.0;-403
181507.7;-383
181515.4;-393
181523.1;-367
181530.8;-378
181538.5;-351
181546.2;-335
181553.8;-328
181561.5;-292
181569.2;-294
181576.9;-260
181584.6;-265
181592.3;-241
181600.0;-253
181607.7;-243
181615.4;-270
181623.1;-286
181630.8;-312
181638.5;-304
181646.2;-306
181653.8;-307
181661.5;-283
181669.2;-299
181676.9;-276
181684.6;-285
181692.3;-245
181700.0;-252
181707.7;-228
181715.4;-232
181723.1;-203
181730.8;-194
181738.5;-152
181746.2;-35
181753.8;295
181761.5;720
181769.2;1093
181776.9;1263
181784.6;950
181792.3;351
181800.0;-64
181807.7;-194
181815.4;-288
181823.1;-322
181830.8;-383
181838.5;-394
181846.2;-414
181853.8;-434
181861.5;-410
181869.2;-434
181876.9;-412
181884.6;-408
181892.3;-365
181900.0;-410
181907.7;-399
181915.4;-408
181923.1;-391
181930.8;-409
181938.5;-381
181946.2;-360
181953.8;-367
181961.5;-354
181969.2;-359
181976.9;-329
181984.6;-321
181992.3;-267
182000.0;-267
182007.7;-219
182015.4;-233
182023.1;-233
182030.8;-263
182038.5;-286
182046.2;-300
182053.8;-326
182061.5;-318
182069.2;-338
182076.9;-286
182084.6;-298
182092.3;-262
182100.0;-282
182107.7;-271
182115.4;-252
182123.1;-208
182130.8;-35
182138.5;333
182146.2;743
182153.8;1150
182161.5;1219
182169.2;707
182176.9;131
182184.6;-165
182192.3;-246
182200.0;-328
182207.7;-369
182215.4;-434
182223.1;-455
182230.8;-484
182238.5;-486
182246.2;-495
182253.8;-499
182261.5;-487
182269.2;-508
182276.9;-476
182284.6;-496
182292.3;-467
182300.0;-484
182307.7;-462
182315.4;-456
182323.1;-409
182330.8;-419
182338.5;-405
182346.2;-388
182353.8;-377
182361.5;-347
182369.2;-339
182376.9;-293
182384.6;-309
182392.3;-287
182400.0;-316
182407.7;-311
182415.4;-351
182423.1;-369
182430.8;-389
182438.5;-368
182446.2;-353
182453.8;-352
182461.5;-328
182469.2;-327
182476.9;-307
182484.6;-325
182492.3;-283
182500.0;-299
182507.7;-271
182515.4;-287
182523.1;-277
182530.8;-302
182538.5;-296
182546.2;-307
182553.8;-326
182561.5;-315
182569.2;-335
182576.9;-317
182584.6;-355
182592.3;-356
182600.0;-383
182607.7;-355
182615.4;-388
182623.1;-346
182630.8;-312
182638.5;-292
182646.2;-279
182653.8;-269
182661.5;-255
182669.2;-278
182676.9;-251
182684.6;-241
182692.3;-157
182700.0;25
182707.7;447
182715.4;843
182723.1;1211
182730.8;1020
182738.5;317
182746.2;-162
182753.8;-272
182761.5;-264
182769.2;-330
182776.9;-335
182784.6;-372
182792.3;-361
182800.0;-394
182807.7;-369
182815.4;-411
182823.1;-402
182830.8;-396
182838.5;-384
182846.2;-369
182853.8;-380
182861.5;-370
182869.2;-396
182876.9;-381
182884.6;-420
182892.3;-392
182900.0;-407
182907.7;-370
182915.4;-377
182923.1;-345
182930.8;-349
182938.5;-324
182946.2;-320
182953.8;-285
182961.5;-260
182969.2;-274
182976.9;-265
182984.6;-300
182992.3;-280
183000.0;-314
183007.7;-291
183015.4;-303
183023.1;-281
183030.8;-259
183038.5;-240
183046.2;-240
183053.8;-262
183061.5;-256
183069.2;-297
183076.9;-294
183084.6;-311
183092.3;-292
183100.0;-335
183107.7;-316
183115.4;-345
183123.1;-330
183130.8;-344
183138.5;-333
183146.2;-329
183153.8;-316
183161.5;-284
183169.2;-281
183176.9;-259
183184.6;-281
183192.3;-267
183200.0;-296
183207.7;-236
183215.4;-225
183223.1;-204
183230.8;-224
183238.5;-235
183246.2;-250
183253.8;-274
183261.5;-285
183269.2;-307
183276.9;-292
183284.6;-301
183292.3;-250
183300.0;-266
183307.7;-244
183315.4;-258
183323.1;-240
183330.8;-262
183338.5;-248
183346.2;-245
183353.8;-258
183361.5;-243
183369.2;-268
183376.9;-261
183384.6;-278
183392.3;-245
183400.0;-266
183407.7;-241
183415.4;-261
183423.1;-240
183430.8;-252
183438.5;-242
183446.2;-253
183453.8;-260
183461.5;-236
183469.2;-238
183476.9;-205
183484.6;-234
183492.3;-203
183500.0;-215
183507.7;-145
183515.4;-92
183523.1;143
183530.8;584
183538.5;1022
183546.2;1379
183553.8;1157
183561.5;425
183569.2;-157
183576.9;-288
183584.6;-245
183592.3;-240
183600.0;-265
183607.7;-248
183615.4;-270
183623.1;-254
183630.8;-268
183638.5;-273
183646.2;-286
183653.8;-292
183661.5;-299
183669.2;-297
183676.9;-284
183684.6;-318
183692.3;-299
183700.0;-343
183707.7;-341
183715.4;-362
183723.1;-338
183730.8;-332
183738.5;-314
183746.2;-290
183753.8;-261
183761.5;-231
183769.2;-216
183776.9;-144
183784.6;-124
183792.3;-74
183800.0;-102
183807.7;-88
183815.4;-139
183823.1;-152
183830.8;-182
183838.5;-208
183846.2;-217
183853.8;-244
183861.5;-245
183869.2;-269
183876.9;-244
183884.6;-266
183892.3;-240
183900.0;-255
183907.7;-223
183915.4;-251
183923.1;-232
183930.8;-247
183938.5;-246
183946.2;-231
183953.8;-230
183961.5;-205
183969.2;-205
183976.9;-209
183984.6;-229
183992.3;-196
184000.0;-241
184007.7;-226
184015.4;-229
184023.1;-217
184030.8;-220
184038.5;-222
184046.2;-224
184053.8;-234
184061.5;-206
184069.2;-207
184076.9;-188
184084.6;-224
184092.3;-214
184100.0;-261
184107.7;-259
184115.4;-279
184123.1;-254
184130.8;-243
184138.5;-226
184146.2;-226
184153.8;-199
184161.5;-173
184169.2;-159
184176.9;-89
184184.6;2
184192.3;310
184200.0;675
184207.7;1092
184215.4;1281
184223.1;957
184230.8;312
184238.5;-23
184246.2;-136
184253.8;-180
184261.5;-247
184269.2;-305
184276.9;-314
184284.6;-362
184292.3;-341
184300.0;-373
184307.7;-342
184315.4;-331
184323.1;-288
184330.8;-291
184338.5;-281
184346.2;-285
184353.8;-296
184361.5;-281
184369.2;-297
184376.9;-279
184384.6;-304
184392.3;-289
184400.0;-317
184407.7;-305
184415.4;-316
184423.1;-306
184430.8;-320
184438.5;-321
184446.2;-304
184453.8;-294
184461.5;-276
184469.2;-288
184476.9;-263
184484.6;-283
184492.3;-275
184500.0;-313
184507.7;-276
184515.4;-264
184523.1;-245
184530.8;-265
184538.5;-274
184546.2;-281
184553.8;-299
184561.5;-306
184569.2;-332
184576.9;-317
184584.6;-338
184592.3;-312
184600.0;-328
184607.7;-305
184615.4;-310
184623.1;-302
184630.8;-309
184638.5;-302
184646.2;-309
184653.8;-312
184661.5;-308
184669.2;-322
184676.9;-283
184684.6;-285
184692.3;-255
184700.0;-251
184707.7;-255
184715.4;-258
184723.1;-244
184730.8;-272
184738.5;-285
184746.2;-295
184753.8;-300
184761.5;-297
184769.2;-305
184776.9;-282
184784.6;-309
184792.3;-288
184800.0;-308
184807.7;-298
184815.4;-299
184823.1;-281
184830.8;-285
184838.5;-290
184846.2;-299
184853.8;-285
184861.5;-256
184869.2;-230
184876.9;-203
184884.6;-172
184892.3;-77
184900.0;99
184907.7;498
184915.4;879
184923.1;1223
184930.8;1181
184938.5;612
184946.2;77
184953.8;-143
184961.5;-158
184969.2;-250
184976.9;-282
184984.6;-326
184992.3;-326
185000.0;-363
185007.7;-368
185015.4;-399
185023.1;-390
185030.8;-398
185038.5;-377
185046.2;-363
185053.8;-347
185061.5;-304
185069.2;-323
185076.9;-291
185084.6;-290
185092.3;-249
185100.0;-257
185107.7;-224
185115.4;-238
185123.1;-224
185130.8;-230
185138.5;-225
185146.2;-213
185153.8;-214
185161.5;-192
185169.2;-218
185176.9;-205
185184.6;-242
185192.3;-232
185200.0;-265
185207.7;-274
185215.4;-294
185223.1;-265
185230.8;-263
185238.5;-240
185246.2;-237
185253.8;-257
185261.5;-258
185269.2;-296
185276.9;-285
185284.6;-321
185292.3;-323
185300.0;-342
185307.7;-320
185315.4;-346
185323.1;-325
185330.8;-326
185338.5;-307
185346.2;-294
185353.8;-292
185361.5;-280
185369.2;-292
185376.9;-278
185384.6;-283
185392.3;-237
185400.0;-245
185407.7;-206
185415.4;-222
185423.1;-201
185430.8;-223
185438.5;-221
185446.2;-232
185453.8;-249
185461.5;-250
185469.2;-280
185476.9;-263
185484.6;-304
185492.3;-278
185500.0;-299
185507.7;-280
185515.4;-298
185523.1;-284
185530.8;-279
185538.5;-265
185546.2;-264
185553.8;-262
185561.5;-259
185569.2;-278
185576.9;-267
185584.6;-296
185592.3;-287
185600.0;-300
185607.7;-268
185615.4;-269
185623.1;-239
185630.8;-263
185638.5;-256
185646.2;-252
185653.8;-261
185661.5;-244
185669.2;-258
185676.9;-223
185684.6;-247
185692.3;-226
185700.0;-255
185707.7;-231
185715.4;-265
185723.1;-236
185730.8;-257
185738.5;-248
185746.2;-247
185753.8;-247
185761.5;-237
185769.2;-271
185776.9;-251
185784.6;-265
185792.3;-208
185800.0;-165
185807.7;20
185815.4;330
185823.1;769
185830.8;1158
185838.5;1480
185846.2;1290
185853.8;620
185861.5;78
185869.2;-179
185876.9;-153
185884.6;-199
185892.3;-233
185900.0;-288
185907.7;-299
185915.4;-339
185923.1;-339
185930.8;-340
185938.5;-345
185946.2;-337
185953.8;-348
185961.5;-336
185969.2;-339
185976.9;-314
185984.6;-316
185992.3;-270
186000.0;-268
186007.7;-220
186015.4;-212
186023.1;-200
186030.8;-215
186038.5;-188
186046.2;-183
186053.8;-181
186061.5;-155
186069.2;-164
186076.9;-144
186084.6;-172
186092.3;-148
186100.0;-171
186107.7;-176
186115.4;-227
186123.1;-216
186130.8;-240
186138.5;-250
186146.2;-254
186153.8;-252
186161.5;-257
186169.2;-260
186176.9;-222
186184.6;-218
186192.3;-185
186200.0;-215
186207.7;-184
186215.4;-189
186223.1;-171
186230.8;-194
186238.5;-204
186246.2;-213
186253.8;-228
186261.5;-227
186269.2;-237
186276.9;-219
186284.6;-236
186292.3;-203
186300.0;-231
186307.7;-199
186315.4;-208
186323.1;-199
186330.8;-220
186338.5;-207
186346.2;-196
186353.8;-193
186361.5;-165
186369.2;-180
186376.9;-161
186384.6;-143
186392.3;-83
186400.0;-6
186407.7;251
186415.4;603
186423.1;1000
186430.8;1328
186438.5;1231
186446.2;602
186453.8;56
186461.5;-187
186469.2;-173
186476.9;-171
186484.6;-243
186492.3;-249
186500.0;-298
186507.7;-287
186515.4;-317
186523.1;-315
186530.8;-334
186538.5;-341
186546.2;-331
186553.8;-329
186561.5;-283
186569.2;-275
186576.9;-244
186584.6;-252
186592.3;-214
186600.0;-224
186607.7;-204
186615.4;-218
186623.1;-173
186630.8;-158
186638.5;-127
186646.2;-114
186653.8;-126
186661.5;-97
186669.2;-112
186676.9;-106
186684.6;-142
186692.3;-146
186700.0;-199
186707.7;-209
186715.4;-254
186723.1;-251
186730.8;-273
186738.5;-263
186746.2;-274
186753.8;-281
186761.5;-281
186769.2;-299
186776.9;-264
186784.6;-274
186792.3;-239
186800.0;-255
186807.7;-257
186815.4;-269
186823.1;-248
186830.8;-260
186838.5;-259
186846.2;-258
186853.8;-258
186861.5;-249
186869.2;-264
186876.9;-234
186884.6;-278
186892.3;-270
186900.0;-282
186907.7;-256
186915.4;-270
186923.1;-249
186930.8;-288
186938.5;-281
186946.2;-267
186953.8;-262
186961.5;-247
186969.2;-265
186976.9;-247
186984.6;-276
186992.3;-246
187000.0;-269
187007.7;-243
187015.4;-269
187023.1;-255
187030.8;-267
187038.5;-249
187046.2;-254
187053.8;-278
187061.5;-260
187069.2;-283
187076.9;-275
187084.6;-298
187092.3;-284
187100.0;-292
187107.7;-248
187115.4;-254
187123.1;-207
187130.8;-151
187138.5;-68
187146.2;189
187153.8;562
187161.5;974
187169.2;1328
187176.9;1389
187184.6;801
187192.3;168
187200.0;-169
187207.7;-195
187215.4;-248
187223.1;-309
187230.8;-345
187238.5;-355
187246.2;-368
187253.8;-377
187261.5;-364
187269.2;-392
187276.9;-394
187284.6;-411
187292.3;-382
187300.0;-363
187307.7;-299
187315.4;-314
187323.1;-307
187330.8;-302
187338.5;-301
187346.2;-298
187353.8;-305
187361.5;-279
187369.2;-281
187376.9;-246
187384.6;-246
187392.3;-212
187400.0;-215
187407.7;-198
187415.4;-207
187423.1;-212
187430.8;-247
187438.5;-253
187446.2;-264
187453.8;-289
187461.5;-301
187469.2;-341
187476.9;-336
187484.6;-352
187492.3;-312
187500.0;-324
187507.7;-321
187515.4;-337
187523.1;-309
187530.8;-324
187538.5;-324
187546.2;-310
187553.8;-304
187561.5;-296
187569.2;-299
187576.9;-271
187584.6;-306
187592.3;-294
187600.0;-315
187607.7;-312
187615.4;-338
187623.1;-328
187630.8;-341
187638.5;-351
187646.2;-357
187653.8;-353
187661.5;-328
187669.2;-329
187676.9;-301
187684.6;-316
187692.3;-284
187700.0;-293
187707.7;-278
187715.4;-288
187723.1;-265
187730.8;-283
187738.5;-277
187746.2;-281
187753.8;-288
187761.5;-280
187769.2;-287
187776.9;-256
187784.6;-241
187792.3;-135
187800.0;83
187807.7;491
187815.4;923
187823.1;1282
187830.8;1273
187838.5;764
187846.2;176
187853.8;-115
187861.5;-171
187869.2;-238
187876.9;-279
187884.6;-321
187892.3;-325
187900.0;-339
187907.7;-332
187915.4;-355
187923.1;-345
187930.8;-365
187938.5;-377
187946.2;-379
187953.8;-389
187961.5;-392
187969.2;-401
187976.9;-378
187984.6;-393
187992.3;-350
188000.0;-353
188007.7;-316
188015.4;-319
188023.1;-279
188030.8;-274
188038.5;-251
188046.2;-248
188053.8;-226
188061.5;-214
188069.2;-259
188076.9;-257
188084.6;-291
188092.3;-298
188100.0;-347
188107.7;-350
188115.4;-389
188123.1;-365
188130.8;-371
188138.5;-378
188146.2;-373
188153.8;-352
188161.5;-319
188169.2;-323
188176.9;-308
188184.6;-313
188192.3;-284
188200.0;-295
188207.7;-291
188215.4;-308
188223.1;-301
188230.8;-327
188238.5;-331
188246.2;-347
188253.8;-365
188261.5;-351
188269.2;-370
188276.9;-349
188284.6;-385
188292.3;-363
188300.0;-386
188307.7;-352
188315.4;-334
188323.1;-289
188330.8;-298
188338.5;-279
188346.2;-281
188353.8;-308
188361.5;-304
188369.2;-340
188376.9;-337
188384.6;-355
188392.3;-338
188400.0;-373
188407.7;-351
188415.4;-351
188423.1;-334
188430.8;-361
188438.5;-368
188446.2;-374
188453.8;-373
188461.5;-349
188469.2;-356
188476.9;-306
188484.6;-304
188492.3;-272
188500.0;-278
188507.7;-261
188515.4;-278
188523.1;-263
188530.8;-268
188538.5;-260
188546.2;-257
188553.8;-201
188561.5;-113
188569.2;109
188576.9;563
188584.6;984
188592.3;1327
188600.0;1020
188607.7;307
188615.4;-162
188623.1;-232
188630.8;-244
188638.5;-295
188646.2;-317
188653.8;-317
188661.5;-288
188669.2;-314
188676.9;-303
188684.6;-339
188692.3;-310
188700.0;-333
188707.7;-316
188715.4;-336
188723.1;-315
188730.8;-307
188738.5;-288
188746.2;-279
188753.8;-272
188761.5;-256
188769.2;-260
188776.9;-231
188784.6;-220
188792.3;-159
188800.0;-145
188807.7;-118
188815.4;-138
188823.1;-120
188830.8;-141
188838.5;-164
188846.2;-203
188853.8;-235
188861.5;-240
188869.2;-276
188876.9;-272
188884.6;-293
188892.3;-274
188900.0;-294
188907.7;-264
188915.4;-287
188923.1;-262
188930.8;-243
188938.5;-216
188946.2;-209
188953.8;-209
188961.5;-176
188969.2;-198
188976.9;-180
188984.6;-220
188992.3;-207
189000.0;-258
189007.7;-255
189015.4;-262
189023.1;-258
189030.8;-269
189038.5;-272
189046.2;-286
189053.8;-288
189061.5;-277
189069.2;-290
189076.9;-246
189084.6;-233
189092.3;-201
189100.0;-213
189107.7;-203
189115.4;-226
189123.1;-214
189130.8;-244
189138.5;-240
189146.2;-237
189153.8;-257
189161.5;-251
189169.2;-271
189176.9;-268
189184.6;-283
189192.3;-254
189200.0;-281
189207.7;-272
189215.4;-295
189223.1;-269
189230.8;-260
189238.5;-241
189246.2;-223
189253.8;-222
189261.5;-205
189269.2;-228
189276.9;-199
189284.6;-216
189292.3;-203
189300.0;-220
189307.7;-190
189315.4;-149
189323.1;-3
189330.8;333
189338.5;791
189346.2;1231
189353.8;1482
189361.5;1033
189369.2;261
189376.9;-146
189384.6;-202
189392.3;-155
189400.0;-236
189407.7;-221
189415.4;-263
189423.1;-255
189430.8;-284
189438.5;-281
189446.2;-284
189453.8;-306
189461.5;-301
189469.2;-329
189476.9;-326
189484.6;-362
189492.3;-328
189500.0;-335
189507.7;-287
189515.4;-293
189523.1;-262
189530.8;-235
189538.5;-207
189546.2;-210
189553.8;-183
189561.5;-161
189569.2;-146
189576.9;-130
189584.6;-149
189592.3;-131
189600.0;-176
189607.7;-170
189615.4;-225
189623.1;-244
189630.8;-290
189638.5;-319
189646.2;-341
189653.8;-351
189661.5;-340
189669.2;-357
189676.9;-329
189684.6;-339
189692.3;-312
189700.0;-316
189707.7;-283
189715.4;-294
189723.1;-242
189730.8;-250
189738.5;-252
189746.2;-226
189753.8;-239
189761.5;-220
189769.2;-258
189776.9;-243
189784.6;-266
189792.3;-248
189800.0;-288
189807.7;-265
189815.4;-273
189823.1;-251
189830.8;-253
189838.5;-258
189846.2;-245
189853.8;-227
189861.5;-223
189869.2;-242
189876.9;-228
189884.6;-246
189892.3;-216
189900.0;-246
189907.7;-222
189915.4;-238
189923.1;-206
189930.8;-212
189938.5;-189
189946.2;-138
189953.8;16
189961.5;413
189969.2;833
189976.9;1269
189984.6;1386
189992.3;945
190000.0;244
190007.7;-82
190015.4;-167
190023.1;-157
190030.8;-224
190038.5;-256
190046.2;-287
190053.8;-315
190061.5;-306
190069.2;-333
190076.9;-311
190084.6;-344
190092.3;-323
190100.0;-349
190107.7;-326
190115.4;-345
190123.1;-336
190130.8;-326
190138.5;-312
190146.2;-311
190153.8;-295
190161.5;-264
190169.2;-266
190176.9;-221
190184.6;-214
190192.3;-163
190200.0;-160
190207.7;-128
190215.4;-158
190223.1;-161
190230.8;-185
190238.5;-214
190246.2;-243
190253.8;-288
190261.5;-294
190269.2;-333
190276.9;-332
190284.6;-358
190292.3;-329
190300.0;-353
190307.7;-331
190315.4;-342
190323.1;-333
190330.8;-339
190338.5;-334
190346.2;-323
190353.8;-313
190361.5;-280
190369.2;-286
190376.9;-264
190384.6;-276
190392.3;-256
190400.0;-287
190407.7;-262
190415.4;-287
190423.1;-277
190430.8;-280
190438.5;-284
190446.2;-280
190453.8;-298
190461.5;-290
190469.2;-308
190476.9;-293
190484.6;-325
190492.3;-321
190500.0;-333
190507.7;-297
190515.4;-303
190523.1;-302
190530.8;-312
190538.5;-299
190546.2;-300
190553.8;-304
190561.5;-280
190569.2;-280
190576.9;-277
190584.6;-312
190592.3;-303
190600.0;-336
190607.7;-319
190615.4;-337
190623.1;-319
190630.8;-328
190638.5;-336
190646.2;-321
190653.8;-318
190661.5;-304
190669.2;-296
190676.9;-280
190684.6;-309
190692.3;-278
190700.0;-300
190707.7;-285
190715.4;-300
190723.1;-276
190730.8;-273
190738.5;-263
190746.2;-254
190753.8;-255
190761.5;-241
190769.2;-271
190776.9;-239
190784.6;-263
190792.3;-235
190800.0;-262
190807.7;-234
190815.4;-233
190823.1;-202
190830.8;-155
190838.5;-89
190846.2;74
190853.8;407
190861.5;825
190869.2;1203
190876.9;1380
190884.6;910
190892.3;307
190900.0;-96
190907.7;-186
190915.4;-225
190923.1;-290
190930.8;-341
190938.5;-334
190946.2;-323
190953.8;-332
190961.5;-314
190969.2;-330
190976.9;-310
190984.6;-337
190992.3;-301
191000.0;-315
191007.7;-295
191015.4;-311
191023.1;-291
191030.8;-286
191038.5;-292
191046.2;-286
191053.8;-287
191061.5;-260
191069.2;-260
191076.9;-225
191084.6;-233
191092.3;-192
191100.0;-204
191107.7;-161
191115.4;-162
191123.1;-133
191130.8;-139
191138.5;-125
191146.2;-116
191153.8;-144
191161.5;-172
191169.2;-221
191176.9;-221
191184.6;-258
191192.3;-254
191200.0;-280
191207.7;-285
191215.4;-314
191223.1;-288
191230.8;-299
191238.5;-302
191246.2;-300
191253.8;-298
191261.5;-289
191269.2;-307
191276.9;-283
191284.6;-311
191292.3;-275
191300.0;-286
191307.7;-251
191315.4;-271
191323.1;-233
191330.8;-224
191338.5;-229
191346.2;-243
191353.8;-249
191361.5;-234
191369.2;-258
191376.9;-241
191384.6;-265
191392.3;-245
191400.0;-276
191407.7;-265
191415.4;-281
191423.1;-269
191430.8;-287
191438.5;-282
191446.2;-284
191453.8;-296
191461.5;-260
191469.2;-281
191476.9;-271
191484.6;-283
191492.3;-245
191500.0;-262
191507.7;-254
191515.4;-268
191523.1;-235
191530.8;-237
191538.5;-226
191546.2;-229
191553.8;-233
191561.5;-228
191569.2;-253
191576.9;-246
191584.6;-264
191592.3;-248
191600.0;-268
191607.7;-247
191615.4;-271
191623.1;-241
191630.8;-260
191638.5;-263
191646.2;-274
191653.8;-265
191661.5;-243
191669.2;-282
191676.9;-253
191684.6;-269
191692.3;-242
191700.0;-270
191707.7;-241
191715.4;-237
191723.1;-204
191730.8;-238
191738.5;-239
191746.2;-244
191753.8;-245
191761.5;-245
191769.2;-258
191776.9;-237
191784.6;-269
191792.3;-218
191800.0;-234
191807.7;-209
191815.4;-234
191823.1;-193
191830.8;-220
191838.5;-211
191846.2;-216
191853.8;-211
191861.5;-178
191869.2;-176
191876.9;-86
191884.6;-8
191892.3;391
191900.0;861
191907.7;1362
191915.4;1597
191923.1;1165
191930.8;383
191938.5;-112
191946.2;-186
191953.8;-146
191961.5;-190
191969.2;-240
191976.9;-228
191984.6;-263
191992.3;-245
192000.0;-277
192007.7;-245
192015.4;-248
192023.1;-224
192030.8;-235
192038.5;-250
192046.2;-262
192053.8;-270
192061.5;-254
192069.2;-263
192076.9;-231
192084.6;-243
192092.3;-195
192100.0;-218
192107.7;-173
192115.4;-186
192123.1;-152
192130.8;-170
192138.5;-140
192146.2;-139
192153.8;-133
192161.5;-111
192169.2;-117
192176.9;-113
192184.6;-172
192192.3;-158
192200.0;-230
192207.7;-212
192215.4;-260
192223.1;-250
192230.8;-271
192238.5;-275
192246.2;-266
192253.8;-264
192261.5;-240
192269.2;-256
192276.9;-216
192284.6;-248
192292.3;-223
192300.0;-234
192307.7;-202
192315.4;-215
192323.1;-188
192330.8;-177
192338.5;-172
192346.2;-169
192353.8;-181
192361.5;-147
192369.2;-161
192376.9;-140
192384.6;-152
192392.3;-133
192400.0;-96
192407.7;39
192415.4;287
192423.1;715
192430.8;1187
192438.5;1546
192446.2;1485
192453.8;856
192461.5;208
192469.2;-123
192476.9;-157
192484.6;-191
192492.3;-221
192500.0;-273
192507.7;-252
192515.4;-285
192523.1;-277
192530.8;-314
192538.5;-308
192546.2;-307
192553.8;-322
192561.5;-301
192569.2;-313
192576.9;-285
192584.6;-320
192592.3;-312
192600.0;-325
192607.7;-298
192615.4;-306
192623.1;-278
192630.8;-252
192638.5;-202
192646.2;-156
192653.8;-129
192661.5;-78
192669.2;-83
192676.9;-44
192684.6;-80
192692.3;-75
192700.0;-114
192707.7;-142
192715.4;-194
192723.1;-199
192730.8;-237
192738.5;-254
192746.2;-272
192753.8;-302
192761.5;-310
192769.2;-361
192776.9;-336
192784.6;-353
192792.3;-343
192800.0;-361
192807.7;-322
192815.4;-327
192823.1;-311
192830.8;-306
192838.5;-287
192846.2;-287
192853.8;-292
192861.5;-279
192869.2;-288
192876.9;-277
192884.6;-305
192892.3;-291
192900.0;-307
192907.7;-300
192915.4;-319
192923.1;-305
192930.8;-304
192938.5;-299
192946.2;-307
192953.8;-321
192961.5;-304
192969.2;-311
192976.9;-290
192984.6;-291
192992.3;-274
193000.0;-299
193007.7;-292
193015.4;-321
193023.1;-295
193030.8;-312
193038.5;-302
193046.2;-294
193053.8;-290
193061.5;-286
193069.2;-301
193076.9;-283
193084.6;-311
193092.3;-281
193100.0;-290
193107.7;-265
193115.4;-285
193123.1;-274
193130.8;-285
193138.5;-284
193146.2;-293
193153.8;-287
193161.5;-278
193169.2;-292
193176.9;-279
193184.6;-283
193192.3;-248
193200.0;-259
193207.7;-177
193215.4;-106
193223.1;180
193230.8;581
193238.5;1032
193246.2;1394
193253.8;1334
193261.5;744
193269.2;140
193276.9;-131
193284.6;-183
193292.3;-182
193300.0;-275
193307.7;-287
193315.4;-351
193323.1;-366
193330.8;-390
193338.5;-398
193346.2;-386
193353.8;-393
193361.5;-382
193369.2;-381
193376.9;-349
193384.6;-376
193392.3;-349
193400.0;-372
193407.7;-339
193415.4;-333
193423.1;-297
193430.8;-282
193438.5;-247
193446.2;-219
193453.8;-198
193461.5;-169
193469.2;-184
193476.9;-165
193484.6;-190
193492.3;-157
193500.0;-185
193507.7;-178
193515.4;-223
193523.1;-242
193530.8;-267
193538.5;-283
193546.2;-297
193553.8;-323
193561.5;-321
193569.2;-347
193576.9;-319
193584.6;-333
193592.3;-297
193600.0;-308
193607.7;-281
193615.4;-295
193623.1;-279
193630.8;-284
193638.5;-278
193646.2;-278
193653.8;-289
193661.5;-302
193669.2;-307
193676.9;-299
193684.6;-314
193692.3;-285
193700.0;-304
193707.7;-274
193715.4;-310
193723.1;-298
193730.8;-307
193738.5;-314
193746.2;-312
193753.8;-318
193761.5;-298
193769.2;-298
193776.9;-263
193784.6;-280
193792.3;-256
193800.0;-270
193807.7;-223
193815.4;-202
193823.1;-141
193830.8;-73
193838.5;230
193846.2;646
193853.8;1105
193861.5;1413
193869.2;1229
193876.9;580
193884.6;64
193892.3;-112
193900.0;-189
193907.7;-227
193915.4;-292
193923.1;-310
193930.8;-346
193938.5;-345
193946.2;-360
193953.8;-372
193961.5;-365
193969.2;-374
193976.9;-360
193984.6;-365
193992.3;-328
194000.0;-375
194007.7;-360
194015.4;-374
194023.1;-339
194030.8;-309
194038.5;-276
194046.2;-243
194053.8;-211
194061.5;-180
194069.2;-170
194076.9;-139
194084.6;-160
194092.3;-142
194100.0;-180
194107.7;-187
194115.4;-249
194123.1;-258
194130.8;-286
194138.5;-297
194146.2;-302
194153.8;-305
194161.5;-310
194169.2;-347
194176.9;-306
194184.6;-319
194192.3;-237
194200.0;-168
194207.7;105
194215.4;482
194223.1;974
194230.8;1361
194238.5;1373
194246.2;875
194253.8;231
194261.5;-80
194269.2;-231
194276.9;-260
194284.6;-356
194292.3;-369
194300.0;-405
194307.7;-409
194315.4;-453
194323.1;-437
194330.8;-450
194338.5;-450
194346.2;-443
194353.8;-424
194361.5;-393
194369.2;-397
194376.9;-376
194384.6;-383
194392.3;-339
194400.0;-355
194407.7;-302
194415.4;-302
194423.1;-256
194430.8;-248
194438.5;-210
194446.2;-189
194453.8;-170
194461.5;-144
194469.2;-164
194476.9;-175
194484.6;-214
194492.3;-211
194500.0;-257
194507.7;-260
194515.4;-267
194523.1;-248
194530.8;-260
194538.5;-244
194546.2;-233
194553.8;-236
194561.5;-241
194569.2;-255
194576.9;-244
194584.6;-276
194592.3;-256
194600.0;-273
194607.7;-239
194615.4;-267
194623.1;-260
194630.8;-262
194638.5;-263
194646.2;-263
194653.8;-281
194661.5;-272
194669.2;-277
194676.9;-267
194684.6;-291
194692.3;-273
194700.0;-293
194707.7;-256
194715.4;-280
194723.1;-266
194730.8;-280
194738.5;-290
194746.2;-307
194753.8;-303
194761.5;-276
194769.2;-286
194776.9;-266
194784.6;-300
194792.3;-267
194800.0;-287
194807.7;-284
194815.4;-299
194823.1;-296
194830.8;-305
194838.5;-303
194846.2;-293
194853.8;-284
194861.5;-275
194869.2;-272
194876.9;-226
194884.6;-241
194892.3;-216
194900.0;-246
194907.7;-213
194915.4;-219
194923.1;-191
194930.8;-207
194938.5;-201
194946.2;-187
194953.8;-189
194961.5;-114
194969.2;-39
194976.9;283
194984.6;751
194992.3;1230
195000.0;1599
195007.7;1405
195015.4;520
195023.1;-146
195030.8;-314
195038.5;-241
195046.2;-284
195053.8;-312
195061.5;-308
195069.2;-350
195076.9;-330
195084.6;-341
195092.3;-325
195100.0;-353
195107.7;-332
195115.4;-355
195123.1;-341
195130.8;-358
195138.5;-349
195146.2;-361
195153.8;-346
195161.5;-330
195169.2;-344
195176.9;-331
195184.6;-333
195192.3;-307
195200.0;-323
195207.7;-279
195215.4;-281
195223.1;-238
195230.8;-211
195238.5;-185
195246.2;-173
195253.8;-171
195261.5;-171
195269.2;-197
195276.9;-210
195284.6;-256
195292.3;-239
195300.0;-280
195307.7;-266
195315.4;-287
195323.1;-272
195330.8;-277
195338.5;-266
195346.2;-253
195353.8;-262
195361.5;-246
195369.2;-246
195376.9;-223
195384.6;-227
195392.3;-194
195400.0;-211
195407.7;-177
195415.4;-187
195423.1;-161
195430.8;-173
195438.5;-173
195446.2;-198
195453.8;-211
195461.5;-211
195469.2;-240
195476.9;-237
195484.6;-258
195492.3;-225
195500.0;-235
195507.7;-220
195515.4;-239
195523.1;-206
195530.8;-224
195538.5;-211
195546.2;-222
195553.8;-216
195561.5;-207
195569.2;-239
195576.9;-216
195584.6;-209
195592.3;-168
195600.0;-156
195607.7;-67
195615.4;112
195623.1;545
195630.8;996
195638.5;1432
195646.2;1570
195653.8;1021
195661.5;270
195669.2;-135
195676.9;-167
195684.6;-201
195692.3;-254
195700.0;-284
195707.7;-278
195715.4;-304
195723.1;-301
195730.8;-341
195738.5;-334
195746.2;-346
195753.8;-357
195761.5;-358
195769.2;-371
195776.9;-347
195784.6;-357
195792.3;-324
195800.0;-330
195807.7;-259
195815.4;-246
195823.1;-237
195830.8;-232
195838.5;-231
195846.2;-218
195853.8;-213
195861.5;-174
195869.2;-167
195876.9;-145
195884.6;-181
195892.3;-178
195900.0;-229
195907.7;-240
195915.4;-293
195923.1;-293
195930.8;-314
195938.5;-323
195946.2;-331
195953.8;-334
195961.5;-297
195969.2;-300
195976.9;-283
195984.6;-307
195992.3;-268
196000.0;-292
196007.7;-261
196015.4;-261
196023.1;-221
196030.8;-241
196038.5;-227
196046.2;-237
196053.8;-228
196061.5;-218
196069.2;-241
196076.9;-229
196084.6;-264
196092.3;-226
196100.0;-252
196107.7;-213
196115.4;-205
196123.1;-142
196130.8;-40
196138.5;249
196146.2;637
196153.8;1097
196161.5;1413
196169.2;1125
196176.9;445
196184.6;9
196192.3;-136
196200.0;-211
196207.7;-264
196215.4;-330
196223.1;-330
196230.8;-344
196238.5;-350
196246.2;-361
196253.8;-368
196261.5;-354
196269.2;-375
196276.9;-356
196284.6;-382
196292.3;-353
196300.0;-366
196307.7;-326
196315.4;-331
196323.1;-288
196330.8;-277
196338.5;-254
196346.2;-236
196353.8;-234
196361.5;-209
196369.2;-222
196376.9;-188
196384.6;-203
196392.3;-206
196400.0;-248
196407.7;-256
196415.4;-304
196423.1;-291
196430.8;-312
196438.5;-325
196446.2;-331
196453.8;-327
196461.5;-325
196469.2;-337
196476.9;-321
196484.6;-337
196492.3;-323
196500.0;-342
196507.7;-325
196515.4;-334
196523.1;-323
196530.8;-338
196538.5;-315
196546.2;-295
196553.8;-245
196561.5;-122
196569.2;250
196576.9;737
196584.6;1192
196592.3;1441
196600.0;1073
196607.7;290
196615.4;-149
196623.1;-240
196630.8;-290
196638.5;-334
196646.2;-384
196653.8;-407
196661.5;-408
196669.2;-427
196676.9;-420
196684.6;-441
196692.3;-433
196700.0;-458
196707.7;-442
196715.4;-457
196723.1;-446
196730.8;-453
196738.5;-412
196746.2;-386
196753.8;-365
196761.5;-332
196769.2;-332
196776.9;-297
196784.6;-297
196792.3;-274
196800.0;-261
196807.7;-216
196815.4;-229
196823.1;-223
196830.8;-256
196838.5;-262
196846.2;-287
196853.8;-317
196861.5;-331
196869.2;-377
196876.9;-376
196884.6;-409
196892.3;-363
196900.0;-369
196907.7;-344
196915.4;-348
196923.1;-320
196930.8;-334
196938.5;-334
196946.2;-340
196953.8;-336
196961.5;-319
196969.2;-336
196976.9;-298
196984.6;-325
196992.3;-310
197000.0;-330
197007.7;-314
197015.4;-336
197023.1;-316
197030.8;-329
197038.5;-331
197046.2;-343
197053.8;-345
197061.5;-333
197069.2;-343
197076.9;-328
197084.6;-335
197092.3;-291
197100.0;-307
197107.7;-288
197115.4;-326
197123.1;-298
197130.8;-332
197138.5;-327
197146.2;-337
197153.8;-339
197161.5;-334
197169.2;-342
197176.9;-330
197184.6;-354
197192.3;-321
197200.0;-334
197207.7;-301
197215.4;-324
197223.1;-310
197230.8;-312
197238.5;-288
197246.2;-277
197253.8;-254
197261.5;-244
197269.2;-247
197276.9;-213
197284.6;-207
197292.3;-116
197300.0;16
197307.7;377
197315.4;770
197323.1;1190
197330.8;1424
197338.5;1105
197346.2;358
197353.8;-108
197361.5;-220
197369.2;-249
197376.9;-287
197384.6;-335
197392.3;-331
197400.0;-364
197407.7;-363
197415.4;-405
197423.1;-367
197430.8;-383
197438.5;-367
197446.2;-379
197453.8;-371
197461.5;-343
197469.2;-346
197476.9;-296
197484.6;-291
197492.3;-254
197500.0;-274
197507.7;-262
197515.4;-281
197523.1;-263
197530.8;-274
197538.5;-254
197546.2;-235
197553.8;-209
197561.5;-187
197569.2;-173
197576.9;-129
197584.6;-152
197592.3;-125
197600.0;-175
197607.7;-164
197615.4;-203
197623.1;-201
197630.8;-220
197638.5;-213
197646.2;-216
197653.8;-228
197661.5;-221
197669.2;-237
197676.9;-245
197684.6;-304
197692.3;-283
197700.0;-304
197707.7;-285
197715.4;-308
197723.1;-287
197730.8;-301
197738.5;-294
197746.2;-273
197753.8;-264
197761.5;-252
197769.2;-277
197776.9;-254
197784.6;-257
197792.3;-222
197800.0;-238
197807.7;-180
197815.4;-200
197823.1;-175
197830.8;-197
197838.5;-208
197846.2;-221
197853.8;-245
197861.5;-246
197869.2;-269
197876.9;-264
197884.6;-290
197892.3;-260
197900.0;-293
197907.7;-283
197915.4;-298
197923.1;-307
197930.8;-326
197938.5;-307
197946.2;-280
197953.8;-269
197961.5;-262
197969.2;-283
197976.9;-256
197984.6;-261
197992.3;-248
198000.0;-273
198007.7;-249
198015.4;-272
198023.1;-252
198030.8;-259
198038.5;-255
198046.2;-265
198053.8;-262
198061.5;-251
198069.2;-259
198076.9;-189
198084.6;-141
198092.3;49
198100.0;430
198107.7;953
198115.4;1402
198123.1;1668
198130.8;1184
198138.5;410
198146.2;-96
198153.8;-225
198161.5;-147
198169.2;-223
198176.9;-258
198184.6;-296
198192.3;-294
198200.0;-330
198207.7;-313
198215.4;-346
198223.1;-311
198230.8;-320
198238.5;-303
198246.2;-300
198253.8;-307
198261.5;-308
198269.2;-315
198276.9;-290
198284.6;-286
198292.3;-245
198300.0;-279
198307.7;-254
198315.4;-268
198323.1;-246
198330.8;-246
198338.5;-235
198346.2;-236
198353.8;-219
198361.5;-213
198369.2;-208
198376.9;-175
198384.6;-200
198392.3;-179
198400.0;-213
198407.7;-200
198415.4;-241
198423.1;-236
198430.8;-269
198438.5;-262
198446.2;-288
198453.8;-272
198461.5;-266
198469.2;-305
198476.9;-281
198484.6;-303
198492.3;-260
198500.0;-283
198507.7;-253
198515.4;-266
198523.1;-236
198530.8;-249
198538.5;-246
198546.2;-228
198553.8;-238
198561.5;-232
198569.2;-250
198576.9;-231
198584.6;-253
198592.3;-234
198600.0;-274
198607.7;-271
198615.4;-282
198623.1;-267
198630.8;-283
198638.5;-280
198646.2;-280
198653.8;-297
198661.5;-299
198669.2;-298
198676.9;-297
198684.6;-322
198692.3;-287
198700.0;-291
198707.7;-264
198715.4;-284
198723.1;-256
198730.8;-255
198738.5;-238
198746.2;-238
198753.8;-243
198761.5;-257
198769.2;-269
198776.9;-251
198784.6;-268
198792.3;-250
198800.0;-259
198807.7;-229
198815.4;-256
198823.1;-236
198830.8;-235
198838.5;-219
198846.2;-187
198853.8;-131
198861.5;-1
198869.2;305
198876.9;741
198884.6;1158
198892.3;1532
198900.0;1347
198907.7;665
198915.4;46
198923.1;-161
198930.8;-168
198938.5;-188
198946.2;-256
198953.8;-302
198961.5;-294
198969.2;-322
198976.9;-305
198984.6;-341
198992.3;-325
199000.0;-357
199007.7;-335
199015.4;-356
199023.1;-334
199030.8;-333
199038.5;-313
199046.2;-308
199053.8;-284
199061.5;-251
199069.2;-266
199076.9;-249
199084.6;-251
199092.3;-219
199100.0;-216
199107.7;-189
199115.4;-199
199123.1;-186
199130.8;-185
199138.5;-160
199146.2;-161
199153.8;-172
199161.5;-198
199169.2;-232
199176.9;-235
199184.6;-276
199192.3;-262
199200.0;-305
199207.7;-284
199215.4;-308
199223.1;-299
199230.8;-300
199238.5;-289
199246.2;-294
199253.8;-295
199261.5;-292
199269.2;-310
199276.9;-296
199284.6;-321
199292.3;-289
199300.0;-323
199307.7;-285
199315.4;-306
199323.1;-300
199330.8;-308
199338.5;-308
199346.2;-313
199353.8;-312
199361.5;-308
199369.2;-318
199376.9;-296
199384.6;-312
199392.3;-296
199400.0;-320
199407.7;-291
199415.4;-291
199423.1;-271
199430.8;-294
199438.5;-291
199446.2;-303
199453.8;-310
199461.5;-292
199469.2;-301
199476.9;-280
199484.6;-283
199492.3;-274
199500.0;-294
199507.7;-285
199515.4;-309
199523.1;-297
199530.8;-304
199538.5;-295
199546.2;-300
199553.8;-289
199561.5;-291
199569.2;-295
199576.9;-287
199584.6;-296
199592.3;-269
199600.0;-302
199607.7;-277
199615.4;-277
199623.1;-233
199630.8;-194
199638.5;-101
199646.2;71
199653.8;446
199661.5;859
199669.2;1280
199676.9;1566
199684.6;1296
199692.3;598
199700.0;35
199707.7;-141
199715.4;-189
199723.1;-230
199730.8;-309
199738.5;-329
199746.2;-343
199753.8;-354
199761.5;-352
199769.2;-364
199776.9;-329
199784.6;-345
199792.3;-304
199800.0;-318
199807.7;-270
199815.4;-291
199823.1;-267
199830.8;-285
199838.5;-271
199846.2;-271
199853.8;-257
199861.5;-234
199869.2;-235
199876.9;-211
199884.6;-211
199892.3;-162
199900.0;-180
199907.7;-132
199915.4;-139
199923.1;-123
199930.8;-171
199938.5;-162
199946.2;-182
199953.8;-202
199961.5;-206
199969.2;-230
199976.9;-227
199984.6;-260
199992.3;-240
200000.0;-268
200007.7;-242
200015.4;-272
200023.1;-253
200030.8;-271
200038.5;-272
200046.2;-293
200053.8;-280
200061.5;-265
200069.2;-246
200076.9;-195
200084.6;-111
200092.3;240
200100.0;658
200107.7;1165
200115.4;1456
200123.1;1172
200130.8;395
200138.5;-44
200146.2;-178
200153.8;-210
200161.5;-250
200169.2;-300
200176.9;-302
200184.6;-344
200192.3;-344
200200.0;-378
200207.7;-381
200215.4;-399
200223.1;-396
200230.8;-406
200238.5;-390
200246.2;-395
200253.8;-389
200261.5;-359
200269.2;-365
200276.9;-322
200284.6;-299
200292.3;-252
200300.0;-228
200307.7;-204
200315.4;-191
200323.1;-149
200330.8;-140
200338.5;-140
200346.2;-138
200353.8;-159
200361.5;-180
200369.2;-236
200376.9;-269
200384.6;-297
200392.3;-296
200400.0;-331
200407.7;-312
200415.4;-337
200423.1;-322
200430.8;-332
200438.5;-312
200446.2;-319
200453.8;-309
200461.5;-284
200469.2;-307
200476.9;-289
200484.6;-312
200492.3;-308
200500.0;-337
200507.7;-314
200515.4;-313
200523.1;-272
200530.8;-294
200538.5;-297
200546.2;-310
200553.8;-313
200561.5;-308
200569.2;-337
200576.9;-320
200584.6;-349
200592.3;-309
200600.0;-327
200607.7;-300
200615.4;-318
200623.1;-287
200630.8;-280
200638.5;-252
200646.2;-251
200653.8;-265
200661.5;-262
200669.2;-258
200676.9;-194
200684.6;-113
200692.3;241
200700.0;660
200707.7;1171
200715.4;1475
200723.1;1158
200730.8;337
200738.5;-141
200746.2;-239
200753.8;-252
200761.5;-314
200769.2;-364
200776.9;-355
200784.6;-362
200792.3;-352
200800.0;-363
200807.7;-349
200815.4;-366
200823.1;-351
200830.8;-376
200838.5;-377
200846.2;-387
200853.8;-381
200861.5;-362
200869.2;-365
200876.9;-350
200884.6;-356
200892.3;-282
200900.0;-278
200907.7;-247
200915.4;-260
200923.1;-211
200930.8;-203
200938.5;-170
200946.2;-159
200953.8;-180
200961.5;-207
200969.2;-221
200976.9;-216
200984.6;-264
200992.3;-273
201000.0;-311
201007.7;-304
201015.4;-330
201023.1;-311
201030.8;-346
201038.5;-343
201046.2;-353
201053.8;-339
201061.5;-306
201069.2;-287
201076.9;-253
201084.6;-260
201092.3;-241
201100.0;-257
201107.7;-251
201115.4;-282
201123.1;-261
201130.8;-273
201138.5;-271
201146.2;-281
201153.8;-311
201161.5;-295
201169.2;-305
201176.9;-289
201184.6;-311
201192.3;-292
201200.0;-314
201207.7;-298
201215.4;-315
201223.1;-241
201230.8;-260
201238.5;-251
201246.2;-276
201253.8;-282
201261.5;-281
201269.2;-306
201276.9;-287
201284.6;-287
201292.3;-265
201300.0;-285
201307.7;-271
201315.4;-292
201323.1;-285
201330.8;-311
201338.5;-309
201346.2;-307
201353.8;-295
201361.5;-277
201369.2;-286
201376.9;-265
201384.6;-255
201392.3;-247
201400.0;-265
201407.7;-237
201415.4;-250
201423.1;-232
201430.8;-248
201438.5;-244
201446.2;-250
201453.8;-262
201461.5;-265
201469.2;-287
201476.9;-279
201484.6;-305
201492.3;-274
201500.0;-302
201507.7;-269
201515.4;-279
201523.1;-253
201530.8;-261
201538.5;-232
201546.2;-232
201553.8;-231
201561.5;-209
201569.2;-205
201576.9;-161
201584.6;-179
201592.3;-161
201600.0;-189
201607.7;-176
201615.4;-193
201623.1;-174
201630.8;-171
201638.5;-107
201646.2;-18
201653.8;329
201661.5;830
201669.2;1269
201676.9;1625
201684.6;1245
201692.3;459
201700.0;-111
201707.7;-221
201715.4;-202
201723.1;-244
201730.8;-282
201738.5;-293
201746.2;-303
201753.8;-293
201761.5;-288
201769.2;-300
201776.9;-301
201784.6;-326
201792.3;-304
201800.0;-324
201807.7;-283
201815.4;-307
201823.1;-293
201830.8;-286
201838.5;-259
201846.2;-252
201853.8;-247
201861.5;-226
201869.2;-232
201876.9;-215
201884.6;-230
201892.3;-201
201900.0;-240
201907.7;-219
201915.4;-227
201923.1;-168
201930.8;-184
201938.5;-192
201946.2;-197
201953.8;-205
201961.5;-221
201969.2;-247
201976.9;-231
201984.6;-257
201992.3;-242
202000.0;-267
202007.7;-230
202015.4;-257
202023.1;-235
202030.8;-251
202038.5;-234
202046.2;-225
202053.8;-216
202061.5;-219
202069.2;-236
202076.9;-241
202084.6;-244
202092.3;-186
202100.0;-185
202107.7;-166
202115.4;-202
202123.1;-213
202130.8;-217
202138.5;-219
202146.2;-216
202153.8;-215
202161.5;-211
202169.2;-218
202176.9;-217
202184.6;-236
202192.3;-219
202200.0;-244
202207.7;-227
202215.4;-245
202223.1;-232
202230.8;-258
202238.5;-250
202246.2;-234
202253.8;-205
202261.5;-176
202269.2;-146
202276.9;-42
202284.6;160
202292.3;596
202300.0;1029
202307.7;1422
202315.4;1425
202323.1;873
202330.8;194
202338.5;-96
202346.2;-155
202353.8;-203
202361.5;-256
202369.2;-285
202376.9;-302
202384.6;-342
202392.3;-328
202400.0;-359
202407.7;-322
202415.4;-343
202423.1;-322
202430.8;-324
202438.5;-277
202446.2;-263
202453.8;-248
202461.5;-228
202469.2;-238
202476.9;-225
202484.6;-219
202492.3;-180
202500.0;-192
202507.7;-167
202515.4;-178
202523.1;-147
202530.8;-164
202538.5;-149
202546.2;-162
202553.8;-177
202561.5;-201
202569.2;-222
202576.9;-214
202584.6;-266
202592.3;-259
202600.0;-291
202607.7;-259
202615.4;-310
202623.1;-296
202630.8;-309
202638.5;-286
202646.2;-265
202653.8;-270
202661.5;-268
202669.2;-288
202676.9;-277
202684.6;-304
202692.3;-284
202700.0;-309
202707.7;-276
202715.4;-297
202723.1;-267
202730.8;-279
202738.5;-268
202746.2;-270
202753.8;-269
202761.5;-270
202769.2;-273
202776.9;-262
202784.6;-277
202792.3;-250
202800.0;-280
202807.7;-251
202815.4;-297
202823.1;-280
202830.8;-288
202838.5;-257
202846.2;-243
202853.8;-248
202861.5;-251
202869.2;-259
202876.9;-252
202884.6;-264
202892.3;-255
202900.0;-272
202907.7;-250
202915.4;-256
202923.1;-239
202930.8;-277
202938.5;-269
202946.2;-268
202953.8;-249
202961.5;-244
202969.2;-249
202976.9;-225
202984.6;-248
202992.3;-237
203000.0;-238
203007.7;-132
203015.4;-45
203023.1;255
203030.8;684
203038.5;1121
203046.2;1448
203053.8;1299
203061.5;573
203069.2;11
203076.9;-160
203084.6;-193
203092.3;-239
203100.0;-325
203107.7;-329
203115.4;-360
203123.1;-361
203130.8;-354
203138.5;-343
203146.2;-360
203153.8;-377
203161.5;-352
203169.2;-339
203176.9;-291
203184.6;-282
203192.3;-254
203200.0;-238
203207.7;-196
203215.4;-201
203223.1;-164
203230.8;-154
203238.5;-133
203246.2;-112
203253.8;-110
203261.5;-99
203269.2;-108
203276.9;-79
203284.6;-110
203292.3;-126
203300.0;-184
203307.7;-185
203315.4;-244
203323.1;-242
203330.8;-275
203338.5;-263
203346.2;-266
203353.8;-254
203361.5;-232
203369.2;-253
203376.9;-229
203384.6;-249
203392.3;-230
203400.0;-253
203407.7;-235
203415.4;-246
203423.1;-211
203430.8;-233
203438.5;-242
203446.2;-254
203453.8;-257
203461.5;-259
203469.2;-284
203476.9;-262
203484.6;-283
203492.3;-256
203500.0;-265
203507.7;-219
203515.4;-203
203523.1;-184
203530.8;-175
203538.5;-186
203546.2;-197
203553.8;-194
203561.5;-196
203569.2;-219
203576.9;-191
203584.6;-204
203592.3;-197
203600.0;-222
203607.7;-218
203615.4;-254
203623.1;-243
203630.8;-274
203638.5;-259
203646.2;-278
203653.8;-280
203661.5;-280
203669.2;-293
203676.9;-277
203684.6;-304
203692.3;-281
203700.0;-284
203707.7;-274
203715.4;-302
203723.1;-263
203730.8;-260
203738.5;-238
203746.2;-223
203753.8;-220
203761.5;-230
203769.2;-236
203776.9;-224
203784.6;-254
203792.3;-238
203800.0;-269
203807.7;-254
203815.4;-264
203823.1;-247
203830.8;-265
203838.5;-242
203846.2;-253
203853.8;-233
203861.5;-211
203869.2;-212
203876.9;-203
203884.6;-211
203892.3;-169
203900.0;-172
203907.7;-113
203915.4;-55
203923.1;166
203930.8;540
203938.5;994
203946.2;1401
203953.8;1641
203961.5;1231
203969.2;520
203976.9;-22
203984.6;-238
203992.3;-178
204000.0;-237
204007.7;-247
204015.4;-309
204023.1;-304
204030.8;-328
204038.5;-313
204046.2;-323
204053.8;-319
204061.5;-320
204069.2;-319
204076.9;-292
204084.6;-315
204092.3;-285
204100.0;-319
204107.7;-293
204115.4;-309
204123.1;-277
204130.8;-285
204138.5;-262
204146.2;-251
204153.8;-223
204161.5;-220
204169.2;-234
204176.9;-214
204184.6;-228
204192.3;-199
204200.0;-216
204207.7;-198
204215.4;-210
204223.1;-210
204230.8;-248
204238.5;-250
204246.2;-287
204253.8;-316
204261.5;-319
204269.2;-348
204276.9;-354
204284.6;-353
204292.3;-335
204300.0;-344
204307.7;-310
204315.4;-327
204323.1;-296
204330.8;-308
204338.5;-263
204346.2;-250
204353.8;-225
204361.5;-225
204369.2;-235
204376.9;-221
204384.6;-246
204392.3;-244
204400.0;-273
204407.7;-262
204415.4;-304
204423.1;-292
204430.8;-328
204438.5;-319
204446.2;-330
204453.8;-317
204461.5;-310
204469.2;-315
204476.9;-293
204484.6;-325
204492.3;-303
204500.0;-321
204507.7;-289
204515.4;-293
204523.1;-274
204530.8;-301
204538.5;-287
204546.2;-277
204553.8;-254
204561.5;-229
204569.2;-264
204576.9;-254
204584.6;-284
204592.3;-276
204600.0;-295
204607.7;-293
204615.4;-307
204623.1;-286
204630.8;-290
204638.5;-268
204646.2;-268
204653.8;-252
204661.5;-201
204669.2;-151
204676.9;50
204684.6;380
204692.3;803
204700.0;1152
204707.7;1375
204715.4;1116
204723.1;510
204730.8;48
204738.5;-142
204746.2;-196
204753.8;-230
204761.5;-268
204769.2;-322
204776.9;-314
204784.6;-345
204792.3;-328
204800.0;-342
204807.7;-325
204815.4;-353
204823.1;-335
204830.8;-346
204838.5;-333
204846.2;-328
204853.8;-326
204861.5;-317
204869.2;-323
204876.9;-314
204884.6;-310
204892.3;-279
204900.0;-281
204907.7;-225
204915.4;-207
204923.1;-170
204930.8;-176
204938.5;-160
204946.2;-152
204953.8;-151
204961.5;-142
204969.2;-153
204976.9;-153
204984.6;-192
204992.3;-209
205000.0;-260
205007.7;-272
205015.4;-304
205023.1;-312
205030.8;-349
205038.5;-342
205046.2;-364
205053.8;-372
205061.5;-372
205069.2;-365
205076.9;-336
205084.6;-345
205092.3;-332
205100.0;-335
205107.7;-307
205115.4;-307
205123.1;-264
205130.8;-286
205138.5;-275
205146.2;-288
205153.8;-289
205161.5;-283
205169.2;-300
205176.9;-294
205184.6;-319
205192.3;-308
205200.0;-340
205207.7;-326
205215.4;-344
205223.1;-323
205230.8;-354
205238.5;-337
205246.2;-333
205253.8;-297
205261.5;-266
205269.2;-236
205276.9;-131
205284.6;95
205292.3;497
205300.0;911
205307.7;1323
205315.4;1279
205323.1;727
205330.8;105
205338.5;-166
205346.2;-225
205353.8;-273
205361.5;-318
205369.2;-362
205376.9;-373
205384.6;-417
205392.3;-412
205400.0;-427
205407.7;-412
205415.4;-421
205423.1;-388
205430.8;-401
205438.5;-377
205446.2;-368
205453.8;-337
205461.5;-310
205469.2;-302
205476.9;-265
205484.6;-259
205492.3;-212
205500.0;-222
205507.7;-168
205515.4;-178
205523.1;-148
205530.8;-155
205538.5;-125
205546.2;-142
205553.8;-164
205561.5;-177
205569.2;-227
205576.9;-237
205584.6;-293
205592.3;-315
205600.0;-359
205607.7;-346
205615.4;-374
205623.1;-337
205630.8;-335
205638.5;-317
205646.2;-321
205653.8;-306
205661.5;-314
205669.2;-327
205676.9;-298
205684.6;-316
205692.3;-291
205700.0;-315
205707.7;-301
205715.4;-323
205723.1;-286
205730.8;-322
205738.5;-301
205746.2;-297
205753.8;-310
205761.5;-318
205769.2;-339
205776.9;-327
205784.6;-345
205792.3;-315
205800.0;-315
205807.7;-289
205815.4;-307
205823.1;-270
205830.8;-281
205838.5;-273
205846.2;-278
205853.8;-267
205861.5;-280
205869.2;-302
205876.9;-290
205884.6;-326
205892.3;-284
205900.0;-316
205907.7;-274
205915.4;-307
205923.1;-293
205930.8;-296
205938.5;-285
205946.2;-296
205953.8;-276
205961.5;-261
205969.2;-247
205976.9;-218
205984.6;-192
205992.3;-115
206000.0;35
206007.7;454
206015.4;889
206023.1;1349
206030.8;1450
206038.5;957
206046.2;242
206053.8;-98
206061.5;-171
206069.2;-214
206076.9;-260
206084.6;-313
206092.3;-322
206100.0;-375
206107.7;-371
206115.4;-375
206123.1;-321
206130.8;-352
206138.5;-330
206146.2;-342
206153.8;-336
206161.5;-336
206169.2;-327
206176.9;-268
206184.6;-266
206192.3;-244
206200.0;-272
206207.7;-223
206215.4;-229
206223.1;-212
206230.8;-225
206238.5;-200
206246.2;-201
206253.8;-187
206261.5;-186
206269.2;-182
206276.9;-172
206284.6;-179
206292.3;-179
206300.0;-214
206307.7;-214
206315.4;-268
206323.1;-263
206330.8;-297
206338.5;-298
206346.2;-323
206353.8;-289
206361.5;-273
206369.2;-265
206376.9;-250
206384.6;-260
206392.3;-208
206400.0;-183
206407.7;-18
206415.4;360
206423.1;831
206430.8;1219
206438.5;1225
206446.2;656
206453.8;54
206461.5;-152
206469.2;-212
206476.9;-263
206484.6;-331
206492.3;-342
206500.0;-396
206507.7;-381
206515.4;-421
206523.1;-393
206530.8;-394
206538.5;-390
206546.2;-407
206553.8;-426
206561.5;-423
206569.2;-415
206576.9;-372
206584.6;-357
206592.3;-313
206600.0;-315
206607.7;-271
206615.4;-275
206623.1;-241
206630.8;-239
206638.5;-189
206646.2;-166
206653.8;-157
206661.5;-167
206669.2;-182
206676.9;-214
206684.6;-262
206692.3;-257
206700.0;-283
206707.7;-274
206715.4;-290
206723.1;-265
206730.8;-261
206738.5;-262
206746.2;-275
206753.8;-266
206761.5;-275
206769.2;-302
206776.9;-294
206784.6;-326
206792.3;-322
206800.0;-359
206807.7;-339
206815.4;-363
206823.1;-348
206830.8;-367
206838.5;-359
206846.2;-372
206853.8;-374
206861.5;-369
206869.2;-351
206876.9;-298
206884.6;-272
206892.3;-245
206900.0;-264
206907.7;-255
206915.4;-317
206923.1;-322
206930.8;-354
206938.5;-350
206946.2;-368
206953.8;-358
206961.5;-360
206969.2;-365
206976.9;-352
206984.6;-367
206992.3;-339
207000.0;-357
207007.7;-343
207015.4;-347
207023.1;-314
207030.8;-305
207038.5;-276
207046.2;-257
207053.8;-237
207061.5;-216
207069.2;-236
207076.9;-249
207084.6;-272
207092.3;-274
207100.0;-321
207107.7;-310
207115.4;-340
207123.1;-318
207130.8;-312
207138.5;-219
207146.2;-42
207153.8;417
207161.5;928
207169.2;1412
207176.9;1484
207184.6;744
207192.3;28
207200.0;-314
207207.7;-255
207215.4;-299
207223.1;-324
207230.8;-356
207238.5;-336
207246.2;-379
207253.8;-370
207261.5;-387
207269.2;-402
207276.9;-406
207284.6;-430
207292.3;-399
207300.0;-420
207307.7;-393
207315.4;-398
207323.1;-352
207330.8;-357
207338.5;-341
207346.2;-349
207353.8;-317
207361.5;-315
207369.2;-323
207376.9;-303
207384.6;-317
207392.3;-262
207400.0;-250
207407.7;-194
207415.4;-204
207423.1;-187
207430.8;-214
207438.5;-219
207446.2;-237
207453.8;-250
207461.5;-254
207469.2;-264
207476.9;-264
207484.6;-281
207492.3;-247
207500.0;-283
207507.7;-262
207515.4;-281
207523.1;-266
207530.8;-284
207538.5;-267
207546.2;-296
207553.8;-309
207561.5;-306
207569.2;-309
207576.9;-251
207584.6;-255
207592.3;-222
207600.0;-240
207607.7;-223
207615.4;-255
207623.1;-236
207630.8;-275
207638.5;-259
207646.2;-269
207653.8;-276
207661.5;-273
207669.2;-283
207676.9;-280
207684.6;-305
207692.3;-298
207700.0;-321
207707.7;-305
207715.4;-338
207723.1;-328
207730.8;-327
207738.5;-280
207746.2;-271
207753.8;-253
207761.5;-227
207769.2;-173
207776.9;0
207784.6;382
207792.3;861
207800.0;1275
207807.7;1542
207815.4;1069
207823.1;280
207830.8;-189
207838.5;-233
207846.2;-253
207853.8;-312
207861.5;-338
207869.2;-365
207876.9;-371
207884.6;-395
207892.3;-364
207900.0;-377
207907.7;-339
207915.4;-350
207923.1;-335
207930.8;-347
207938.5;-333
207946.2;-320
207953.8;-325
207961.5;-307
207969.2;-305
207976.9;-306
207984.6;-300
207992.3;-252
208000.0;-255
208007.7;-212
208015.4;-225
208023.1;-200
208030.8;-227
208038.5;-205
208046.2;-221
208053.8;-235
208061.5;-245
208069.2;-276
208076.9;-295
208084.6;-313
208092.3;-292
208100.0;-322
208107.7;-307
208115.4;-328
208123.1;-296
208130.8;-324
208138.5;-309
208146.2;-311
208153.8;-303
208161.5;-296
208169.2;-307
208176.9;-273
208184.6;-299
208192.3;-265
208200.0;-240
208207.7;-191
208215.4;-210
208223.1;-207
208230.8;-242
208238.5;-236
208246.2;-257
208253.8;-256
208261.5;-253
208269.2;-259
208276.9;-247
208284.6;-276
208292.3;-276
208300.0;-299
208307.7;-267
208315.4;-291
208323.1;-251
208330.8;-270
208338.5;-243
208346.2;-245
208353.8;-223
208361.5;-219
208369.2;-222
208376.9;-167
208384.6;-99
208392.3;247
208400.0;700
208407.7;1164
208415.4;1461
208423.1;1335
208430.8;571
208438.5;11
208446.2;-200
208453.8;-227
208461.5;-297
208469.2;-353
208476.9;-354
208484.6;-387
208492.3;-366
208500.0;-400
208507.7;-353
208515.4;-371
208523.1;-337
208530.8;-359
208538.5;-340
208546.2;-353
208553.8;-337
208561.5;-330
208569.2;-341
208576.9;-326
208584.6;-352
208592.3;-297
208600.0;-289
208607.7;-242
208615.4;-259
208623.1;-231
208630.8;-248
208638.5;-210
208646.2;-182
208653.8;-175
208661.5;-170
208669.2;-189
208676.9;-180
208684.6;-216
208692.3;-222
208700.0;-262
208707.7;-262
208715.4;-302
208723.1;-315
208730.8;-341
208738.5;-347
208746.2;-368
208753.8;-379
208761.5;-383
208769.2;-405
208776.9;-385
208784.6;-372
208792.3;-314
208800.0;-321
208807.7;-302
208815.4;-318
208823.1;-290
208830.8;-304
208838.5;-278
208846.2;-262
208853.8;-254
208861.5;-251
208869.2;-259
208876.9;-260
208884.6;-278
208892.3;-254
208900.0;-285
208907.7;-268
208915.4;-295
208923.1;-288
208930.8;-307
208938.5;-286
208946.2;-284
208953.8;-194
208961.5;92
208969.2;487
208976.9;934
208984.6;1260
208992.3;1163
209000.0;482
209007.7;-4
209015.4;-172
209023.1;-159
209030.8;-244
209038.5;-285
209046.2;-307
209053.8;-320
209061.5;-333
209069.2;-365
209076.9;-362
209084.6;-381
209092.3;-365
209100.0;-392
209107.7;-369
209115.4;-371
209123.1;-368
209130.8;-386
209138.5;-373
209146.2;-356
209153.8;-318
209161.5;-304
209169.2;-286
209176.9;-265
209184.6;-258
209192.3;-208
209200.0;-193
209207.7;-176
209215.4;-204
209223.1;-182
209230.8;-223
209238.5;-233
209246.2;-269
209253.8;-287
209261.5;-319
209269.2;-354
209276.9;-350
209284.6;-378
209292.3;-370
209300.0;-392
209307.7;-361
209315.4;-370
209323.1;-325
209330.8;-323
209338.5;-272
209346.2;-269
209353.8;-260
209361.5;-264
209369.2;-263
209376.9;-256
209384.6;-273
209392.3;-239
209400.0;-274
209407.7;-267
209415.4;-307
209423.1;-295
209430.8;-338
209438.5;-341
209446.2;-378
209453.8;-382
209461.5;-393
209469.2;-396
209476.9;-370
209484.6;-386
209492.3;-362
209500.0;-374
209507.7;-341
209515.4;-334
209523.1;-280
209530.8;-287
209538.5;-267
209546.2;-271
209553.8;-266
209561.5;-252
209569.2;-252
209576.9;-227
209584.6;-241
209592.3;-237
209600.0;-264
209607.7;-259
209615.4;-284
209623.1;-263
209630.8;-301
209638.5;-284
209646.2;-306
209653.8;-312
209661.5;-312
209669.2;-315
209676.9;-321
209684.6;-320
209692.3;-287
209700.0;-284
209707.7;-253
209715.4;-275
209723.1;-232
209730.8;-266
209738.5;-248
209746.2;-274
209753.8;-258
209761.5;-245
209769.2;-236
209776.9;-209
209784.6;-201
209792.3;-128
209800.0;-62
209807.7;256
209815.4;652
209823.1;1097
209830.8;1414
209838.5;1353
209846.2;693
209853.8;49
209861.5;-253
209869.2;-284
209876.9;-273
209884.6;-323
209892.3;-310
209900.0;-344
209907.7;-330
209915.4;-357
209923.1;-347
209930.8;-362
209938.5;-335
209946.2;-322
209953.8;-308
209961.5;-301
209969.2;-320
209976.9;-302
209984.6;-311
209992.3;-293
210000.0;-317
210007.7;-291
210015.4;-287
210023.1;-268
210030.8;-293
210038.5;-273
210046.2;-269
210053.8;-256
210061.5;-250
210069.2;-220
210076.9;-170
210084.6;-163
210092.3;-143
210100.0;-166
210107.7;-164
210115.4;-212
210123.1;-219
210130.8;-270
210138.5;-282
210146.2;-315
210153.8;-316
210161.5;-325
210169.2;-320
210176.9;-314
210184.6;-315
210192.3;-305
210200.0;-313
210207.7;-296
210215.4;-306
210223.1;-267
210230.8;-252
210238.5;-230
210246.2;-229
210253.8;-201
210261.5;-201
210269.2;-206
210276.9;-207
210284.6;-244
210292.3;-239
210300.0;-271
210307.7;-255
210315.4;-261
210323.1;-249
210330.8;-259
210338.5;-258
210346.2;-262
210353.8;-259
210361.5;-255
210369.2;-255
210376.9;-254
210384.6;-268
210392.3;-273
210400.0;-279
210407.7;-249
210415.4;-257
210423.1;-234
210430.8;-277
210438.5;-271
210446.2;-284
210453.8;-285
210461.5;-284
210469.2;-292
210476.9;-303
210484.6;-297
210492.3;-275
210500.0;-292
210507.7;-258
210515.4;-267
210523.1;-240
210530.8;-257
210538.5;-238
210546.2;-258
210553.8;-256
210561.5;-246
210569.2;-248
210576.9;-212
210584.6;-195
210592.3;-174
210600.0;-193
210607.7;-180
210615.4;-219
210623.1;-189
210630.8;-214
210638.5;-185
210646.2;-188
210653.8;-170
210661.5;-119
210669.2;-67
210676.9;103
210684.6;497
210692.3;976
210700.0;1367
210707.7;1544
210715.4;962
210723.1;250
210730.8;-164
210738.5;-196
210746.2;-181
210753.8;-218
210761.5;-253
210769.2;-273
210776.9;-275
210784.6;-299
210792.3;-283
210800.0;-311
210807.7;-289
210815.4;-301
210823.1;-255
210830.8;-272
210838.5;-246
210846.2;-246
210853.8;-248
210861.5;-254
210869.2;-257
210876.9;-245
210884.6;-255
210892.3;-230
210900.0;-231
210907.7;-199
210915.4;-210
210923.1;-180
210930.8;-198
210938.5;-147
210946.2;-156
210953.8;-142
210961.5;-136
210969.2;-148
210976.9;-142
210984.6;-158
210992.3;-156
211000.0;-188
211007.7;-181
211015.4;-212
211023.1;-210
211030.8;-242
211038.5;-238
211046.2;-235
211053.8;-237
211061.5;-227
211069.2;-234
211076.9;-215
211084.6;-239
211092.3;-235
211100.0;-237
211107.7;-219
211115.4;-230
211123.1;-219
211130.8;-223
211138.5;-204
211146.2;-211
211153.8;-207
211161.5;-209
211169.2;-215
211176.9;-208
211184.6;-219
211192.3;-212
211200.0;-217
211207.7;-203
211215.4;-234
211223.1;-212
211230.8;-224
211238.5;-197
211246.2;-187
211253.8;-125
211261.5;-18
211269.2;302
211276.9;772
211284.6;1205
211292.3;1592
211300.0;1416
211307.7;682
211315.4;20
211323.1;-206
211330.8;-194
211338.5;-197
211346.2;-251
211353.8;-280
211361.5;-308
211369.2;-314
211376.9;-314
211384.6;-327
211392.3;-322
211400.0;-345
211407.7;-324
211415.4;-337
211423.1;-303
211430.8;-300
211438.5;-259
211446.2;-243
211453.8;-204
211461.5;-189
211469.2;-165
211476.9;-143
211484.6;-151
211492.3;-109
211500.0;-116
211507.7;-94
211515.4;-119
211523.1;-97
211530.8;-122
211538.5;-127
211546.2;-162
211553.8;-178
211561.5;-219
211569.2;-241
211576.9;-246
211584.6;-274
211592.3;-269
211600.0;-298
211607.7;-303
211615.4;-316
211623.1;-272
211630.8;-282
211638.5;-237
211646.2;-253
211653.8;-227
211661.5;-235
211669.2;-240
211676.9;-231
211684.6;-236
211692.3;-207
211700.0;-239
211707.7;-218
211715.4;-243
211723.1;-216
211730.8;-234
211738.5;-218
211746.2;-237
211753.8;-227
211761.5;-228
211769.2;-240
211776.9;-235
211784.6;-250
211792.3;-230
211800.0;-247
211807.7;-211
211815.4;-231
211823.1;-198
211830.8;-216
211838.5;-204
211846.2;-233
211853.8;-231
211861.5;-230
211869.2;-241
211876.9;-229
211884.6;-244
211892.3;-236
211900.0;-267
211907.7;-237
211915.4;-274
211923.1;-264
211930.8;-274
211938.5;-243
211946.2;-249
211953.8;-236
211961.5;-248
211969.2;-263
211976.9;-255
211984.6;-263
211992.3;-226
212000.0;-220
212007.7;-183
212015.4;-196
212023.1;-165
212030.8;-141
212038.5;-48
212046.2;126
212053.8;522
212061.5;930
212069.2;1325
212076.9;1438
212084.6;838
212092.3;171
212100.0;-111
212107.7;-134
212115.4;-216
212123.1;-259
212130.8;-302
212138.5;-292
212146.2;-313
212153.8;-296
212161.5;-300
212169.2;-305
212176.9;-287
212184.6;-283
212192.3;-270
212200.0;-282
212207.7;-253
212215.4;-252
212223.1;-229
212230.8;-257
212238.5;-258
212246.2;-252
212253.8;-213
212261.5;-206
212269.2;-200
212276.9;-185
212284.6;-194
212292.3;-155
212300.0;-144
212307.7;-118
212315.4;-146
212323.1;-150
212330.8;-185
212338.5;-190
212346.2;-209
212353.8;-228
212361.5;-240
212369.2;-248
212376.9;-258
212384.6;-263
212392.3;-231
212400.0;-243
212407.7;-234
212415.4;-261
212423.1;-234
212430.8;-259
212438.5;-231
212446.2;-245
212453.8;-249
212461.5;-249
212469.2;-257
212476.9;-258
212484.6;-261
212492.3;-234
212500.0;-240
212507.7;-205
212515.4;-226
212523.1;-213
212530.8;-238
212538.5;-213
212546.2;-229
212553.8;-212
212561.5;-213
212569.2;-207
212576.9;-197
212584.6;-216
212592.3;-201
212600.0;-240
212607.7;-202
212615.4;-217
212623.1;-216
212630.8;-242
212638.5;-238
212646.2;-251
212653.8;-235
212661.5;-222
212669.2;-210
212676.9;-196
212684.6;-195
212692.3;-189
212700.0;-206
212707.7;-178
212715.4;-187
212723.1;-106
212730.8;4
212738.5;341
212746.2;780
212753.8;1221
212761.5;1438
212769.2;1025
212776.9;321
212784.6;-70
212792.3;-138
212800.0;-171
212807.7;-214
212815.4;-263
212823.1;-257
212830.8;-286
212838.5;-277
212846.2;-299
212853.8;-296
212861.5;-302
212869.2;-311
212876.9;-286
212884.6;-299
212892.3;-276
212900.0;-298
212907.7;-279
212915.4;-285
212923.1;-250
212930.8;-257
212938.5;-226
212946.2;-237
212953.8;-225
212961.5;-206
212969.2;-177
212976.9;-152
212984.6;-163
212992.3;-134
213000.0;-147
213007.7;-118
213015.4;-178
213023.1;-199
213030.8;-237
213038.5;-223
213046.2;-236
213053.8;-236
213061.5;-239
213069.2;-246
213076.9;-263
213084.6;-268
213092.3;-248
213100.0;-268
213107.7;-244
213115.4;-265
213123.1;-247
213130.8;-281
213138.5;-276
213146.2;-292
213153.8;-269
213161.5;-266
213169.2;-266
213176.9;-275
213184.6;-274
213192.3;-245
213200.0;-259
213207.7;-224
213215.4;-221
213223.1;-189
213230.8;-219
213238.5;-210
213246.2;-234
213253.8;-228
213261.5;-224
213269.2;-226
213276.9;-200
213284.6;-174
213292.3;-13
213300.0;333
213307.7;805
213315.4;1232
213323.1;1437
213330.8;902
213338.5;195
213346.2;-136
213353.8;-153
213361.5;-171
213369.2;-231
213376.9;-248
213384.6;-282
213392.3;-282
213400.0;-314
213407.7;-292
213415.4;-311
213423.1;-293
213430.8;-330
213438.5;-309
213446.2;-330
213453.8;-293
213461.5;-264
213469.2;-256
213476.9;-219
213484.6;-203
213492.3;-171
213500.0;-168
213507.7;-119
213515.4;-126
213523.1;-68
213530.8;-101
213538.5;-81
213546.2;-101
213553.8;-109
213561.5;-143
213569.2;-174
213576.9;-201
213584.6;-238
213592.3;-241
213600.0;-275
213607.7;-247
213615.4;-290
213623.1;-260
213630.8;-269
213638.5;-247
213646.2;-242
213653.8;-231
213661.5;-241
213669.2;-246
213676.9;-240
213684.6;-249
213692.3;-230
213700.0;-242
213707.7;-220
213715.4;-249
213723.1;-235
213730.8;-276
213738.5;-264
213746.2;-270
213753.8;-255
213761.5;-230
213769.2;-199
213776.9;-176
213784.6;-127
213792.3;-2
213800.0;246
213807.7;647
213815.4;1040
213823.1;1408
213830.8;1344
213838.5;705
213846.2;42
213853.8;-202
213861.5;-184
213869.2;-217
213876.9;-277
213884.6;-315
213892.3;-328
213900.0;-358
213907.7;-346
213915.4;-370
213923.1;-362
213930.8;-362
213938.5;-350
213946.2;-348
213953.8;-320
213961.5;-300
213969.2;-300
213976.9;-261
213984.6;-264
213992.3;-236
214000.0;-219
214007.7;-196
214015.4;-186
214023.1;-152
214030.8;-151
214038.5;-132
214046.2;-146
214053.8;-148
214061.5;-166
214069.2;-189
214076.9;-212
214084.6;-250
214092.3;-252
214100.0;-292
214107.7;-275
214115.4;-308
214123.1;-286
214130.8;-304
214138.5;-281
214146.2;-283
214153.8;-257
214161.5;-246
214169.2;-245
214176.9;-237
214184.6;-253
214192.3;-255
214200.0;-273
214207.7;-256
214215.4;-280
214223.1;-252
214230.8;-281
214238.5;-270
214246.2;-272
214253.8;-270
214261.5;-268
214269.2;-249
214276.9;-238
214284.6;-278
214292.3;-259
214300.0;-270
214307.7;-241
214315.4;-264
214323.1;-224
214330.8;-238
214338.5;-230
214346.2;-253
214353.8;-252
214361.5;-254
214369.2;-264
214376.9;-252
214384.6;-266
214392.3;-239
214400.0;-271
214407.7;-256
214415.4;-282
214423.1;-265
214430.8;-298
214438.5;-279
214446.2;-292
214453.8;-267
214461.5;-261
214469.2;-252
214476.9;-242
214484.6;-251
214492.3;-227
214500.0;-241
214507.7;-222
214515.4;-242
214523.1;-232
214530.8;-242
214538.5;-225
214546.2;-245
214553.8;-233
214561.5;-236
214569.2;-240
214576.9;-238
214584.6;-239
214592.3;-186
214600.0;-147
214607.7;26
214615.4;379
214623.1;843
214630.8;1269
214638.5;1528
214646.2;1098
214653.8;384
214661.5;-38
214669.2;-138
214676.9;-140
214684.6;-211
214692.3;-225
214700.0;-287
214707.7;-266
214715.4;-318
214723.1;-305
214730.8;-330
214738.5;-319
214746.2;-334
214753.8;-320
214761.5;-325
214769.2;-315
214776.9;-285
214784.6;-279
214792.3;-266
214800.0;-258
214807.7;-222
214815.4;-232
214823.1;-175
214830.8;-184
214838.5;-147
214846.2;-165
214853.8;-125
214861.5;-121
214869.2;-98
214876.9;-91
214884.6;-107
214892.3;-118
214900.0;-164
214907.7;-165
214915.4;-214
214923.1;-197
214930.8;-239
214938.5;-238
214946.2;-258
214953.8;-230
214961.5;-234
214969.2;-224
214976.9;-201
214984.6;-205
214992.3;-174
215000.0;-184
215007.7;-185
215015.4;-193
215023.1;-165
215030.8;-197
215038.5;-180
215046.2;-207
215053.8;-195
215061.5;-199
215069.2;-207
215076.9;-196
215084.6;-210
215092.3;-206
215100.0;-228
215107.7;-197
215115.4;-236
215123.1;-218
215130.8;-246
215138.5;-216
215146.2;-241
215153.8;-217
215161.5;-221
215169.2;-219
215176.9;-194
215184.6;-158
215192.3;-83
215200.0;-31
215207.7;259
215215.4;653
215223.1;1125
215230.8;1437
215238.5;1333
215246.2;661
215253.8;123
215261.5;-116
215269.2;-166
215276.9;-200
215284.6;-245
215292.3;-239
215300.0;-292
215307.7;-288
215315.4;-316
215323.1;-301
215330.8;-327
215338.5;-306
215346.2;-316
215353.8;-309
215361.5;-305
215369.2;-297
215376.9;-264
215384.6;-285
215392.3;-256
215400.0;-272
215407.7;-232
215415.4;-235
215423.1;-202
215430.8;-213
215438.5;-175
215446.2;-153
215453.8;-124
215461.5;-119
215469.2;-124
215476.9;-132
215484.6;-166
215492.3;-162
215500.0;-223
215507.7;-226
215515.4;-259
215523.1;-257
215530.8;-293
215538.5;-279
215546.2;-286
215553.8;-267
215561.5;-264
215569.2;-282
215576.9;-273
215584.6;-291
215592.3;-272
215600.0;-277
215607.7;-258
215615.4;-276
215623.1;-264
215630.8;-289
215638.5;-279
215646.2;-290
215653.8;-281
215661.5;-281
215669.2;-277
215676.9;-279
215684.6;-281
215692.3;-282
215700.0;-290
215707.7;-260
215715.4;-273
215723.1;-243
215730.8;-231
215738.5;-145
215746.2;-74
215753.8;226
215761.5;624
215769.2;1033
215776.9;1351
215784.6;1180
215792.3;566
215800.0;48
215807.7;-103
215815.4;-140
215823.1;-173
215830.8;-246
215838.5;-264
215846.2;-307
215853.8;-300
215861.5;-328
215869.2;-337
215876.9;-338
215884.6;-356
215892.3;-340
215900.0;-329
215907.7;-296
215915.4;-303
215923.1;-266
215930.8;-288
215938.5;-247
215946.2;-257
215953.8;-226
215961.5;-179
215969.2;-164
215976.9;-154
215984.6;-149
215992.3;-137
216000.0;-140
216007.7;-105
216015.4;-135
216023.1;-154
216030.8;-198
216038.5;-203
216046.2;-251
216053.8;-240
216061.5;-250
216069.2;-271
216076.9;-277
216084.6;-284
216092.3;-276
216100.0;-299
216107.7;-266
216115.4;-282
216123.1;-260
216130.8;-281
216138.5;-246
216146.2;-236
216153.8;-223
216161.5;-239
216169.2;-242
216176.9;-251
216184.6;-266
216192.3;-241
216200.0;-270
216207.7;-235
216215.4;-272
216223.1;-248
216230.8;-270
216238.5;-245
216246.2;-255
216253.8;-255
216261.5;-266
216269.2;-266
216276.9;-261
216284.6;-284
216292.3;-255
216300.0;-286
216307.7;-231
216315.4;-237
216323.1;-212
216330.8;-237
216338.5;-219
216346.2;-232
216353.8;-231
216361.5;-239
216369.2;-248
216376.9;-242
216384.6;-263
216392.3;-251
216400.0;-272
216407.7;-263
216415.4;-293
216423.1;-275
216430.8;-295
216438.5;-279
216446.2;-301
216453.8;-302
216461.5;-301
216469.2;-287
216476.9;-275
216484.6;-257
216492.3;-237
216500.0;-246
216507.7;-229
216515.4;-255
216523.1;-237
216530.8;-266
216538.5;-240
216546.2;-242
216553.8;-198
216561.5;-190
216569.2;-165
216576.9;-129
216584.6;-76
216592.3;58
216600.0;396
216607.7;871
216615.4;1274
216623.1;1558
216630.8;1186
216638.5;459
216646.2;-51
216653.8;-168
216661.5;-137
216669.2;-163
216676.9;-220
216684.6;-253
216692.3;-257
216700.0;-285
216707.7;-263
216715.4;-305
216723.1;-282
216730.8;-313
216738.5;-295
216746.2;-324
216753.8;-319
216761.5;-326
216769.2;-295
216776.9;-263
216784.6;-265
216792.3;-234
216800.0;-246
216807.7;-220
216815.4;-243
216823.1;-202
216830.8;-205
216838.5;-192
216846.2;-195
216853.8;-175
216861.5;-170
216869.2;-172
216876.9;-154
216884.6;-167
216892.3;-157
216900.0;-176
216907.7;-179
216915.4;-207
216923.1;-215
216930.8;-250
216938.5;-230
216946.2;-246
216953.8;-211
216961.5;-199
216969.2;-189
216976.9;-187
216984.6;-199
216992.3;-180
217000.0;-214
217007.7;-187
217015.4;-196
217023.1;-174
217030.8;-202
217038.5;-172
217046.2;-187
217053.8;-171
217061.5;-190
217069.2;-199
217076.9;-197
217084.6;-206
217092.3;-178
217100.0;-201
217107.7;-185
217115.4;-195
217123.1;-201
217130.8;-241
217138.5;-207
217146.2;-202
217153.8;-202
217161.5;-232
217169.2;-234
217176.9;-243
217184.6;-267
217192.3;-249
217200.0;-268
217207.7;-237
217215.4;-267
217223.1;-242
217230.8;-263
217238.5;-249
217246.2;-262
217253.8;-244
217261.5;-252
217269.2;-266
217276.9;-248
217284.6;-251
217292.3;-214
217300.0;-224
217307.7;-175
217315.4;-177
217323.1;-94
217330.8;-24
217338.5;245
217346.2;642
217353.8;1115
217361.5;1543
217369.2;1531
217376.9;839
217384.6;100
217392.3;-194
217400.0;-184
217407.7;-175
217415.4;-247
217423.1;-255
217430.8;-295
217438.5;-294
217446.2;-315
217453.8;-304
217461.5;-303
217469.2;-300
217476.9;-300
217484.6;-303
217492.3;-292
217500.0;-307
217507.7;-297
217515.4;-303
217523.1;-264
217530.8;-285
217538.5;-253
217546.2;-250
217553.8;-207
217561.5;-179
217569.2;-168
217576.9;-185
217584.6;-192
217592.3;-180
217600.0;-214
217607.7;-192
217615.4;-229
217623.1;-207
217630.8;-241
217638.5;-230
217646.2;-269
217653.8;-266
217661.5;-291
217669.2;-301
217676.9;-305
217684.6;-315
217692.3;-301
217700.0;-321
217707.7;-283
217715.4;-302
217723.1;-282
217730.8;-289
217738.5;-242
217746.2;-229
217753.8;-216
217761.5;-221
217769.2;-221
217776.9;-212
217784.6;-228
217792.3;-208
217800.0;-232
217807.7;-205
217815.4;-224
217823.1;-217
217830.8;-256
217838.5;-245
217846.2;-267
217853.8;-263
217861.5;-263
217869.2;-250
217876.9;-249
217884.6;-257
217892.3;-252
217900.0;-274
217907.7;-250
217915.4;-263
217923.1;-209
217930.8;-214
217938.5;-208
217946.2;-221
217953.8;-198
217961.5;-190
217969.2;-193
217976.9;-216
217984.6;-241
217992.3;-234
218000.0;-267
218007.7;-257
218015.4;-281
218023.1;-260
218030.8;-281
218038.5;-263
218046.2;-275
218053.8;-266
218061.5;-271
218069.2;-265
218076.9;-254
218084.6;-261
218092.3;-232
218100.0;-239
218107.7;-199
218115.4;-177
218123.1;-161
218130.8;-193
218138.5;-174
218146.2;-190
218153.8;-177
218161.5;-179
218169.2;-195
218176.9;-178
218184.6;-167
218192.3;-106
218200.0;-28
218207.7;271
218215.4;698
218223.1;1166
218230.8;1469
218238.5;1330
218246.2;653
218253.8;149
218261.5;-74
218269.2;-125
218276.9;-179
218284.6;-248
218292.3;-248
218300.0;-271
218307.7;-264
218315.4;-289
218323.1;-246
218330.8;-240
218338.5;-220
218346.2;-238
218353.8;-238
218361.5;-254
218369.2;-244
218376.9;-236
218384.6;-243
218392.3;-224
218400.0;-238
218407.7;-207
218415.4;-243
218423.1;-225
218430.8;-229
218438.5;-178
218446.2;-186
218453.8;-153
218461.5;-138
218469.2;-118
218476.9;-116
218484.6;-136
218492.3;-136
218500.0;-187
218507.7;-191
218515.4;-231
218523.1;-183
218530.8;-200
218538.5;-182
218546.2;-205
218553.8;-199
218561.5;-212
218569.2;-218
218576.9;-225
218584.6;-226
218592.3;-209
218600.0;-222
218607.7;-207
218615.4;-233
218623.1;-217
218630.8;-241
218638.5;-231
218646.2;-242
218653.8;-223
218661.5;-235
218669.2;-230
218676.9;-241
218684.6;-241
218692.3;-207
218700.0;-190
218707.7;-161
218715.4;-187
218723.1;-162
218730.8;-176
218738.5;-145
218746.2;-186
218753.8;-186
218761.5;-215
218769.2;-247
218776.9;-256
218784.6;-272
218792.3;-262
218800.0;-291
218807.7;-265
218815.4;-293
218823.1;-268
218830.8;-291
218838.5;-266
218846.2;-280
218853.8;-262
218861.5;-267
218869.2;-269
218876.9;-252
218884.6;-225
218892.3;-184
218900.0;-200
218907.7;-182
218915.4;-205
218923.1;-174
218930.8;-210
218938.5;-197
218946.2;-234
218953.8;-235
218961.5;-236
218969.2;-244
218976.9;-228
218984.6;-230
218992.3;-190
219000.0;-162
219007.7;-54
219015.4;150
219023.1;588
219030.8;1024
219038.5;1430
219046.2;1306
219053.8;637
219061.5;90
219069.2;-64
219076.9;-103
219084.6;-192
219092.3;-233
219100.0;-285
219107.7;-288
219115.4;-334
219123.1;-315
219130.8;-329
219138.5;-308
219146.2;-314
219153.8;-302
219161.5;-319
219169.2;-306
219176.9;-299
219184.6;-299
219192.3;-269
219200.0;-278
219207.7;-242
219215.4;-262
219223.1;-225
219230.8;-246
219238.5;-222
219246.2;-204
219253.8;-155
219261.5;-141
219269.2;-136
219276.9;-139
219284.6;-172
219292.3;-195
219300.0;-223
219307.7;-213
219315.4;-255
219323.1;-253
219330.8;-299
219338.5;-285
219346.2;-303
219353.8;-301
219361.5;-304
219369.2;-304
219376.9;-306
219384.6;-309
219392.3;-293
219400.0;-317
219407.7;-296
219415.4;-312
219423.1;-245
219430.8;-255
219438.5;-230
219446.2;-245
219453.8;-241
219461.5;-236
219469.2;-235
219476.9;-253
219484.6;-258
219492.3;-245
219500.0;-272
219507.7;-266
219515.4;-291
219523.1;-278
219530.8;-311
219538.5;-290
219546.2;-304
219553.8;-307
219561.5;-303
219569.2;-303
219576.9;-298
219584.6;-302
219592.3;-300
219600.0;-313
219607.7;-274
219615.4;-274
219623.1;-219
219630.8;-241
219638.5;-242
219646.2;-258
219653.8;-258
219661.5;-269
219669.2;-267
219676.9;-251
219684.6;-277
219692.3;-266
219700.0;-278
219707.7;-256
219715.4;-276
219723.1;-252
219730.8;-280
219738.5;-251
219746.2;-282
219753.8;-257
219761.5;-254
219769.2;-240
219776.9;-236
219784.6;-254
219792.3;-261
219800.0;-261
219807.7;-237
219815.4;-254
219823.1;-189
219830.8;-196
219838.5;-185
219846.2;-210
219853.8;-203
219861.5;-215
219869.2;-217
219876.9;-233
219884.6;-234
219892.3;-226
219900.0;-247
219907.7;-222
219915.4;-229
219923.1;-205
219930.8;-224
219938.5;-187
219946.2;-216
219953.8;-208
219961.5;-197
219969.2;-205
219976.9;-208
219984.6;-220
219992.3;-197
220000.0;-206
220007.7;-192
220015.4;-218
220023.1;-201
220030.8;-236
220038.5;-221
220046.2;-223
220053.8;-203
220061.5;-205
220069.2;-189
220076.9;-188
220084.6;-194
220092.3;-174
220100.0;-179
220107.7;-165
220115.4;-185
220123.1;-143
220130.8;-168
220138.5;-110
220146.2;-68
220153.8;72
220161.5;401
220169.2;930
220176.9;1394
220184.6;1695
220192.3;1316
220200.0;460
220207.7;-95
220215.4;-200
220223.1;-121
220230.8;-206
220238.5;-209
220246.2;-258
220253.8;-240
220261.5;-259
220269.2;-262
220276.9;-252
220284.6;-260
220292.3;-247
220300.0;-273
220307.7;-258
220315.4;-280
220323.1;-262
220330.8;-283
220338.5;-238
220346.2;-220
220353.8;-199
220361.5;-192
220369.2;-184
220376.9;-172
220384.6;-183
220392.3;-180
220400.0;-176
220407.7;-147
220415.4;-165
220423.1;-134
220430.8;-145
220438.5;-129
220446.2;-149
220453.8;-152
220461.5;-175
220469.2;-186
220476.9;-206
220484.6;-232
220492.3;-229
220500.0;-248
220507.7;-219
220515.4;-239
220523.1;-190
220530.8;-176
220538.5;-150
220546.2;-174
220553.8;-150
220561.5;-159
220569.2;-123
220576.9;-71
220584.6;158
220592.3;657
220600.0;1214
220607.7;1615
220615.4;1381
220623.1;677
220630.8;46
220638.5;-120
220646.2;-167
220653.8;-192
220661.5;-247
220669.2;-260
220676.9;-297
220684.6;-326
220692.3;-317
220700.0;-335
220707.7;-321
220715.4;-319
220723.1;-295
220730.8;-315
220738.5;-271
220746.2;-288
220753.8;-268
220761.5;-266
220769.2;-237
220776.9;-221
220784.6;-199
220792.3;-163
220800.0;-144
220807.7;-83
220815.4;-70
220823.1;-12
220830.8;-31
220838.5;1
220846.2;-16
220853.8;-23
220861.5;-66
220869.2;-110
220876.9;-166
220884.6;-208
220892.3;-192
220900.0;-211
220907.7;-187
220915.4;-198
220923.1;-179
220930.8;-167
220938.5;-83
220946.2;169
220953.8;557
220961.5;957
220969.2;1284
220976.9;1246
220984.6;749
220992.3;225
221000.0;-108
221007.7;-197
221015.4;-257
221023.1;-304
221030.8;-372
221038.5;-373
221046.2;-415
221053.8;-418
221061.5;-450
221069.2;-474
221076.9;-457
221084.6;-442
221092.3;-420
221100.0;-426
221107.7;-392
221115.4;-403
221123.1;-361
221130.8;-370
221138.5;-343
221146.2;-348
221153.8;-290
221161.5;-290
221169.2;-279
221176.9;-248
221184.6;-229
221192.3;-196
221200.0;-203
221207.7;-173
221215.4;-208
221223.1;-200
221230.8;-253
221238.5;-262
221246.2;-297
221253.8;-287
221261.5;-285
221269.2;-279
221276.9;-285
221284.6;-287
221292.3;-272
221300.0;-285
221307.7;-266
221315.4;-294
221323.1;-268
221330.8;-295
221338.5;-278
221346.2;-306
221353.8;-294
221361.5;-311
221369.2;-316
221376.9;-328
221384.6;-344
221392.3;-353
221400.0;-392
221407.7;-372
221415.4;-408
221423.1;-362
221430.8;-340
221438.5;-284
221446.2;-294
221453.8;-268
221461.5;-271
221469.2;-264
221476.9;-261
221484.6;-280
221492.3;-272
221500.0;-293
221507.7;-271
221515.4;-302
221523.1;-282
221530.8;-317
221538.5;-295
221546.2;-328
221553.8;-316
221561.5;-332
221569.2;-330
221576.9;-346
221584.6;-368
221592.3;-329
221600.0;-320
221607.7;-282
221615.4;-276
221623.1;-234
221630.8;-251
221638.5;-221
221646.2;-248
221653.8;-230
221661.5;-229
221669.2;-178
221676.9;-71
221684.6;209
221692.3;602
221700.0;966
221707.7;1301
221715.4;1176
221723.1;582
221730.8;-1
221738.5;-230
221746.2;-275
221753.8;-296
221761.5;-364
221769.2;-366
221776.9;-370
221784.6;-379
221792.3;-371
221800.0;-374
221807.7;-354
221815.4;-370
221823.1;-358
221830.8;-392
221838.5;-374
221846.2;-397
221853.8;-384
221861.5;-417
221869.2;-419
221876.9;-411
221884.6;-423
221892.3;-410
221900.0;-437
221907.7;-414
221915.4;-414
221923.1;-365
221930.8;-381
221938.5;-344
221946.2;-332
221953.8;-286
221961.5;-278
221969.2;-251
221976.9;-249
221984.6;-252
221992.3;-237
222000.0;-258
222007.7;-256
222015.4;-293
222023.1;-280
222030.8;-325
222038.5;-307
222046.2;-335
222053.8;-327
222061.5;-333
222069.2;-326
222076.9;-327
222084.6;-340
222092.3;-323
222100.0;-323
222107.7;-296
222115.4;-305
222123.1;-260
222130.8;-298
222138.5;-262
222146.2;-280
222153.8;-246
222161.5;-248
222169.2;-184
222176.9;-45
222184.6;244
222192.3;574
222200.0;945
222207.7;1222
222215.4;1083
222223.1;611
222230.8;56
222238.5;-149
222246.2;-284
222253.8;-300
222261.5;-373
222269.2;-416
222276.9;-450
222284.6;-465
222292.3;-460
222300.0;-479
222307.7;-479
222315.4;-496
222323.1;-470
222330.8;-485
222338.5;-463
222346.2;-452
222353.8;-427
222361.5;-425
222369.2;-396
222376.9;-392
222384.6;-378
222392.3;-361
222400.0;-357
222407.7;-334
222415.4;-350
222423.1;-306
222430.8;-319
222438.5;-306
222446.2;-306
222453.8;-269
222461.5;-288
222469.2;-288
222476.9;-312
222484.6;-339
222492.3;-344
222500.0;-356
222507.7;-330
222515.4;-357
222523.1;-339
222530.8;-369
222538.5;-359
222546.2;-381
222553.8;-363
222561.5;-372
222569.2;-364
222576.9;-376
222584.6;-369
222592.3;-347
222600.0;-372
222607.7;-354
222615.4;-366
222623.1;-336
222630.8;-355
222638.5;-324
222646.2;-335
222653.8;-309
222661.5;-310
222669.2;-293
222676.9;-292
222684.6;-307
222692.3;-310
222700.0;-325
222707.7;-317
222715.4;-348
222723.1;-337
222730.8;-366
222738.5;-355
222746.2;-359
222753.8;-332
222761.5;-342
222769.2;-333
222776.9;-332
222784.6;-345
222792.3;-336
222800.0;-347
222807.7;-315
222815.4;-313
222823.1;-280
222830.8;-289
222838.5;-266
222846.2;-304
222853.8;-297
222861.5;-308
222869.2;-305
222876.9;-296
222884.6;-306
222892.3;-300
222900.0;-308
222907.7;-266
222915.4;-267
222923.1;-188
222930.8;-105
222938.5;181
222946.2;593
222953.8;1052
222961.5;1426
222969.2;1446
222976.9;797
222984.6;108
222992.3;-250
223000.0;-287
223007.7;-236
223015.4;-318
223023.1;-303
223030.8;-361
223038.5;-346
223046.2;-380
223053.8;-357
223061.5;-377
223069.2;-367
223076.9;-358
223084.6;-370
223092.3;-363
223100.0;-383
223107.7;-350
223115.4;-378
223123.1;-351
223130.8;-389
223138.5;-355
223146.2;-356
223153.8;-339
223161.5;-346
223169.2;-331
223176.9;-303
223184.6;-303
223192.3;-273
223200.0;-273
223207.7;-239
223215.4;-237
223223.1;-214
223230.8;-220
223238.5;-197
223246.2;-213
223253.8;-211
223261.5;-239
223269.2;-249
223276.9;-273
223284.6;-289
223292.3;-296
223300.0;-311
223307.7;-301
223315.4;-320
223323.1;-289
223330.8;-308
223338.5;-294
223346.2;-318
223353.8;-299
223361.5;-310
223369.2;-283
223376.9;-263
223384.6;-259
223392.3;-245
223400.0;-259
223407.7;-240
223415.4;-263
223423.1;-256
223430.8;-274
223438.5;-258
223446.2;-289
223453.8;-272
223461.5;-278
223469.2;-257
223476.9;-270
223484.6;-260
223492.3;-257
223500.0;-282
223507.7;-269
223515.4;-299
223523.1;-276
223530.8;-310
223538.5;-291
223546.2;-313
223553.8;-309
223561.5;-308
223569.2;-303
223576.9;-309
223584.6;-331
223592.3;-323
223600.0;-335
223607.7;-312
223615.4;-337
223623.1;-304
223630.8;-333
223638.5;-315
223646.2;-340
223653.8;-315
223661.5;-332
223669.2;-302
223676.9;-286
223684.6;-290
223692.3;-278
223700.0;-298
223707.7;-269
223715.4;-278
223723.1;-253
223730.8;-284
223738.5;-271
223746.2;-278
223753.8;-262
223761.5;-285
223769.2;-275
223776.9;-278
223784.6;-265
223792.3;-265
223800.0;-287
223807.7;-265
223815.4;-267
223823.1;-192
223830.8;-165
223838.5;-23
223846.2;247
223853.8;677
223861.5;1095
223869.2;1448
223876.9;1196
223884.6;475
223892.3;-36
223900.0;-200
223907.7;-177
223915.4;-263
223923.1;-300
223930.8;-340
223938.5;-334
223946.2;-364
223953.8;-346
223961.5;-372
223969.2;-359
223976.9;-365
223984.6;-373
223992.3;-366
224000.0;-379
224007.7;-349
224015.4;-346
224023.1;-326
224030.8;-343
224038.5;-315
224046.2;-333
224053.8;-308
224061.5;-323
224069.2;-304
224076.9;-295
224084.6;-297
224092.3;-282
224100.0;-286
224107.7;-249
224115.4;-265
224123.1;-233
224130.8;-263
224138.5;-241
224146.2;-281
224153.8;-272
224161.5;-274
224169.2;-273
224176.9;-300
224184.6;-320
224192.3;-305
224200.0;-322
224207.7;-308
224215.4;-332
224223.1;-305
224230.8;-325
224238.5;-291
224246.2;-317
224253.8;-290
224261.5;-308
224269.2;-302
224276.9;-290
224284.6;-290
224292.3;-274
224300.0;-286
224307.7;-249
224315.4;-276
224323.1;-262
224330.8;-297
224338.5;-288
224346.2;-297
224353.8;-287
224361.5;-314
224369.2;-304
224376.9;-308
224384.6;-312
224392.3;-314
224400.0;-339
224407.7;-325
224415.4;-334
224423.1;-283
224430.8;-293
224438.5;-265
224446.2;-274
224453.8;-198
224461.5;-139
224469.2;34
224476.9;376
224484.6;814
224492.3;1238
224500.0;1389
224507.7;998
224515.4;287
224523.1;-59
224530.8;-204
224538.5;-212
224546.2;-321
224553.8;-336
224561.5;-389
224569.2;-402
224576.9;-417
224584.6;-439
224592.3;-430
224600.0;-417
224607.7;-385
224615.4;-361
224623.1;-319
224630.8;-323
224638.5;-281
224646.2;-303
224653.8;-270
224661.5;-290
224669.2;-256
224676.9;-251
224684.6;-234
224692.3;-214
224700.0;-229
224707.7;-216
224715.4;-242
224723.1;-245
224730.8;-274
224738.5;-274
224746.2;-298
224753.8;-308
224761.5;-339
224769.2;-353
224776.9;-362
224784.6;-341
224792.3;-331
224800.0;-332
224807.7;-320
224815.4;-348
224823.1;-326
224830.8;-349
224838.5;-329
224846.2;-366
224853.8;-348
224861.5;-367
224869.2;-375
224876.9;-383
224884.6;-373
224892.3;-378
224900.0;-364
224907.7;-328
224915.4;-363
224923.1;-319
224930.8;-331
224938.5;-297
224946.2;-314
224953.8;-286
224961.5;-295
224969.2;-285
224976.9;-293
224984.6;-293
224992.3;-291
225000.0;-298
225007.7;-309
225015.4;-336
225023.1;-325
225030.8;-355
225038.5;-344
225046.2;-365
225053.8;-340
225061.5;-347
225069.2;-332
225076.9;-323
225084.6;-335
225092.3;-328
225100.0;-327
225107.7;-315
225115.4;-351
225123.1;-331
225130.8;-345
225138.5;-270
225146.2;-299
225153.8;-273
225161.5;-276
225169.2;-249
225176.9;-232
225184.6;-223
225192.3;-159
225200.0;-84
225207.7;185
225215.4;597
225223.1;1041
225230.8;1369
225238.5;1141
225246.2;352
225253.8;-134
225261.5;-265
225269.2;-251
225276.9;-328
225284.6;-377
225292.3;-407
225300.0;-418
225307.7;-393
225315.4;-377
225323.1;-342
225330.8;-359
225338.5;-340
225346.2;-370
225353.8;-348
225361.5;-353
225369.2;-322
225376.9;-305
225384.6;-312
225392.3;-296
225400.0;-304
225407.7;-282
225415.4;-293
225423.1;-262
225430.8;-280
225438.5;-239
225446.2;-258
225453.8;-215
225461.5;-217
225469.2;-176
225476.9;-173
225484.6;-181
225492.3;-198
225500.0;-229
225507.7;-230
225515.4;-273
225523.1;-261
225530.8;-311
225538.5;-297
225546.2;-328
225553.8;-313
225561.5;-337
225569.2;-307
225576.9;-307
225584.6;-322
225592.3;-306
225600.0;-316
225607.7;-301
225615.4;-301
225623.1;-270
225630.8;-276
225638.5;-253
225646.2;-278
225653.8;-252
225661.5;-271
225669.2;-259
225676.9;-276
225684.6;-277
225692.3;-293
225700.0;-297
225707.7;-306
225715.4;-327
225723.1;-319
225730.8;-339
225738.5;-305
225746.2;-310
225753.8;-301
225761.5;-316
225769.2;-314
225776.9;-317
225784.6;-292
225792.3;-247
225800.0;-214
225807.7;-135
225815.4;-42
225823.1;276
225830.8;698
225838.5;1184
225846.2;1479
225853.8;1147
225861.5;319
225869.2;-195
225876.9;-305
225884.6;-262
225892.3;-300
225900.0;-346
225907.7;-347
225915.4;-387
225923.1;-373
225930.8;-398
225938.5;-371
225946.2;-400
225953.8;-355
225961.5;-348
225969.2;-320
225976.9;-309
225984.6;-292
225992.3;-290
226000.0;-304
226007.7;-263
226015.4;-281
226023.1;-244
226030.8;-265
226038.5;-241
226046.2;-257
226053.8;-224
226061.5;-240
226069.2;-228
226076.9;-245
226084.6;-254
226092.3;-270
226100.0;-300
226107.7;-296
226115.4;-314
226123.1;-306
226130.8;-339
226138.5;-331
226146.2;-358
226153.8;-343
226161.5;-370
226169.2;-360
226176.9;-374
226184.6;-380
226192.3;-381
226200.0;-371
226207.7;-353
226215.4;-364
226223.1;-353
226230.8;-385
226238.5;-359
226246.2;-378
226253.8;-347
226261.5;-347
226269.2;-319
226276.9;-313
226284.6;-288
226292.3;-293
226300.0;-309
226307.7;-295
226315.4;-327
226323.1;-314
226330.8;-331
226338.5;-299
226346.2;-319
226353.8;-311
226361.5;-298
226369.2;-287
226376.9;-293
226384.6;-289
226392.3;-232
226400.0;-162
226407.7;93
226415.4;475
226423.1;947
226430.8;1302
226438.5;1273
226446.2;661
226453.8;85
226461.5;-194
226469.2;-214
226476.9;-252
226484.6;-300
226492.3;-332
226500.0;-366
226507.7;-366
226515.4;-390
226523.1;-369
226530.8;-399
226538.5;-375
226546.2;-393
226553.8;-376
226561.5;-379
226569.2;-362
226576.9;-353
226584.6;-339
226592.3;-332
226600.0;-340
226607.7;-312
226615.4;-320
226623.1;-296
226630.8;-307
226638.5;-253
226646.2;-237
226653.8;-196
226661.5;-197
226669.2;-196
226676.9;-210
226684.6;-207
226692.3;-229
226700.0;-280
226707.7;-279
226715.4;-309
226723.1;-295
226730.8;-325
226738.5;-309
226746.2;-336
226753.8;-327
226761.5;-344
226769.2;-342
226776.9;-351
226784.6;-356
226792.3;-354
226800.0;-370
226807.7;-369
226815.4;-380
226823.1;-342
226830.8;-343
226838.5;-299
226846.2;-298
226853.8;-224
226861.5;-141
226869.2;152
226876.9;536
226884.6;976
226892.3;1362
226900.0;1405
226907.7;934
226915.4;195
226923.1;-117
226930.8;-257
226938.5;-287
226946.2;-382
226953.8;-399
226961.5;-446
226969.2;-443
226976.9;-465
226984.6;-464
226992.3;-466
227000.0;-482
227007.7;-465
227015.4;-477
227023.1;-449
227030.8;-454
227038.5;-390
227046.2;-416
227053.8;-382
227061.5;-390
227069.2;-362
227076.9;-355
227084.6;-323
227092.3;-297
227100.0;-284
227107.7;-249
227115.4;-244
227123.1;-214
227130.8;-239
227138.5;-218
227146.2;-265
227153.8;-266
227161.5;-304
227169.2;-305
227176.9;-334
227184.6;-360
227192.3;-364
227200.0;-366
227207.7;-355
227215.4;-370
227223.1;-342
227230.8;-361
227238.5;-346
227246.2;-367
227253.8;-348
227261.5;-370
227269.2;-357
227276.9;-358
227284.6;-349
227292.3;-350
227300.0;-365
227307.7;-358
227315.4;-363
227323.1;-344
227330.8;-359
227338.5;-319
227346.2;-344
227353.8;-318
227361.5;-349
227369.2;-330
227376.9;-347
227384.6;-347
227392.3;-339
227400.0;-349
227407.7;-336
227415.4;-353
227423.1;-342
227430.8;-368
227438.5;-346
227446.2;-367
227453.8;-355
227461.5;-375
227469.2;-372
227476.9;-365
227484.6;-357
227492.3;-355
227500.0;-342
227507.7;-311
227515.4;-339
227523.1;-313
227530.8;-356
227538.5;-331
227546.2;-351
227553.8;-345
227561.5;-347
227569.2;-336
227576.9;-339
227584.6;-342
227592.3;-341
227600.0;-357
227607.7;-350
227615.4;-371
227623.1;-352
227630.8;-357
227638.5;-342
227646.2;-371
227653.8;-364
227661.5;-382
227669.2;-375
227676.9;-374
227684.6;-336
227692.3;-347
227700.0;-372
227707.7;-353
227715.4;-373
227723.1;-347
227730.8;-354
227738.5;-333
227746.2;-348
227753.8;-327
227761.5;-342
227769.2;-323
227776.9;-327
227784.6;-297
227792.3;-293
227800.0;-287
227807.7;-276
227815.4;-300
227823.1;-290
227830.8;-316
227838.5;-287
227846.2;-317
227853.8;-294
227861.5;-310
227869.2;-274
227876.9;-241
227884.6;-156
227892.3;19
227900.0;390
227907.7;835
227915.4;1208
227923.1;1501
227930.8;1115
227938.5;389
227946.2;-139
227953.8;-247
227961.5;-194
227969.2;-234
227976.9;-261
227984.6;-287
227992.3;-304
228000.0;-339
228007.7;-338
228015.4;-350
228023.1;-350
228030.8;-376
228038.5;-360
228046.2;-392
228053.8;-374
228061.5;-374
228069.2;-333
228076.9;-328
228084.6;-303
228092.3;-299
228100.0;-289
228107.7;-265
228115.4;-271
228123.1;-237
228130.8;-245
228138.5;-221
228146.2;-218
228153.8;-174
228161.5;-196
228169.2;-154
228176.9;-162
228184.6;-156
228192.3;-152
228200.0;-172
228207.7;-168
228215.4;-188
228223.1;-172
228230.8;-204
228238.5;-191
228246.2;-231
228253.8;-203
228261.5;-241
228269.2;-234
228276.9;-245
228284.6;-240
228292.3;-225
228300.0;-244
228307.7;-233
228315.4;-241
228323.1;-220
228330.8;-257
228338.5;-256
228346.2;-261
228353.8;-242
228361.5;-243
228369.2;-215
228376.9;-210
228384.6;-200
228392.3;-188
228400.0;-198
228407.7;-198
228415.4;-206
228423.1;-194
228430.8;-224
228438.5;-214
228446.2;-240
228453.8;-231
228461.5;-254
228469.2;-239
228476.9;-252
228484.6;-256
228492.3;-259
228500.0;-268
228507.7;-264
228515.4;-281
228523.1;-276
228530.8;-288
228538.5;-242
228546.2;-233
228553.8;-200
228561.5;-201
228569.2;-152
228576.9;-111
228584.6;-15
228592.3;288
228600.0;750
228607.7;1226
228615.4;1586
228623.1;1396
228630.8;602
228638.5;9
228646.2;-205
228653.8;-177
228661.5;-240
228669.2;-280
228676.9;-308
228684.6;-305
228692.3;-309
228700.0;-317
228707.7;-310
228715.4;-319
228723.1;-307
228730.8;-305
228738.5;-291
228746.2;-306
228753.8;-271
228761.5;-282
228769.2;-264
228776.9;-243
228784.6;-235
228792.3;-222
228800.0;-211
228807.7;-202
228815.4;-197
228823.1;-163
228830.8;-170
228838.5;-136
228846.2;-157
228853.8;-145
228861.5;-168
228869.2;-176
228876.9;-211
228884.6;-225
228892.3;-242
228900.0;-259
228907.7;-269
228915.4;-287
228923.1;-277
228930.8;-297
228938.5;-288
228946.2;-314
228953.8;-307
228961.5;-319
228969.2;-280
228976.9;-290
228984.6;-260
228992.3;-261
229000.0;-270
229007.7;-258
229015.4;-265
229023.1;-246
229030.8;-276
229038.5;-243
229046.2;-273
229053.8;-257
229061.5;-266
229069.2;-264
229076.9;-279
229084.6;-278
229092.3;-286
229100.0;-297
229107.7;-288
229115.4;-296
229123.1;-281
229130.8;-304
229138.5;-273
229146.2;-311
229153.8;-281
229161.5;-302
229169.2;-281
229176.9;-290
229184.6;-289
229192.3;-280
229200.0;-285
229207.7;-249
229215.4;-259
229223.1;-231
229230.8;-264
229238.5;-247
229246.2;-284
229253.8;-274
229261.5;-287
229269.2;-275
229276.9;-286
229284.6;-267
229292.3;-260
229300.0;-243
229307.7;-244
229315.4;-257
229323.1;-199
229330.8;-180
229338.5;-87
229346.2;120
229353.8;508
229361.5;895
229369.2;1297
229376.9;1375
229384.6;860
229392.3;226
229400.0;-113
229407.7;-144
229415.4;-195
229423.1;-247
229430.8;-317
229438.5;-316
229446.2;-337
229453.8;-305
229461.5;-340
229469.2;-324
229476.9;-325
229484.6;-317
229492.3;-309
229500.0;-310
229507.7;-306
229515.4;-319
229523.1;-305
229530.8;-314
229538.5;-278
229546.2;-287
229553.8;-267
229561.5;-272
229569.2;-240
229576.9;-201
229584.6;-138
229592.3;-110
229600.0;-85
229607.7;-68
229615.4;-85
229623.1;-72
229630.8;-106
229638.5;-115
229646.2;-173
229653.8;-188
229661.5;-235
229669.2;-239
229676.9;-284
229684.6;-306
229692.3;-313
229700.0;-327
229707.7;-328
229715.4;-344
229723.1;-317
229730.8;-313
229738.5;-274
229746.2;-262
229753.8;-205
229761.5;-204
229769.2;-192
229776.9;-208
229784.6;-206
229792.3;-205
229800.0;-223
229807.7;-223
229815.4;-238
229823.1;-238
229830.8;-261
229838.5;-246
229846.2;-286
229853.8;-277
229861.5;-301
229869.2;-283
229876.9;-285
229884.6;-267
229892.3;-239
229900.0;-236
229907.7;-205
229915.4;-214
229923.1;-177
229930.8;-199
229938.5;-190
229946.2;-213
229953.8;-197
229961.5;-202
229969.2;-185
229976.9;-189
229984.6;-199
229992.3;-208
230000.0;-214
230007.7;-213
230015.4;-233
230023.1;-230
230030.8;-240
230038.5;-220
230046.2;-236
230053.8;-190
230061.5;-133
230069.2;7
230076.9;297
230084.6;732
230092.3;1156
230100.0;1434
230107.7;1256
230115.4;551
230123.1;101
230130.8;-83
230138.5;-104
230146.2;-192
230153.8;-240
230161.5;-288
230169.2;-308
230176.9;-331
230184.6;-312
230192.3;-316
230200.0;-327
230207.7;-308
230215.4;-317
230223.1;-301
230230.8;-305
230238.5;-270
230246.2;-270
230253.8;-215
230261.5;-227
230269.2;-207
230276.9;-200
230284.6;-176
230292.3;-158
230300.0;-153
230307.7;-136
230315.4;-153
230323.1;-130
230330.8;-151
230338.5;-128
230346.2;-155
230353.8;-152
230361.5;-193
230369.2;-210
230376.9;-234
230384.6;-256
230392.3;-270
230400.0;-293
230407.7;-270
230415.4;-271
230423.1;-218
230430.8;-274
230438.5;-87
